# Blender 4.3.2
# www.blender.org
mtllib helix.mtl
o Cylinder_Cylinder.007
v -0.002068 0.469684 -2.594744
v -0.069500 0.464240 2.609172
v 0.006660 0.469038 -2.594744
v -0.060774 0.464922 2.609172
v 0.015181 0.467034 -2.594744
v -0.052049 0.464230 2.609172
v 0.023283 0.463722 -2.594744
v -0.043539 0.462181 2.609172
v 0.030767 0.459183 -2.594744
v -0.035455 0.458827 2.609172
v 0.037449 0.453530 -2.594744
v -0.027995 0.454249 2.609172
v 0.043164 0.446900 -2.594744
v -0.021343 0.448561 2.609172
v 0.047772 0.439459 -2.594744
v -0.015662 0.441902 2.609172
v 0.051159 0.431388 -2.594744
v -0.011093 0.434436 2.609172
v 0.053241 0.422887 -2.594744
v -0.007749 0.426347 2.609172
v 0.053969 0.414164 -2.594744
v -0.005710 0.417834 2.609172
v 0.053322 0.405435 -2.594744
v -0.005029 0.409109 2.609172
v 0.051319 0.396915 -2.594744
v -0.005721 0.400384 2.609172
v 0.048007 0.388813 -2.594744
v -0.007769 0.391874 2.609172
v 0.043468 0.381329 -2.594744
v -0.011124 0.383790 2.609172
v 0.037814 0.374647 -2.594744
v -0.015701 0.376330 2.609172
v 0.031185 0.368932 -2.594744
v -0.021390 0.369677 2.609172
v 0.023744 0.364324 -2.594744
v -0.028049 0.363996 2.609172
v 0.015673 0.360937 -2.594744
v -0.035514 0.359428 2.609172
v 0.007171 0.358855 -2.594744
v -0.043603 0.356084 2.609172
v -0.001551 0.358127 -2.594744
v -0.052115 0.354045 2.609172
v -0.010280 0.358774 -2.594744
v -0.060841 0.353363 2.609172
v -0.018800 0.360777 -2.594744
v -0.069566 0.354056 2.609172
v -0.026902 0.364089 -2.594744
v -0.078076 0.356104 2.609172
v -0.034386 0.368628 -2.594744
v -0.086161 0.359459 2.609172
v -0.041068 0.374282 -2.594744
v -0.093621 0.364036 2.609172
v -0.046783 0.380911 -2.594744
v -0.100273 0.369724 2.609172
v -0.051391 0.388353 -2.594744
v -0.105953 0.376384 2.609172
v -0.054778 0.396423 -2.594744
v -0.110522 0.383849 2.609172
v -0.056861 0.404925 -2.594744
v -0.113867 0.391937 2.609172
v -0.057588 0.413647 -2.594744
v -0.115905 0.400449 2.609172
v -0.056942 0.422376 -2.594744
v -0.116587 0.409176 2.609172
v -0.054938 0.430896 -2.594744
v -0.115895 0.417901 2.609172
v -0.051626 0.438998 -2.594744
v -0.113846 0.426411 2.609172
v -0.047087 0.446482 -2.594744
v -0.110492 0.434496 2.609172
v -0.041434 0.453164 -2.594744
v -0.105914 0.441956 2.609172
v -0.034805 0.458879 -2.594744
v -0.100226 0.448608 2.609172
v -0.027363 0.463487 -2.594744
v -0.093567 0.454287 2.609172
v -0.019292 0.466874 -2.594744
v -0.086101 0.458857 2.609172
v -0.010791 0.468957 -2.594744
v -0.078012 0.462202 2.609172
v 0.001551 -0.310674 -2.594744
v 0.052115 -0.306592 2.609172
v 0.010280 -0.311320 -2.594744
v 0.060841 -0.305910 2.609172
v 0.018800 -0.313324 -2.594744
v 0.069566 -0.306603 2.609172
v 0.026902 -0.316636 -2.594744
v 0.078076 -0.308651 2.609172
v 0.034386 -0.321174 -2.594744
v 0.086160 -0.312004 2.609172
v 0.041068 -0.326828 -2.594744
v 0.093621 -0.316582 2.609172
v 0.046783 -0.333457 -2.594744
v 0.100273 -0.322270 2.609172
v 0.051391 -0.340899 -2.594744
v 0.105953 -0.328930 2.609172
v 0.054778 -0.348969 -2.594744
v 0.110522 -0.336396 2.609172
v 0.056861 -0.357471 -2.594744
v 0.113867 -0.344484 2.609172
v 0.057588 -0.366193 -2.594744
v 0.115905 -0.352996 2.609172
v 0.056942 -0.374922 -2.594744
v 0.116587 -0.361722 2.609172
v 0.054938 -0.383442 -2.594744
v 0.115895 -0.370447 2.609172
v 0.051626 -0.391544 -2.594744
v 0.113846 -0.378958 2.609172
v 0.047087 -0.399028 -2.594744
v 0.110492 -0.387041 2.609172
v 0.041434 -0.405710 -2.594744
v 0.105914 -0.394502 2.609172
v 0.034805 -0.411425 -2.594744
v 0.100226 -0.401154 2.609172
v 0.027363 -0.416033 -2.594744
v 0.093567 -0.406834 2.609172
v 0.019292 -0.419420 -2.594744
v 0.086101 -0.411403 2.609172
v 0.010791 -0.421503 -2.594744
v 0.078013 -0.414748 2.609172
v 0.002068 -0.422230 -2.594744
v 0.069500 -0.416786 2.609172
v -0.006660 -0.421584 -2.594744
v 0.060774 -0.417467 2.609172
v -0.015181 -0.419580 -2.594744
v 0.052049 -0.416775 2.609172
v -0.023283 -0.416268 -2.594744
v 0.043539 -0.414727 2.609172
v -0.030767 -0.411729 -2.594744
v 0.035455 -0.411373 2.609172
v -0.037449 -0.406076 -2.594744
v 0.027995 -0.406796 2.609172
v -0.043164 -0.399447 -2.594744
v 0.021342 -0.401106 2.609172
v -0.047772 -0.392005 -2.594744
v 0.015662 -0.394447 2.609172
v -0.051159 -0.383934 -2.594744
v 0.011093 -0.386982 2.609172
v -0.053241 -0.375433 -2.594744
v 0.007749 -0.378893 2.609172
v -0.053968 -0.366711 -2.594744
v 0.005710 -0.370381 2.609172
v -0.053322 -0.357982 -2.594744
v 0.005029 -0.361656 2.609172
v -0.051318 -0.349461 -2.594744
v 0.005721 -0.352930 2.609172
v -0.048006 -0.341360 -2.594744
v 0.007769 -0.344420 2.609172
v -0.043468 -0.333876 -2.594744
v 0.011124 -0.336336 2.609172
v -0.037814 -0.327194 -2.594744
v 0.015701 -0.328875 2.609172
v -0.031185 -0.321478 -2.594744
v 0.021390 -0.322223 2.609172
v -0.023743 -0.316871 -2.594744
v 0.028049 -0.316543 2.609172
v -0.015673 -0.313484 -2.594744
v 0.035514 -0.311974 2.609172
v -0.007171 -0.311401 -2.594744
v 0.043603 -0.308630 2.609172
v 0.006250 0.025241 -2.406255
v 0.000000 0.023727 -2.405749
v -0.092120 0.402879 -2.405749
v 0.092120 -0.355426 -2.405749
v -0.085633 0.404451 -2.406255
v 0.098133 -0.353969 -2.406255
v -0.078824 0.406076 -2.407761
v 0.103529 -0.352685 -2.407761
v -0.071858 0.407690 -2.410229
v 0.108178 -0.351624 -2.410229
v -0.064899 0.409233 -2.413600
v 0.111970 -0.350825 -2.413600
v -0.058118 0.410651 -2.417789
v 0.114811 -0.350314 -2.417789
v -0.051679 0.411900 -2.422695
v 0.116631 -0.350099 -2.422695
v -0.045741 0.412947 -2.428195
v 0.117382 -0.350179 -2.428195
v -0.040454 0.413772 -2.434155
v 0.117041 -0.350536 -2.434155
v -0.035950 0.414366 -2.440428
v 0.115612 -0.351140 -2.440428
v -0.032345 0.414734 -2.446859
v 0.113125 -0.351953 -2.446859
v -0.029732 0.414888 -2.453290
v 0.109635 -0.352931 -2.453290
v -0.028181 0.414850 -2.459563
v 0.105227 -0.354028 -2.459563
v -0.027733 0.414643 -2.465523
v 0.100004 -0.355197 -2.465523
v -0.028403 0.414293 -2.471023
v 0.094096 -0.356398 -2.471023
v -0.030174 0.413826 -2.475928
v 0.087647 -0.357594 -2.475929
v -0.033006 0.413262 -2.480118
v 0.080817 -0.358759 -2.480118
v -0.036827 0.412616 -2.483489
v 0.073778 -0.359872 -2.483489
v -0.041542 0.411900 -2.485958
v 0.066704 -0.360922 -2.485958
v -0.047033 0.411118 -2.487463
v 0.059774 -0.361904 -2.487463
v -0.053161 0.410271 -2.487969
v 0.053161 -0.362818 -2.487969
v -0.059774 0.409358 -2.487463
v 0.047033 -0.363665 -2.487463
v -0.066704 0.408376 -2.485958
v 0.041542 -0.364446 -2.485958
v -0.073778 0.407326 -2.483489
v 0.036827 -0.365162 -2.483489
v -0.080818 0.406212 -2.480118
v 0.033006 -0.365808 -2.480118
v -0.087647 0.405048 -2.475928
v 0.030174 -0.366372 -2.475928
v -0.094096 0.403852 -2.471023
v 0.028403 -0.366840 -2.471023
v -0.100005 0.402651 -2.465523
v 0.027733 -0.367189 -2.465523
v -0.105227 0.401482 -2.459563
v 0.028181 -0.367396 -2.459563
v -0.109636 0.400385 -2.453290
v 0.029732 -0.367435 -2.453290
v -0.113125 0.399407 -2.446859
v 0.032345 -0.367280 -2.446859
v -0.115612 0.398594 -2.440428
v 0.035950 -0.366912 -2.440428
v -0.117041 0.397990 -2.434155
v 0.040454 -0.366318 -2.434155
v -0.117382 0.397633 -2.428195
v 0.045741 -0.365493 -2.428195
v -0.116631 0.397553 -2.422695
v 0.051679 -0.364446 -2.422695
v -0.114811 0.397767 -2.417789
v 0.058118 -0.363197 -2.417789
v -0.111970 0.398279 -2.413600
v 0.064899 -0.361779 -2.413600
v -0.108178 0.399078 -2.410229
v 0.071858 -0.360236 -2.410229
v -0.103529 0.400139 -2.407761
v 0.078824 -0.358622 -2.407761
v -0.098133 0.401423 -2.406255
v 0.085633 -0.356998 -2.406255
v 0.012352 0.026695 -2.407761
v 0.018160 0.028033 -2.410229
v 0.023535 0.029204 -2.413600
v 0.028347 0.030169 -2.417789
v 0.032476 0.030900 -2.422695
v 0.035820 0.031384 -2.428195
v 0.038294 0.031618 -2.434155
v 0.039831 0.031613 -2.440428
v 0.040390 0.031390 -2.446859
v 0.039952 0.030979 -2.453290
v 0.038523 0.030411 -2.459563
v 0.036136 0.029723 -2.465523
v 0.032847 0.028948 -2.471023
v 0.028736 0.028116 -2.475928
v 0.023906 0.027251 -2.480118
v 0.018475 0.026372 -2.483489
v 0.012581 0.025489 -2.485958
v 0.006371 0.024607 -2.487463
v 0.000000 0.023727 -2.487969
v -0.006371 0.022847 -2.487463
v -0.012581 0.021965 -2.485958
v -0.018475 0.021082 -2.483489
v -0.023906 0.020202 -2.480118
v -0.028736 0.019338 -2.475928
v -0.032847 0.018506 -2.471023
v -0.036136 0.017731 -2.465523
v -0.038523 0.017043 -2.459563
v -0.039952 0.016475 -2.453290
v -0.040390 0.016063 -2.446859
v -0.039831 0.015841 -2.440428
v -0.038294 0.015836 -2.434155
v -0.035821 0.016070 -2.428195
v -0.032476 0.016554 -2.422695
v -0.028347 0.017285 -2.417789
v -0.023535 0.018250 -2.413600
v -0.018160 0.019421 -2.410229
v -0.012352 0.020758 -2.407761
v -0.006250 0.022212 -2.406255
v 0.005161 0.027564 -2.081496
v 0.000000 0.023727 -2.080990
v -0.232995 0.336707 -2.080990
v 0.232994 -0.289253 -2.080990
v -0.227638 0.340689 -2.081496
v 0.237959 -0.285562 -2.081496
v -0.222006 0.344846 -2.083002
v 0.242424 -0.282271 -2.083002
v -0.216224 0.349054 -2.085471
v 0.246289 -0.279477 -2.085471
v -0.210423 0.353194 -2.088841
v 0.249467 -0.277260 -2.088841
v -0.204735 0.357150 -2.093031
v 0.251882 -0.275678 -2.093031
v -0.199297 0.360817 -2.097936
v 0.253474 -0.274769 -2.097936
v -0.194241 0.364102 -2.103436
v 0.254196 -0.274550 -2.103437
v -0.189696 0.366928 -2.109397
v 0.254022 -0.275011 -2.109397
v -0.185783 0.369235 -2.115669
v 0.252942 -0.276126 -2.115669
v -0.182609 0.370983 -2.122101
v 0.250971 -0.277847 -2.122101
v -0.180264 0.372146 -2.128531
v 0.248141 -0.280111 -2.128531
v -0.178822 0.372717 -2.134804
v 0.244512 -0.282843 -2.134804
v -0.178328 0.372702 -2.140764
v 0.240162 -0.285961 -2.140764
v -0.178808 0.372118 -2.146265
v 0.235193 -0.289375 -2.146265
v -0.180256 0.370996 -2.151170
v 0.229725 -0.292997 -2.151170
v -0.182642 0.369369 -2.155360
v 0.223894 -0.296739 -2.155360
v -0.185906 0.367282 -2.158731
v 0.217849 -0.300515 -2.158731
v -0.189966 0.364780 -2.161199
v 0.211749 -0.304247 -2.161199
v -0.194715 0.361914 -2.162705
v 0.205754 -0.307859 -2.162705
v -0.200025 0.358739 -2.163211
v 0.200025 -0.311285 -2.163211
v -0.205754 0.355313 -2.162705
v 0.194714 -0.314460 -2.162705
v -0.211749 0.351700 -2.161199
v 0.189966 -0.317326 -2.161199
v -0.217849 0.347969 -2.158731
v 0.185906 -0.319828 -2.158731
v -0.223894 0.344192 -2.155360
v 0.182641 -0.321916 -2.155360
v -0.229725 0.340451 -2.151170
v 0.180256 -0.323542 -2.151170
v -0.235193 0.336829 -2.146265
v 0.178808 -0.324665 -2.146265
v -0.240163 0.333414 -2.140764
v 0.178328 -0.325248 -2.140764
v -0.244512 0.330297 -2.134804
v 0.178821 -0.325264 -2.134804
v -0.248142 0.327564 -2.128531
v 0.180264 -0.324693 -2.128531
v -0.250971 0.325300 -2.122101
v 0.182609 -0.323529 -2.122101
v -0.252943 0.323579 -2.115669
v 0.185783 -0.321782 -2.115669
v -0.254022 0.322465 -2.109397
v 0.189696 -0.319474 -2.109397
v -0.254196 0.322003 -2.103436
v 0.194241 -0.316648 -2.103436
v -0.253474 0.322223 -2.097936
v 0.199296 -0.313363 -2.097936
v -0.251882 0.323131 -2.093031
v 0.204735 -0.309697 -2.093031
v -0.249467 0.324713 -2.088841
v 0.210423 -0.305741 -2.088841
v -0.246289 0.326931 -2.085471
v 0.216224 -0.301601 -2.085471
v -0.242424 0.329725 -2.083002
v 0.222006 -0.297392 -2.083002
v -0.237960 0.333015 -2.081496
v 0.227638 -0.293236 -2.081496
v 0.010209 0.031287 -2.083002
v 0.015032 0.034788 -2.085471
v 0.019522 0.037967 -2.088841
v 0.023573 0.040736 -2.093031
v 0.027089 0.043024 -2.097936
v 0.029978 0.044776 -2.103436
v 0.032163 0.045958 -2.109397
v 0.033580 0.046555 -2.115669
v 0.034181 0.046568 -2.122101
v 0.033938 0.046018 -2.128531
v 0.032845 0.044937 -2.134804
v 0.030917 0.043370 -2.140764
v 0.028193 0.041371 -2.146265
v 0.024734 0.038999 -2.151170
v 0.020626 0.036315 -2.155360
v 0.015971 0.033383 -2.158731
v 0.010891 0.030266 -2.161199
v 0.005520 0.027027 -2.162705
v 0.000000 0.023727 -2.163211
v -0.005520 0.020426 -2.162705
v -0.010891 0.017187 -2.161199
v -0.015972 0.014070 -2.158731
v -0.020626 0.011138 -2.155360
v -0.024735 0.008454 -2.151170
v -0.028193 0.006082 -2.146265
v -0.030917 0.004083 -2.140764
v -0.032845 0.002517 -2.134804
v -0.033939 0.001436 -2.128531
v -0.034181 0.000885 -2.122101
v -0.033580 0.000899 -2.115669
v -0.032163 0.001495 -2.109397
v -0.029978 0.002678 -2.103436
v -0.027089 0.004430 -2.097936
v -0.023574 0.006717 -2.093031
v -0.019522 0.009486 -2.088841
v -0.015032 0.012665 -2.085471
v -0.010209 0.016166 -2.083002
v -0.005161 0.019890 -2.081496
v 0.003250 0.029276 -1.756738
v 0.000000 0.023727 -1.756231
v -0.336796 0.220733 -1.756231
v 0.336795 -0.173280 -1.756231
v -0.333422 0.226493 -1.756738
v 0.339923 -0.167941 -1.756738
v -0.329863 0.232520 -1.758244
v 0.342746 -0.163168 -1.758244
v -0.326186 0.238654 -1.760712
v 0.345211 -0.159085 -1.760712
v -0.322464 0.244732 -1.764083
v 0.347269 -0.155802 -1.764083
v -0.318776 0.250597 -1.768273
v 0.348874 -0.153402 -1.768273
v -0.315203 0.256097 -1.773178
v 0.349984 -0.151944 -1.773178
v -0.311833 0.261097 -1.778678
v 0.350563 -0.151459 -1.778678
v -0.308755 0.265474 -1.784638
v 0.350583 -0.151952 -1.784638
v -0.306055 0.269128 -1.790911
v 0.350025 -0.153400 -1.790911
v -0.303816 0.271978 -1.797342
v 0.348883 -0.155754 -1.797342
v -0.302113 0.273965 -1.803773
v 0.347164 -0.158944 -1.803773
v -0.301008 0.275054 -1.810046
v 0.344891 -0.162878 -1.810046
v -0.300548 0.275233 -1.816006
v 0.342106 -0.167448 -1.816006
v -0.300762 0.274508 -1.821506
v 0.338867 -0.172533 -1.821506
v -0.301656 0.272909 -1.826411
v 0.335250 -0.178004 -1.826411
v -0.303216 0.270479 -1.830601
v 0.331345 -0.183727 -1.830601
v -0.305405 0.267282 -1.833972
v 0.327257 -0.189566 -1.833972
v -0.308164 0.263392 -1.836441
v 0.323101 -0.195385 -1.836441
v -0.311414 0.258898 -1.837947
v 0.318995 -0.201054 -1.837947
v -0.315061 0.253900 -1.838453
v 0.315060 -0.206446 -1.838453
v -0.318995 0.248507 -1.837947
v 0.311414 -0.211444 -1.837947
v -0.323101 0.242838 -1.836441
v 0.308164 -0.215938 -1.836441
v -0.327257 0.237019 -1.833972
v 0.305405 -0.219828 -1.833972
v -0.331345 0.231181 -1.830601
v 0.303216 -0.223026 -1.830601
v -0.335250 0.225458 -1.826411
v 0.301656 -0.225455 -1.826411
v -0.338867 0.219986 -1.821506
v 0.300761 -0.227055 -1.821506
v -0.342106 0.214901 -1.816006
v 0.300548 -0.227779 -1.816006
v -0.344892 0.210332 -1.810046
v 0.301008 -0.227601 -1.810046
v -0.347164 0.206398 -1.803773
v 0.302113 -0.226511 -1.803773
v -0.348883 0.203208 -1.797342
v 0.303816 -0.224524 -1.797342
v -0.350025 0.200853 -1.790911
v 0.306055 -0.221675 -1.790911
v -0.350583 0.199405 -1.784638
v 0.308755 -0.218021 -1.784638
v -0.350563 0.198912 -1.778678
v 0.311833 -0.213643 -1.778678
v -0.349984 0.199397 -1.773178
v 0.315203 -0.208644 -1.773178
v -0.348874 0.200855 -1.768272
v 0.318775 -0.203143 -1.768272
v -0.347270 0.203255 -1.764083
v 0.322464 -0.197279 -1.764083
v -0.345211 0.206539 -1.760712
v 0.326186 -0.191200 -1.760712
v -0.342746 0.210621 -1.758244
v 0.329863 -0.185067 -1.758244
v -0.339923 0.215395 -1.756738
v 0.333421 -0.179040 -1.756738
v 0.006441 0.034676 -1.758244
v 0.009512 0.039784 -1.760712
v 0.012402 0.044465 -1.764083
v 0.015049 0.048597 -1.768273
v 0.017391 0.052077 -1.773178
v 0.019365 0.054819 -1.778678
v 0.020914 0.056761 -1.784638
v 0.021985 0.057864 -1.790911
v 0.022533 0.058112 -1.797342
v 0.022525 0.057510 -1.803773
v 0.021941 0.056088 -1.810046
v 0.020779 0.053892 -1.816006
v 0.019053 0.050988 -1.821506
v 0.016797 0.047452 -1.826411
v 0.014064 0.043376 -1.830601
v 0.010926 0.038858 -1.833972
v 0.007468 0.034003 -1.836441
v 0.003790 0.028922 -1.837947
v 0.000000 0.023727 -1.838453
v -0.003791 0.018531 -1.837947
v -0.007469 0.013450 -1.836441
v -0.010926 0.008596 -1.833972
v -0.014065 0.004077 -1.830601
v -0.016797 0.000001 -1.826411
v -0.019053 -0.003534 -1.821506
v -0.020779 -0.006439 -1.816006
v -0.021942 -0.008635 -1.810046
v -0.022525 -0.010057 -1.803773
v -0.022534 -0.010658 -1.797342
v -0.021985 -0.010411 -1.790911
v -0.020914 -0.009308 -1.784638
v -0.019365 -0.007366 -1.778678
v -0.017391 -0.004624 -1.773178
v -0.015050 -0.001144 -1.768272
v -0.012403 0.002988 -1.764083
v -0.009513 0.007669 -1.760712
v -0.006442 0.012777 -1.758244
v -0.003251 0.018178 -1.756738
v 0.000823 0.030105 -1.431979
v 0.000000 0.023727 -1.431473
v -0.387007 0.073413 -1.431473
v 0.387006 -0.025960 -1.431473
v -0.386153 0.080033 -1.431979
v 0.387798 -0.019824 -1.431979
v -0.385233 0.086972 -1.433485
v 0.388531 -0.014326 -1.433485
v -0.384246 0.094055 -1.435954
v 0.389204 -0.009605 -1.435954
v -0.383196 0.101104 -1.439324
v 0.389815 -0.005778 -1.439324
v -0.382093 0.107944 -1.443514
v 0.390354 -0.002942 -1.443514
v -0.380955 0.114404 -1.448419
v 0.390806 -0.001166 -1.448419
v -0.379808 0.120323 -1.453920
v 0.391149 -0.000493 -1.453920
v -0.378685 0.125555 -1.459880
v 0.391360 -0.000939 -1.459880
v -0.377628 0.129973 -1.466152
v 0.391413 -0.002490 -1.466153
v -0.376682 0.133471 -1.472584
v 0.391282 -0.005104 -1.472584
v -0.375891 0.135966 -1.479015
v 0.390946 -0.008712 -1.479015
v -0.375300 0.137401 -1.485287
v 0.390392 -0.013221 -1.485287
v -0.374946 0.137745 -1.491247
v 0.389615 -0.018516 -1.491247
v -0.374859 0.136994 -1.496748
v 0.388621 -0.024463 -1.496748
v -0.375057 0.135173 -1.501653
v 0.387430 -0.030913 -1.501653
v -0.375543 0.132327 -1.505843
v 0.386073 -0.037707 -1.505843
v -0.376308 0.128528 -1.509213
v 0.384593 -0.044678 -1.509213
v -0.377327 0.123869 -1.511682
v 0.383042 -0.051659 -1.511682
v -0.378562 0.118462 -1.513188
v 0.381478 -0.058482 -1.513188
v -0.379965 0.112436 -1.513694
v 0.379965 -0.064983 -1.513694
v -0.381479 0.105935 -1.513188
v 0.378562 -0.071009 -1.513188
v -0.383042 0.099112 -1.511682
v 0.377327 -0.076416 -1.511682
v -0.384593 0.092131 -1.509213
v 0.376308 -0.081075 -1.509213
v -0.386073 0.085160 -1.505843
v 0.375543 -0.084874 -1.505843
v -0.387431 0.078366 -1.501653
v 0.375057 -0.087720 -1.501653
v -0.388622 0.071916 -1.496748
v 0.374859 -0.089541 -1.496748
v -0.389615 0.065969 -1.491247
v 0.374946 -0.090291 -1.491247
v -0.390393 0.060674 -1.485287
v 0.375299 -0.089947 -1.485287
v -0.390947 0.056165 -1.479015
v 0.375891 -0.088513 -1.479015
v -0.391282 0.052557 -1.472584
v 0.376681 -0.086018 -1.472584
v -0.391413 0.049943 -1.466152
v 0.377628 -0.082520 -1.466152
v -0.391361 0.048392 -1.459880
v 0.378685 -0.078102 -1.459880
v -0.391150 0.047946 -1.453920
v 0.379807 -0.072869 -1.453920
v -0.390806 0.048619 -1.448419
v 0.380955 -0.066950 -1.448419
v -0.390355 0.050395 -1.443514
v 0.382093 -0.060491 -1.443514
v -0.389816 0.053231 -1.439324
v 0.383196 -0.053651 -1.439324
v -0.389205 0.057058 -1.435954
v 0.384246 -0.046601 -1.435954
v -0.388531 0.061779 -1.433485
v 0.385232 -0.039519 -1.433485
v -0.387798 0.067277 -1.431979
v 0.386152 -0.032580 -1.431979
v 0.001649 0.036323 -1.433485
v 0.002479 0.042225 -1.435954
v 0.003309 0.047663 -1.439324
v 0.004130 0.052501 -1.443514
v 0.004925 0.056619 -1.448419
v 0.005671 0.059915 -1.453920
v 0.006338 0.062308 -1.459880
v 0.006892 0.063742 -1.466152
v 0.007300 0.064184 -1.472584
v 0.007528 0.063627 -1.479015
v 0.007546 0.062090 -1.485287
v 0.007335 0.059615 -1.491247
v 0.006881 0.056266 -1.496748
v 0.006187 0.052130 -1.501653
v 0.005265 0.047310 -1.505843
v 0.004142 0.041925 -1.509213
v 0.002857 0.036105 -1.511682
v 0.001458 0.029990 -1.513188
v 0.000000 0.023727 -1.513694
v -0.001458 0.017463 -1.513188
v -0.002858 0.011348 -1.511682
v -0.004143 0.005528 -1.509213
v -0.005265 0.000143 -1.505843
v -0.006187 -0.004677 -1.501653
v -0.006881 -0.008813 -1.496748
v -0.007335 -0.012161 -1.491247
v -0.007547 -0.014637 -1.485287
v -0.007528 -0.016174 -1.479015
v -0.007300 -0.016731 -1.472584
v -0.006893 -0.016289 -1.466152
v -0.006338 -0.014855 -1.459880
v -0.005671 -0.012462 -1.453920
v -0.004926 -0.009166 -1.448419
v -0.004131 -0.005048 -1.443514
v -0.003310 -0.000210 -1.439324
v -0.002479 0.005228 -1.435954
v -0.001649 0.011130 -1.433485
v -0.000823 0.017348 -1.431979
v -0.001736 0.029919 -1.107221
v 0.000000 0.023727 -1.106715
v -0.375638 -0.081814 -1.106715
v 0.375638 0.129267 -1.106715
v -0.377440 -0.075386 -1.107221
v 0.373968 0.135224 -1.107221
v -0.379306 -0.068640 -1.108727
v 0.372494 0.140571 -1.108727
v -0.381166 -0.061735 -1.111195
v 0.371268 0.145179 -1.111195
v -0.382955 -0.054836 -1.114566
v 0.370335 0.148940 -1.114566
v -0.384614 -0.048109 -1.118756
v 0.369722 0.151762 -1.118756
v -0.386091 -0.041719 -1.123661
v 0.369444 0.153573 -1.123661
v -0.387348 -0.035822 -1.129161
v 0.369497 0.154326 -1.129161
v -0.388360 -0.030567 -1.135121
v 0.369866 0.153998 -1.135121
v -0.389115 -0.026087 -1.141394
v 0.370520 0.152591 -1.141394
v -0.389610 -0.022498 -1.147825
v 0.371421 0.150134 -1.147825
v -0.389858 -0.019892 -1.154256
v 0.372523 0.146682 -1.154256
v -0.389874 -0.018340 -1.160529
v 0.373775 0.142315 -1.160529
v -0.389683 -0.017886 -1.166489
v 0.375130 0.137138 -1.166489
v -0.389310 -0.018542 -1.171989
v 0.376539 0.131276 -1.171989
v -0.388780 -0.020296 -1.176895
v 0.377964 0.124873 -1.176895
v -0.388115 -0.023106 -1.181084
v 0.379371 0.118090 -1.181084
v -0.387334 -0.026902 -1.184455
v 0.380733 0.111094 -1.184455
v -0.386451 -0.031588 -1.186924
v 0.382034 0.104062 -1.186924
v -0.385475 -0.037048 -1.188429
v 0.383262 0.097171 -1.188429
v -0.384410 -0.043142 -1.188936
v 0.384410 0.090595 -1.188936
v -0.383262 -0.049718 -1.188429
v 0.385474 0.084501 -1.188429
v -0.382035 -0.056609 -1.186924
v 0.386451 0.079041 -1.186924
v -0.380734 -0.063641 -1.184455
v 0.387334 0.074355 -1.184455
v -0.379371 -0.070637 -1.181084
v 0.388115 0.070559 -1.181084
v -0.377965 -0.077421 -1.176895
v 0.388780 0.067749 -1.176895
v -0.376540 -0.083823 -1.171989
v 0.389310 0.065995 -1.171989
v -0.375130 -0.089685 -1.166489
v 0.389683 0.065338 -1.166489
v -0.373776 -0.094862 -1.160529
v 0.389874 0.065793 -1.160529
v -0.372523 -0.099229 -1.154256
v 0.389857 0.067345 -1.154256
v -0.371422 -0.102682 -1.147825
v 0.389610 0.069950 -1.147825
v -0.370520 -0.105138 -1.141394
v 0.389114 0.073540 -1.141394
v -0.369866 -0.106545 -1.135121
v 0.388360 0.078020 -1.135121
v -0.369497 -0.106873 -1.129161
v 0.387348 0.083275 -1.129161
v -0.369444 -0.106120 -1.123661
v 0.386090 0.089172 -1.123661
v -0.369723 -0.104309 -1.118755
v 0.384613 0.095562 -1.118755
v -0.370335 -0.101487 -1.114566
v 0.382955 0.102289 -1.114566
v -0.371269 -0.097726 -1.111195
v 0.381166 0.109188 -1.111195
v -0.372494 -0.093117 -1.108727
v 0.379305 0.116093 -1.108727
v -0.373969 -0.087771 -1.107221
v 0.377440 0.122839 -1.107221
v -0.003406 0.035965 -1.108727
v -0.004949 0.041722 -1.111195
v -0.006310 0.047052 -1.114566
v -0.007446 0.051826 -1.118756
v -0.008323 0.055927 -1.123661
v -0.008926 0.059252 -1.129161
v -0.009247 0.061716 -1.135121
v -0.009297 0.063252 -1.141394
v -0.009095 0.063818 -1.147825
v -0.008667 0.063395 -1.154256
v -0.008049 0.061987 -1.160529
v -0.007277 0.059626 -1.166489
v -0.006385 0.056367 -1.171989
v -0.005408 0.052289 -1.176895
v -0.004372 0.047492 -1.181084
v -0.003301 0.042096 -1.184455
v -0.002208 0.036237 -1.186924
v -0.001106 0.030062 -1.188429
v 0.000000 0.023727 -1.188936
v 0.001106 0.017391 -1.188429
v 0.002208 0.011216 -1.186924
v 0.003300 0.005357 -1.184455
v 0.004372 -0.000039 -1.181084
v 0.005408 -0.004836 -1.176895
v 0.006385 -0.008914 -1.171989
v 0.007277 -0.012173 -1.166489
v 0.008049 -0.014534 -1.160529
v 0.008667 -0.015942 -1.154256
v 0.009094 -0.016365 -1.147825
v 0.009297 -0.015799 -1.141394
v 0.009247 -0.014263 -1.135121
v 0.008925 -0.011799 -1.129161
v 0.008323 -0.008474 -1.123661
v 0.007445 -0.004373 -1.118755
v 0.006310 0.000401 -1.114566
v 0.004949 0.005731 -1.111195
v 0.003406 0.011488 -1.108727
v 0.001735 0.017534 -1.107221
v -0.004018 0.028748 -0.782462
v 0.000000 0.023726 -0.781956
v -0.304500 -0.220247 -0.781956
v 0.304499 0.267700 -0.781956
v -0.308670 -0.215035 -0.782462
v 0.300634 0.272530 -0.782462
v -0.313024 -0.209555 -0.783968
v 0.297187 0.276875 -0.783968
v -0.317436 -0.203926 -0.786437
v 0.294257 0.280638 -0.786437
v -0.321779 -0.198275 -0.789807
v 0.291928 0.283735 -0.789807
v -0.325935 -0.192732 -0.793997
v 0.290261 0.286093 -0.793997
v -0.329793 -0.187427 -0.798902
v 0.289297 0.287651 -0.798902
v -0.333255 -0.182491 -0.804403
v 0.289051 0.288365 -0.804403
v -0.336241 -0.178050 -0.810363
v 0.289519 0.288207 -0.810363
v -0.338686 -0.174221 -0.816635
v 0.290671 0.287168 -0.816635
v -0.340545 -0.171111 -0.823066
v 0.292461 0.285259 -0.823066
v -0.341791 -0.168810 -0.829498
v 0.294824 0.282512 -0.829498
v -0.342413 -0.167388 -0.835770
v 0.297684 0.278982 -0.835770
v -0.342415 -0.166895 -0.841730
v 0.300954 0.274746 -0.841730
v -0.341815 -0.167353 -0.847231
v 0.304543 0.269901 -0.847231
v -0.340642 -0.168760 -0.852136
v 0.308358 0.264565 -0.852136
v -0.338931 -0.171087 -0.856326
v 0.312304 0.258871 -0.856326
v -0.336729 -0.174275 -0.859696
v 0.316293 0.252964 -0.859696
v -0.334084 -0.178244 -0.862165
v 0.320239 0.247000 -0.862165
v -0.331051 -0.182887 -0.863671
v 0.324062 0.241138 -0.863671
v -0.327690 -0.188081 -0.864177
v 0.327689 0.235534 -0.864177
v -0.324062 -0.193685 -0.863671
v 0.331051 0.230340 -0.863671
v -0.320239 -0.199548 -0.862165
v 0.334084 0.225696 -0.862165
v -0.316293 -0.205511 -0.859696
v 0.336729 0.221728 -0.859696
v -0.312304 -0.211418 -0.856326
v 0.338931 0.218540 -0.856326
v -0.308358 -0.217112 -0.852136
v 0.340641 0.216213 -0.852136
v -0.304544 -0.222448 -0.847231
v 0.341815 0.214806 -0.847231
v -0.300955 -0.227293 -0.841730
v 0.342415 0.214347 -0.841730
v -0.297684 -0.231529 -0.835770
v 0.342413 0.214841 -0.835770
v -0.294825 -0.235059 -0.829498
v 0.341791 0.216262 -0.829498
v -0.292461 -0.237806 -0.823067
v 0.340545 0.218564 -0.823066
v -0.290672 -0.239715 -0.816635
v 0.338686 0.221674 -0.816635
v -0.289519 -0.240754 -0.810363
v 0.336240 0.225503 -0.810363
v -0.289052 -0.240912 -0.804403
v 0.333255 0.229944 -0.804403
v -0.289297 -0.240198 -0.798902
v 0.329792 0.234880 -0.798902
v -0.290262 -0.238640 -0.793997
v 0.325935 0.240185 -0.793997
v -0.291928 -0.236282 -0.789807
v 0.321779 0.245728 -0.789807
v -0.294257 -0.233185 -0.786437
v 0.317436 0.251379 -0.786437
v -0.297187 -0.229422 -0.783968
v 0.313024 0.257007 -0.783968
v -0.300634 -0.225078 -0.782462
v 0.308670 0.262488 -0.782462
v -0.007919 0.033660 -0.783968
v -0.011589 0.038356 -0.786437
v -0.014926 0.042730 -0.789807
v -0.017837 0.046680 -0.793997
v -0.020248 0.050112 -0.798902
v -0.022102 0.052937 -0.804403
v -0.023361 0.055079 -0.810363
v -0.024007 0.056473 -0.816635
v -0.024042 0.057074 -0.823066
v -0.023484 0.056851 -0.829498
v -0.022364 0.055797 -0.835770
v -0.020730 0.053926 -0.841730
v -0.018636 0.051274 -0.847231
v -0.016142 0.047902 -0.852136
v -0.013314 0.043892 -0.856326
v -0.010218 0.039344 -0.859696
v -0.006923 0.034378 -0.862165
v -0.003495 0.029125 -0.863671
v 0.000000 0.023726 -0.864177
v 0.003494 0.018328 -0.863671
v 0.006923 0.013075 -0.862165
v 0.010218 0.008108 -0.859696
v 0.013314 0.003561 -0.856326
v 0.016142 -0.000450 -0.852136
v 0.018636 -0.003821 -0.847231
v 0.020730 -0.006473 -0.841730
v 0.022364 -0.008344 -0.835770
v 0.023483 -0.009398 -0.829498
v 0.024042 -0.009621 -0.823066
v 0.024007 -0.009021 -0.816635
v 0.023361 -0.007626 -0.810363
v 0.022101 -0.005484 -0.804403
v 0.020248 -0.002659 -0.798902
v 0.017837 0.000772 -0.793997
v 0.014925 0.004723 -0.789807
v 0.011589 0.009097 -0.786437
v 0.007919 0.013793 -0.783968
v 0.004018 0.018705 -0.782462
v -0.005661 0.026778 -0.457704
v 0.000000 0.023726 -0.457198
v -0.184910 -0.319859 -0.457198
v 0.184909 0.367312 -0.457198
v -0.190786 -0.316692 -0.457704
v 0.179463 0.370248 -0.457704
v -0.196936 -0.313350 -0.459210
v 0.174592 0.372899 -0.459210
v -0.203196 -0.309894 -0.461678
v 0.170425 0.375218 -0.461678
v -0.209403 -0.306391 -0.465049
v 0.167070 0.377158 -0.465049
v -0.215395 -0.302913 -0.469239
v 0.164615 0.378677 -0.469239
v -0.221019 -0.299538 -0.474144
v 0.163118 0.379734 -0.474144
v -0.226135 -0.296348 -0.479644
v 0.162613 0.380295 -0.479644
v -0.230619 -0.293427 -0.485604
v 0.163105 0.380333 -0.485604
v -0.234367 -0.290859 -0.491877
v 0.164572 0.379827 -0.491877
v -0.237294 -0.288723 -0.498308
v 0.166965 0.378769 -0.498308
v -0.239340 -0.287092 -0.504739
v 0.170214 0.377164 -0.504739
v -0.240468 -0.286026 -0.511012
v 0.174227 0.375033 -0.511012
v -0.240663 -0.285573 -0.516972
v 0.178892 0.372412 -0.516972
v -0.239932 -0.285760 -0.522472
v 0.184090 0.369356 -0.522472
v -0.238301 -0.286597 -0.527378
v 0.189686 0.365935 -0.527378
v -0.235818 -0.288069 -0.531567
v 0.195544 0.362236 -0.531567
v -0.232544 -0.290143 -0.534938
v 0.201524 0.358359 -0.534938
v -0.228559 -0.292762 -0.537407
v 0.207488 0.354412 -0.537406
v -0.223952 -0.295851 -0.538912
v 0.213299 0.350510 -0.538912
v -0.218828 -0.299317 -0.539419
v 0.218828 0.346770 -0.539419
v -0.213299 -0.303058 -0.538912
v 0.223952 0.343303 -0.538912
v -0.207488 -0.306960 -0.537407
v 0.228559 0.340215 -0.537406
v -0.201524 -0.310907 -0.534938
v 0.232544 0.337596 -0.534938
v -0.195544 -0.314784 -0.531567
v 0.235818 0.335522 -0.531567
v -0.189686 -0.318483 -0.527378
v 0.238301 0.334049 -0.527378
v -0.184090 -0.321903 -0.522472
v 0.239931 0.333212 -0.522472
v -0.178893 -0.324960 -0.516972
v 0.240663 0.333025 -0.516972
v -0.174227 -0.327581 -0.511012
v 0.240468 0.333479 -0.511012
v -0.170215 -0.329712 -0.504739
v 0.239340 0.334544 -0.504739
v -0.166966 -0.331316 -0.498308
v 0.237294 0.336175 -0.498308
v -0.164572 -0.332374 -0.491877
v 0.234367 0.338311 -0.491877
v -0.163105 -0.332880 -0.485604
v 0.230619 0.340880 -0.485604
v -0.162613 -0.332843 -0.479644
v 0.226135 0.343800 -0.479644
v -0.163118 -0.332281 -0.474144
v 0.221019 0.346990 -0.474144
v -0.164615 -0.331224 -0.469238
v 0.215394 0.350365 -0.469238
v -0.167070 -0.329706 -0.465049
v 0.209403 0.353843 -0.465049
v -0.170425 -0.327766 -0.461678
v 0.203196 0.357347 -0.461678
v -0.174592 -0.325446 -0.459210
v 0.196935 0.360803 -0.459210
v -0.179464 -0.322795 -0.457704
v 0.190786 0.364145 -0.457704
v -0.011172 0.029775 -0.459210
v -0.016386 0.032662 -0.461678
v -0.021166 0.035384 -0.465049
v -0.025390 0.037882 -0.469239
v -0.028951 0.040098 -0.474144
v -0.031761 0.041974 -0.479644
v -0.033757 0.043453 -0.485604
v -0.034898 0.044484 -0.491877
v -0.035164 0.045023 -0.498308
v -0.034563 0.045036 -0.504739
v -0.033121 0.044504 -0.511012
v -0.030885 0.043420 -0.516972
v -0.027921 0.041798 -0.522472
v -0.024308 0.039669 -0.527378
v -0.020137 0.037084 -0.531567
v -0.015510 0.034108 -0.534938
v -0.010536 0.030825 -0.537407
v -0.005327 0.027330 -0.538912
v 0.000000 0.023726 -0.539419
v 0.005327 0.020123 -0.538912
v 0.010536 0.016628 -0.537407
v 0.015510 0.013345 -0.534938
v 0.020137 0.010369 -0.531567
v 0.024308 0.007783 -0.527378
v 0.027921 0.005655 -0.522472
v 0.030885 0.004033 -0.516972
v 0.033121 0.002949 -0.511012
v 0.034563 0.002416 -0.504739
v 0.035164 0.002429 -0.498308
v 0.034897 0.002968 -0.491877
v 0.033757 0.004000 -0.485604
v 0.031761 0.005479 -0.479644
v 0.028950 0.007354 -0.474144
v 0.025390 0.009570 -0.469238
v 0.021166 0.012069 -0.465049
v 0.016385 0.014790 -0.461678
v 0.011172 0.017678 -0.459210
v 0.005661 0.020675 -0.457704
v -0.006403 0.024322 -0.132945
v 0.000000 0.023726 -0.132439
v -0.035897 -0.364802 -0.132439
v 0.035897 0.412254 -0.132439
v -0.042544 -0.364184 -0.132945
v 0.029737 0.412828 -0.132945
v -0.049511 -0.363511 -0.134451
v 0.024217 0.413364 -0.134451
v -0.056624 -0.362777 -0.136920
v 0.019475 0.413869 -0.136920
v -0.063707 -0.361978 -0.140290
v 0.015629 0.414344 -0.140290
v -0.070581 -0.361119 -0.144480
v 0.012775 0.414782 -0.144480
v -0.077077 -0.360211 -0.149385
v 0.010984 0.415170 -0.149385
v -0.083033 -0.359275 -0.154886
v 0.010300 0.415489 -0.154886
v -0.088303 -0.358339 -0.160846
v 0.010738 0.415716 -0.160846
v -0.092756 -0.357440 -0.167118
v 0.012286 0.415824 -0.167119
v -0.096285 -0.356618 -0.173550
v 0.014903 0.415786 -0.173549
v -0.098806 -0.355917 -0.179981
v 0.018520 0.415579 -0.179981
v -0.100261 -0.355377 -0.186254
v 0.023046 0.415185 -0.186253
v -0.100617 -0.355036 -0.192213
v 0.028365 0.414597 -0.192213
v -0.099871 -0.354922 -0.197714
v 0.034344 0.413815 -0.197714
v -0.098043 -0.355055 -0.202619
v 0.040832 0.412854 -0.202619
v -0.095182 -0.355440 -0.206809
v 0.047670 0.411739 -0.206809
v -0.091358 -0.356069 -0.210179
v 0.054690 0.410508 -0.210179
v -0.086666 -0.356922 -0.212648
v 0.061722 0.409206 -0.212648
v -0.081218 -0.357964 -0.214154
v 0.068595 0.407886 -0.214154
v -0.075147 -0.359152 -0.214660
v 0.075147 0.406604 -0.214660
v -0.068595 -0.360434 -0.214154
v 0.081218 0.405417 -0.214154
v -0.061722 -0.361754 -0.212648
v 0.086666 0.404375 -0.212648
v -0.054690 -0.363056 -0.210179
v 0.091358 0.403522 -0.210179
v -0.047670 -0.364287 -0.206809
v 0.095182 0.402892 -0.206809
v -0.040832 -0.365402 -0.202619
v 0.098043 0.402508 -0.202619
v -0.034344 -0.366363 -0.197714
v 0.099871 0.402375 -0.197714
v -0.028365 -0.367144 -0.192213
v 0.100617 0.402488 -0.192213
v -0.023046 -0.367733 -0.186253
v 0.100261 0.402829 -0.186253
v -0.018520 -0.368126 -0.179981
v 0.098806 0.403369 -0.179981
v -0.014903 -0.368333 -0.173550
v 0.096285 0.404071 -0.173549
v -0.012286 -0.368371 -0.167118
v 0.092756 0.404893 -0.167118
v -0.010738 -0.368264 -0.160846
v 0.088302 0.405792 -0.160846
v -0.010300 -0.368037 -0.154886
v 0.083033 0.406727 -0.154886
v -0.010984 -0.367718 -0.149385
v 0.077077 0.407664 -0.149385
v -0.012775 -0.367329 -0.144480
v 0.070581 0.408572 -0.144480
v -0.015629 -0.366892 -0.140290
v 0.063707 0.409431 -0.140290
v -0.019475 -0.366417 -0.136920
v 0.056624 0.410230 -0.136920
v -0.024217 -0.365912 -0.134451
v 0.049511 0.410964 -0.134451
v -0.029737 -0.365375 -0.132945
v 0.042544 0.411636 -0.132945
v -0.012647 0.024927 -0.134451
v -0.018575 0.025546 -0.136920
v -0.024039 0.026183 -0.140290
v -0.028903 0.026831 -0.144480
v -0.033047 0.027479 -0.149385
v -0.036367 0.028107 -0.154886
v -0.038782 0.028688 -0.160846
v -0.040235 0.029192 -0.167118
v -0.040691 0.029584 -0.173550
v -0.040143 0.029831 -0.179981
v -0.038607 0.029904 -0.186253
v -0.036126 0.029781 -0.192213
v -0.032764 0.029446 -0.197714
v -0.028606 0.028900 -0.202619
v -0.023756 0.028150 -0.206809
v -0.018334 0.027219 -0.210179
v -0.012472 0.026142 -0.212648
v -0.006311 0.024961 -0.214154
v 0.000000 0.023726 -0.214660
v 0.006311 0.022492 -0.214154
v 0.012472 0.021310 -0.212648
v 0.018334 0.020233 -0.210179
v 0.023756 0.019303 -0.206809
v 0.028606 0.018553 -0.202619
v 0.032764 0.018006 -0.197714
v 0.036126 0.017672 -0.192213
v 0.038607 0.017548 -0.186253
v 0.040143 0.017621 -0.179981
v 0.040691 0.017869 -0.173550
v 0.040235 0.018261 -0.167118
v 0.038782 0.018764 -0.160846
v 0.036367 0.019345 -0.154886
v 0.033047 0.019973 -0.149385
v 0.028903 0.020621 -0.144480
v 0.024039 0.021270 -0.140290
v 0.018575 0.021906 -0.136920
v 0.012647 0.022526 -0.134451
v 0.006403 0.023131 -0.132945
v -0.006127 0.021772 0.191813
v 0.000000 0.023726 0.192319
v 0.118827 -0.347923 0.192319
v -0.118827 0.395375 0.192319
v 0.112467 -0.349952 0.191813
v -0.124721 0.393495 0.191813
v 0.105792 -0.352056 0.190307
v -0.130012 0.391831 0.190307
v 0.098957 -0.354161 0.187839
v -0.134574 0.390442 0.187839
v 0.092126 -0.356194 0.184468
v -0.138299 0.389376 0.184468
v 0.085463 -0.358091 0.180278
v -0.141097 0.388664 0.180278
v 0.079129 -0.359794 0.175373
v -0.142898 0.388321 0.175373
v 0.073280 -0.361260 0.169873
v -0.143652 0.388347 0.169873
v 0.068065 -0.362459 0.163913
v -0.143337 0.388727 0.163913
v 0.063615 -0.363371 0.157640
v -0.141955 0.389431 0.157640
v 0.060045 -0.363995 0.151209
v -0.139531 0.390419 0.151209
v 0.057450 -0.364334 0.144778
v -0.136121 0.391643 0.144778
v 0.055900 -0.364406 0.138505
v -0.131801 0.393050 0.138505
v 0.055438 -0.364231 0.132545
v -0.126675 0.394587 0.132545
v 0.056081 -0.363835 0.127045
v -0.120867 0.396205 0.127045
v 0.057815 -0.363243 0.122139
v -0.114519 0.397856 0.122139
v 0.060600 -0.362479 0.117950
v -0.107789 0.399503 0.117950
v 0.064365 -0.361564 0.114579
v -0.100846 0.401113 0.114579
v 0.069017 -0.360514 0.112110
v -0.093865 0.402663 0.112111
v 0.074439 -0.359344 0.110605
v -0.087022 0.404135 0.110605
v 0.080492 -0.358064 0.110098
v -0.080492 0.405516 0.110098
v 0.087023 -0.356683 0.110605
v -0.074439 0.406797 0.110605
v 0.093865 -0.355211 0.112110
v -0.069017 0.407967 0.112111
v 0.100847 -0.353661 0.114579
v -0.064365 0.409016 0.114579
v 0.107790 -0.352050 0.117950
v -0.060600 0.409931 0.117950
v 0.114519 -0.350404 0.122139
v -0.057815 0.410695 0.122139
v 0.120867 -0.348752 0.127045
v -0.056081 0.411287 0.127045
v 0.126675 -0.347135 0.132545
v -0.055438 0.411684 0.132545
v 0.131801 -0.345597 0.138505
v -0.055900 0.411858 0.138505
v 0.136121 -0.344190 0.144778
v -0.057450 0.411787 0.144778
v 0.139532 -0.342967 0.151209
v -0.060045 0.411447 0.151209
v 0.141955 -0.341979 0.157640
v -0.063614 0.410824 0.157640
v 0.143338 -0.341275 0.163913
v -0.068065 0.409911 0.163913
v 0.143652 -0.340895 0.169873
v -0.073280 0.408712 0.169873
v 0.142898 -0.340868 0.175373
v -0.079128 0.407246 0.175373
v 0.141098 -0.341211 0.180278
v -0.085463 0.405543 0.180279
v 0.138300 -0.341924 0.184468
v -0.092126 0.403647 0.184468
v 0.134574 -0.342990 0.187839
v -0.098957 0.401613 0.187839
v 0.130012 -0.344379 0.190307
v -0.105792 0.399508 0.190307
v 0.124721 -0.346043 0.191813
v -0.112467 0.397404 0.191813
v -0.012110 0.019887 0.190307
v -0.017808 0.018141 0.187839
v -0.023087 0.016591 0.184468
v -0.027817 0.015287 0.180278
v -0.031885 0.014264 0.175373
v -0.035186 0.013543 0.169873
v -0.037636 0.013134 0.163913
v -0.039170 0.013030 0.157640
v -0.039743 0.013212 0.151209
v -0.039335 0.013654 0.144778
v -0.037951 0.014322 0.138505
v -0.035618 0.015178 0.132545
v -0.032393 0.016185 0.127045
v -0.028352 0.017306 0.122139
v -0.023595 0.018512 0.117950
v -0.018241 0.019775 0.114579
v -0.012424 0.021075 0.112110
v -0.006292 0.022395 0.110605
v 0.000000 0.023726 0.110098
v 0.006292 0.025057 0.110605
v 0.012424 0.026378 0.112110
v 0.018241 0.027677 0.114579
v 0.023595 0.028940 0.117950
v 0.028352 0.030146 0.122139
v 0.032393 0.031268 0.127045
v 0.035618 0.032274 0.132545
v 0.037951 0.033131 0.138505
v 0.039335 0.033798 0.144778
v 0.039743 0.034240 0.151209
v 0.039170 0.034423 0.157640
v 0.037636 0.034318 0.163913
v 0.035186 0.033909 0.169873
v 0.031885 0.033189 0.175373
v 0.027817 0.032166 0.180279
v 0.023087 0.030861 0.184468
v 0.017808 0.029312 0.187839
v 0.012110 0.027565 0.190307
v 0.006127 0.025681 0.191813
v -0.004875 0.019532 0.516572
v 0.000000 0.023727 0.517078
v 0.254643 -0.271908 0.517078
v -0.254643 0.319360 0.517078
v 0.249583 -0.276261 0.516572
v -0.259334 0.315325 0.516572
v 0.244261 -0.280807 0.515066
v -0.263553 0.311726 0.515066
v 0.238793 -0.285416 0.512597
v -0.267210 0.308665 0.512597
v 0.233300 -0.289957 0.509227
v -0.270222 0.306227 0.509227
v 0.227908 -0.294308 0.505037
v -0.272519 0.304477 0.505037
v 0.222744 -0.298351 0.500131
v -0.274042 0.303458 0.500132
v 0.217934 -0.301987 0.494631
v -0.274747 0.303187 0.494631
v 0.213602 -0.305129 0.488671
v -0.274606 0.303661 0.488671
v 0.209862 -0.307709 0.482398
v -0.273608 0.304849 0.482398
v 0.206820 -0.309678 0.475967
v -0.271764 0.306706 0.475967
v 0.204565 -0.311005 0.469536
v -0.269102 0.309166 0.469536
v 0.203166 -0.311677 0.463263
v -0.265676 0.312148 0.463264
v 0.202673 -0.311696 0.457304
v -0.261559 0.315567 0.457304
v 0.203110 -0.311080 0.451803
v -0.256845 0.319326 0.451803
v 0.204474 -0.309857 0.446898
v -0.251648 0.323328 0.446898
v 0.206739 -0.308066 0.442708
v -0.246098 0.327474 0.442708
v 0.209847 -0.305751 0.439338
v -0.240336 0.331670 0.439338
v 0.213719 -0.302967 0.436869
v -0.234517 0.335826 0.436869
v 0.218251 -0.299771 0.435363
v -0.228794 0.339855 0.435363
v 0.223322 -0.296227 0.434857
v -0.223322 0.343679 0.434857
v 0.228794 -0.292403 0.435363
v -0.218251 0.347225 0.435363
v 0.234517 -0.288373 0.436869
v -0.213718 0.350421 0.436869
v 0.240337 -0.284218 0.439338
v -0.209846 0.353204 0.439338
v 0.246098 -0.280022 0.442708
v -0.206738 0.355518 0.442708
v 0.251648 -0.275875 0.446898
v -0.204474 0.357310 0.446898
v 0.256845 -0.271874 0.451803
v -0.203110 0.358533 0.451803
v 0.261559 -0.268115 0.457304
v -0.202673 0.359149 0.457304
v 0.265677 -0.264696 0.463264
v -0.203166 0.359129 0.463264
v 0.269103 -0.261713 0.469536
v -0.204564 0.358457 0.469536
v 0.271764 -0.259253 0.475967
v -0.206820 0.357130 0.475967
v 0.273608 -0.257397 0.482399
v -0.209862 0.355161 0.482399
v 0.274606 -0.256208 0.488671
v -0.213602 0.352581 0.488671
v 0.274747 -0.255735 0.494631
v -0.217934 0.349439 0.494631
v 0.274042 -0.256005 0.500131
v -0.222744 0.345804 0.500132
v 0.272519 -0.257024 0.505037
v -0.227908 0.341760 0.505037
v 0.270222 -0.258774 0.509227
v -0.233300 0.337410 0.509227
v 0.267210 -0.261212 0.512597
v -0.238793 0.332868 0.512597
v 0.263553 -0.264274 0.515066
v -0.244261 0.328260 0.515066
v 0.259334 -0.267873 0.516572
v -0.249583 0.323714 0.516572
v -0.009646 0.015459 0.515066
v -0.014208 0.011624 0.512597
v -0.018461 0.008134 0.509227
v -0.022305 0.005086 0.505037
v -0.025649 0.002554 0.500131
v -0.028406 0.000600 0.494631
v -0.030502 -0.000734 0.488671
v -0.031873 -0.001430 0.482399
v -0.032472 -0.001486 0.475967
v -0.032269 -0.000920 0.469536
v -0.031255 0.000236 0.463263
v -0.029443 0.001936 0.457304
v -0.026868 0.004123 0.451803
v -0.023587 0.006735 0.446898
v -0.019679 0.009704 0.442708
v -0.015245 0.012960 0.439338
v -0.010399 0.016429 0.436869
v -0.005271 0.020042 0.435363
v 0.000000 0.023726 0.434857
v 0.005271 0.027410 0.435363
v 0.010399 0.031023 0.436869
v 0.015245 0.034493 0.439338
v 0.019680 0.037748 0.442708
v 0.023587 0.040717 0.446898
v 0.026868 0.043330 0.451803
v 0.029443 0.045517 0.457304
v 0.031255 0.047217 0.463264
v 0.032269 0.048372 0.469536
v 0.032472 0.048938 0.475967
v 0.031873 0.048882 0.482399
v 0.030502 0.048187 0.488671
v 0.028406 0.046852 0.494631
v 0.025649 0.044900 0.500131
v 0.022306 0.042368 0.505037
v 0.018461 0.039318 0.509227
v 0.014209 0.035828 0.512597
v 0.009646 0.031993 0.515066
v 0.004875 0.027920 0.516572
v -0.002848 0.017960 0.841330
v 0.000000 0.023727 0.841836
v 0.349942 -0.148852 0.841836
v -0.349942 0.196305 0.841836
v 0.346986 -0.154838 0.841330
v -0.352682 0.190759 0.841330
v 0.343864 -0.161102 0.839824
v -0.355159 0.185795 0.839824
v 0.340633 -0.167482 0.837356
v -0.357328 0.181548 0.837356
v 0.337352 -0.173809 0.833985
v -0.359148 0.178127 0.833985
v 0.334089 -0.179921 0.829795
v -0.360578 0.175619 0.829795
v 0.330917 -0.185661 0.824890
v -0.361581 0.174085 0.824890
v 0.327911 -0.190888 0.819390
v -0.362124 0.173561 0.819390
v 0.325151 -0.195473 0.813430
v -0.362179 0.174051 0.813430
v 0.322718 -0.199309 0.807157
v -0.361726 0.175536 0.807157
v 0.320687 -0.202311 0.800726
v -0.360754 0.177965 0.800726
v 0.319130 -0.204414 0.794295
v -0.359265 0.181269 0.794295
v 0.318105 -0.205579 0.788022
v -0.357278 0.185355 0.788022
v 0.317659 -0.205790 0.782062
v -0.354825 0.190111 0.782062
v 0.317820 -0.205052 0.776561
v -0.351955 0.195413 0.776562
v 0.318598 -0.203393 0.771656
v -0.348736 0.201127 0.771656
v 0.319982 -0.200859 0.767467
v -0.345247 0.207113 0.767467
v 0.321938 -0.197513 0.764096
v -0.341585 0.213227 0.764096
v 0.324414 -0.193437 0.761627
v -0.337852 0.219328 0.761627
v 0.327336 -0.188724 0.760121
v -0.334160 0.225273 0.760122
v 0.330619 -0.183479 0.759615
v -0.330618 0.230933 0.759615
v 0.334160 -0.177821 0.760121
v -0.327336 0.236176 0.760122
v 0.337853 -0.171874 0.761627
v -0.324413 0.240890 0.761627
v 0.341585 -0.165775 0.764096
v -0.321938 0.244966 0.764096
v 0.345248 -0.159661 0.767467
v -0.319982 0.248311 0.767467
v 0.348736 -0.153675 0.771656
v -0.318598 0.250845 0.771657
v 0.351956 -0.147960 0.776562
v -0.317820 0.252504 0.776562
v 0.354825 -0.142657 0.782062
v -0.317658 0.253242 0.782062
v 0.357278 -0.137901 0.788022
v -0.318105 0.253031 0.788022
v 0.359266 -0.133817 0.794295
v -0.319129 0.251866 0.794295
v 0.360754 -0.130513 0.800726
v -0.320687 0.249763 0.800726
v 0.361726 -0.128083 0.807157
v -0.322717 0.246762 0.807157
v 0.362179 -0.126599 0.813430
v -0.325151 0.242925 0.813430
v 0.362124 -0.126109 0.819390
v -0.327910 0.238340 0.819390
v 0.361581 -0.126633 0.824890
v -0.330916 0.233115 0.824890
v 0.360578 -0.128167 0.829796
v -0.334089 0.227373 0.829796
v 0.359148 -0.130675 0.833985
v -0.337352 0.221261 0.833985
v 0.357328 -0.134096 0.837356
v -0.340633 0.214934 0.837356
v 0.355159 -0.138343 0.839824
v -0.343864 0.208556 0.839824
v 0.352682 -0.143305 0.841330
v -0.346986 0.202290 0.841330
v -0.005647 0.012348 0.839824
v -0.008348 0.007033 0.837356
v -0.010898 0.002159 0.833985
v -0.013244 -0.002150 0.829795
v -0.015332 -0.005788 0.824890
v -0.017107 -0.008664 0.819390
v -0.018514 -0.010711 0.813430
v -0.019504 -0.011887 0.807157
v -0.020033 -0.012173 0.800726
v -0.020068 -0.011572 0.794295
v -0.019587 -0.010112 0.788022
v -0.018583 -0.007840 0.782062
v -0.017068 -0.004820 0.776562
v -0.015069 -0.001133 0.771656
v -0.012633 0.003127 0.767467
v -0.009823 0.007857 0.764096
v -0.006719 0.012945 0.761627
v -0.003412 0.018275 0.760122
v 0.000000 0.023727 0.759615
v 0.003412 0.029178 0.760122
v 0.006720 0.034507 0.761627
v 0.009824 0.039595 0.764096
v 0.012633 0.044325 0.767467
v 0.015069 0.048585 0.771656
v 0.017068 0.052272 0.776562
v 0.018583 0.055292 0.782062
v 0.019587 0.057566 0.788022
v 0.020068 0.059025 0.794295
v 0.020033 0.059625 0.800726
v 0.019504 0.059339 0.807157
v 0.018514 0.058163 0.813430
v 0.017107 0.056116 0.819390
v 0.015333 0.053240 0.824890
v 0.013244 0.049604 0.829796
v 0.010898 0.045293 0.833985
v 0.008348 0.040419 0.837356
v 0.005647 0.035106 0.839824
v 0.002848 0.029492 0.841330
v -0.000368 0.017305 1.166089
v 0.000000 0.023727 1.166595
v 0.389559 0.001664 1.166595
v -0.389559 0.045790 1.166595
v 0.389177 -0.005001 1.166089
v -0.389912 0.039612 1.166089
v 0.388753 -0.011988 1.164583
v -0.390252 0.034077 1.164583
v 0.388272 -0.019123 1.162114
v -0.390589 0.029319 1.162114
v 0.387726 -0.026229 1.158744
v -0.390927 0.025459 1.158744
v 0.387111 -0.033130 1.154554
v -0.391263 0.022592 1.154554
v 0.386435 -0.039653 1.149649
v -0.391587 0.020789 1.149649
v 0.385711 -0.045638 1.144148
v -0.391882 0.020094 1.144148
v 0.384963 -0.050938 1.138188
v -0.392124 0.020523 1.138188
v 0.384223 -0.055421 1.131916
v -0.392286 0.022066 1.131916
v 0.383527 -0.058977 1.125484
v -0.392341 0.024682 1.125484
v 0.382916 -0.061521 1.119053
v -0.392263 0.028305 1.119053
v 0.382428 -0.062995 1.112781
v -0.392031 0.032842 1.112781
v 0.382100 -0.063363 1.106821
v -0.391632 0.038179 1.106821
v 0.381960 -0.062621 1.101320
v -0.391063 0.044181 1.101320
v 0.382027 -0.060790 1.096415
v -0.390333 0.050700 1.096415
v 0.382310 -0.057917 1.092226
v -0.389462 0.057573 1.092226
v 0.382803 -0.054073 1.088855
v -0.388481 0.064632 1.088855
v 0.383489 -0.049353 1.086386
v -0.387430 0.071705 1.086386
v 0.384337 -0.043872 1.084880
v -0.386355 0.078622 1.084880
v 0.385308 -0.037762 1.084374
v -0.385307 0.085214 1.084374
v 0.386356 -0.031170 1.084880
v -0.384336 0.091325 1.084880
v 0.387430 -0.024253 1.086386
v -0.383488 0.096806 1.086386
v 0.388482 -0.017180 1.088855
v -0.382803 0.101525 1.088855
v 0.389463 -0.010120 1.092226
v -0.382310 0.105369 1.092226
v 0.390334 -0.003246 1.096415
v -0.382027 0.108242 1.096415
v 0.391063 0.003271 1.101321
v -0.381959 0.110073 1.101321
v 0.391632 0.009275 1.106821
v -0.382099 0.110815 1.106821
v 0.392031 0.014610 1.112781
v -0.382428 0.110447 1.112781
v 0.392263 0.019147 1.119053
v -0.382915 0.108975 1.119053
v 0.392342 0.022770 1.125484
v -0.383527 0.106429 1.125484
v 0.392287 0.025386 1.131916
v -0.384223 0.102873 1.131916
v 0.392124 0.026930 1.138189
v -0.384963 0.098391 1.138189
v 0.391882 0.027361 1.144148
v -0.385711 0.093093 1.144148
v 0.391587 0.026664 1.149649
v -0.386435 0.087107 1.149649
v 0.391263 0.024861 1.154554
v -0.387111 0.080582 1.154554
v 0.390927 0.021993 1.158744
v -0.387725 0.073681 1.158744
v 0.390589 0.018133 1.162114
v -0.388272 0.066575 1.162114
v 0.390253 0.013377 1.164583
v -0.388753 0.059440 1.164583
v 0.389913 0.007840 1.166089
v -0.389177 0.052453 1.166089
v -0.000750 0.011044 1.164583
v -0.001158 0.005098 1.162114
v -0.001600 -0.000384 1.158744
v -0.002076 -0.005268 1.154554
v -0.002576 -0.009432 1.149649
v -0.003085 -0.012772 1.144148
v -0.003580 -0.015207 1.138188
v -0.004032 -0.016678 1.131916
v -0.004407 -0.017147 1.125484
v -0.004674 -0.016607 1.119053
v -0.004802 -0.015076 1.112781
v -0.004766 -0.012592 1.106821
v -0.004552 -0.009220 1.101320
v -0.004153 -0.005045 1.096415
v -0.003576 -0.000172 1.092226
v -0.002839 0.005280 1.088855
v -0.001971 0.011176 1.086386
v -0.001009 0.017376 1.084880
v 0.000000 0.023727 1.084374
v 0.001010 0.030078 1.084880
v 0.001971 0.036276 1.086386
v 0.002839 0.042173 1.088855
v 0.003576 0.047624 1.092226
v 0.004153 0.052497 1.096415
v 0.004552 0.056672 1.101321
v 0.004766 0.060044 1.106821
v 0.004802 0.062529 1.112781
v 0.004674 0.064061 1.119053
v 0.004407 0.064601 1.125484
v 0.004032 0.064130 1.131916
v 0.003581 0.062661 1.138189
v 0.003086 0.060227 1.144148
v 0.002576 0.056886 1.149649
v 0.002076 0.052721 1.154554
v 0.001601 0.047837 1.158744
v 0.001159 0.042354 1.162114
v 0.000750 0.036409 1.164583
v 0.000368 0.030147 1.166089
v 0.002171 0.017673 1.490848
v 0.000000 0.023727 1.491354
v 0.367190 0.155690 1.491354
v -0.367190 -0.108236 1.491354
v 0.369444 0.149407 1.490848
v -0.365101 -0.114061 1.490848
v 0.371784 0.142810 1.489342
v -0.363250 -0.119289 1.489342
v 0.374130 0.136054 1.486873
v -0.361701 -0.123798 1.486873
v 0.376405 0.129300 1.483503
v -0.360502 -0.127483 1.483503
v 0.378537 0.122708 1.479313
v -0.359691 -0.130255 1.479313
v 0.380465 0.116439 1.474407
v -0.359284 -0.132042 1.474407
v 0.382138 0.110646 1.468907
v -0.359284 -0.132796 1.468907
v 0.383521 0.105476 1.462947
v -0.359675 -0.132496 1.462947
v 0.384592 0.101061 1.456674
v -0.360428 -0.131138 1.456674
v 0.385341 0.097516 1.450243
v -0.361501 -0.128753 1.450243
v 0.385773 0.094936 1.443812
v -0.362845 -0.125387 1.443812
v 0.385900 0.093388 1.437539
v -0.364405 -0.121120 1.437539
v 0.385742 0.092921 1.431579
v -0.366123 -0.116052 1.431579
v 0.385323 0.093549 1.426079
v -0.367946 -0.110304 1.426079
v 0.384670 0.095261 1.421174
v -0.369822 -0.104020 1.421174
v 0.383807 0.098018 1.416984
v -0.371707 -0.097354 1.416984
v 0.382758 0.101747 1.413614
v -0.373563 -0.090472 1.413613
v 0.381544 0.106360 1.411145
v -0.375361 -0.083551 1.411145
v 0.380182 0.111735 1.409639
v -0.377075 -0.076764 1.409639
v 0.378688 0.117740 1.409133
v -0.378687 -0.070287 1.409133
v 0.377075 0.124217 1.409639
v -0.380182 -0.064283 1.409639
v 0.375361 0.131003 1.411145
v -0.381544 -0.058906 1.411145
v 0.373564 0.137925 1.413614
v -0.382758 -0.054294 1.413614
v 0.371707 0.144806 1.416984
v -0.383806 -0.050563 1.416984
v 0.369823 0.151473 1.421174
v -0.384669 -0.047809 1.421174
v 0.367946 0.157759 1.426079
v -0.385323 -0.046096 1.426079
v 0.366124 0.163505 1.431579
v -0.385741 -0.045468 1.431579
v 0.364405 0.168573 1.437539
v -0.385900 -0.045936 1.437539
v 0.362845 0.172840 1.443812
v -0.385773 -0.047481 1.443812
v 0.361501 0.176206 1.450243
v -0.385341 -0.050063 1.450243
v 0.360428 0.178593 1.456674
v -0.384592 -0.053609 1.456674
v 0.359675 0.179948 1.462947
v -0.383521 -0.058024 1.462947
v 0.359284 0.180250 1.468907
v -0.382138 -0.063193 1.468907
v 0.359284 0.179494 1.474407
v -0.380464 -0.068986 1.474407
v 0.359691 0.177709 1.479313
v -0.378537 -0.075256 1.479313
v 0.360503 0.174937 1.483503
v -0.376405 -0.081848 1.483503
v 0.361701 0.171251 1.486873
v -0.374130 -0.088601 1.486873
v 0.363251 0.166741 1.489342
v -0.371784 -0.095357 1.489342
v 0.365101 0.161513 1.490848
v -0.369444 -0.101954 1.490848
v 0.004267 0.011761 1.489342
v 0.006215 0.006127 1.486873
v 0.007952 0.000908 1.483503
v 0.009423 -0.003774 1.479313
v 0.010590 -0.007801 1.474407
v 0.011427 -0.011076 1.468907
v 0.011923 -0.013510 1.462947
v 0.012082 -0.015039 1.456674
v 0.011920 -0.015618 1.450243
v 0.011464 -0.015226 1.443812
v 0.010748 -0.013866 1.437539
v 0.009809 -0.011566 1.431579
v 0.008688 -0.008377 1.426079
v 0.007424 -0.004378 1.421174
v 0.006050 0.000332 1.416984
v 0.004597 0.005638 1.413613
v 0.003092 0.011404 1.411145
v 0.001554 0.017485 1.409639
v 0.000000 0.023727 1.409133
v -0.001553 0.029967 1.409639
v -0.003091 0.036049 1.411145
v -0.004597 0.041815 1.413614
v -0.006050 0.047121 1.416984
v -0.007423 0.051833 1.421174
v -0.008688 0.055831 1.426079
v -0.009809 0.059018 1.431579
v -0.010747 0.061319 1.437539
v -0.011464 0.062679 1.443812
v -0.011920 0.063071 1.450243
v -0.012082 0.062492 1.456674
v -0.011923 0.060963 1.462947
v -0.011427 0.058529 1.468907
v -0.010590 0.055255 1.474407
v -0.009423 0.051226 1.479313
v -0.007951 0.046545 1.483503
v -0.006215 0.041325 1.486873
v -0.004267 0.035693 1.489342
v -0.002171 0.029780 1.490848
v 0.004365 0.019004 1.815606
v 0.000000 0.023727 1.816112
v 0.286395 0.288719 1.816112
v -0.286395 -0.241265 1.816112
v 0.290926 0.283816 1.815606
v -0.282196 -0.245808 1.815606
v 0.295658 0.278659 1.814100
v -0.278449 -0.249898 1.814100
v 0.300458 0.273358 1.811632
v -0.275259 -0.253444 1.811632
v 0.305192 0.268031 1.808261
v -0.272716 -0.256368 1.808261
v 0.309731 0.262797 1.804071
v -0.270886 -0.258601 1.804071
v 0.313956 0.257779 1.799166
v -0.269813 -0.260086 1.799166
v 0.317760 0.253101 1.793666
v -0.269518 -0.260781 1.793666
v 0.321054 0.248883 1.787706
v -0.269995 -0.260656 1.787706
v 0.323765 0.245238 1.781433
v -0.271218 -0.259703 1.781433
v 0.325841 0.242268 1.775002
v -0.273140 -0.257924 1.775002
v 0.327247 0.240061 1.768571
v -0.275692 -0.255353 1.768571
v 0.327969 0.238687 1.762298
v -0.278795 -0.252035 1.762298
v 0.328006 0.238196 1.756338
v -0.282358 -0.248042 1.756338
v 0.327375 0.238609 1.750838
v -0.286283 -0.243465 1.750838
v 0.326104 0.239931 1.745932
v -0.290466 -0.238412 1.745932
v 0.324233 0.242129 1.741743
v -0.294807 -0.233014 1.741743
v 0.321809 0.245154 1.738372
v -0.299205 -0.227405 1.738372
v 0.318889 0.248923 1.735903
v -0.303565 -0.221737 1.735903
v 0.315534 0.253339 1.734398
v -0.307796 -0.216160 1.734398
v 0.311812 0.258282 1.733891
v -0.311812 -0.210828 1.733891
v 0.307796 0.263614 1.734398
v -0.315534 -0.205886 1.734398
v 0.303565 0.269189 1.735903
v -0.318889 -0.201470 1.735903
v 0.299205 0.274859 1.738372
v -0.321809 -0.197699 1.738372
v 0.294807 0.280466 1.741743
v -0.324233 -0.194677 1.741743
v 0.290466 0.285866 1.745932
v -0.326104 -0.192478 1.745932
v 0.286283 0.290918 1.750838
v -0.327374 -0.191156 1.750838
v 0.282359 0.295495 1.756338
v -0.328006 -0.190741 1.756338
v 0.278796 0.299488 1.762298
v -0.327968 -0.191234 1.762298
v 0.275692 0.302806 1.768571
v -0.327247 -0.192608 1.768571
v 0.273140 0.305379 1.775002
v -0.325841 -0.194816 1.775002
v 0.271219 0.307156 1.781433
v -0.323765 -0.197785 1.781433
v 0.269995 0.308111 1.787706
v -0.321054 -0.201430 1.787706
v 0.269518 0.308235 1.793666
v -0.317760 -0.205649 1.793666
v 0.269813 0.307540 1.799166
v -0.313956 -0.210326 1.799166
v 0.270886 0.306054 1.804072
v -0.309731 -0.215344 1.804072
v 0.272716 0.303821 1.808261
v -0.305192 -0.220578 1.808261
v 0.275260 0.300897 1.811632
v -0.300458 -0.225906 1.811632
v 0.278449 0.297352 1.814100
v -0.295658 -0.231206 1.814100
v 0.282196 0.293263 1.815606
v -0.290925 -0.236363 1.815606
v 0.008605 0.014381 1.814100
v 0.012599 0.009957 1.811632
v 0.016238 0.005832 1.808261
v 0.019423 0.002098 1.804071
v 0.022071 -0.001154 1.799166
v 0.024121 -0.003840 1.793666
v 0.025529 -0.005886 1.787706
v 0.026273 -0.007232 1.781433
v 0.026351 -0.007829 1.775002
v 0.025778 -0.007645 1.768571
v 0.024587 -0.006673 1.762298
v 0.022824 -0.004923 1.756338
v 0.020546 -0.002427 1.750838
v 0.017819 0.000759 1.745932
v 0.014713 0.004558 1.741743
v 0.011302 0.008875 1.738372
v 0.007662 0.013594 1.735903
v 0.003869 0.018589 1.734398
v 0.000000 0.023727 1.733891
v -0.003869 0.028864 1.734398
v -0.007662 0.033859 1.735903
v -0.011302 0.038580 1.738372
v -0.014713 0.042895 1.741743
v -0.017819 0.046694 1.745932
v -0.020546 0.049880 1.750838
v -0.022823 0.052376 1.756338
v -0.024586 0.054128 1.762298
v -0.025778 0.055099 1.768571
v -0.026351 0.055282 1.775002
v -0.026273 0.054685 1.781433
v -0.025529 0.053340 1.787706
v -0.024121 0.051294 1.793666
v -0.022071 0.048607 1.799166
v -0.019422 0.045355 1.804072
v -0.016238 0.041622 1.808261
v -0.012599 0.037496 1.811632
v -0.008604 0.033073 1.814100
v -0.004365 0.028449 1.815606
v 0.005864 0.021085 2.140365
v 0.000000 0.023727 2.140871
v 0.160030 0.379583 2.140871
v -0.160029 -0.332130 2.140871
v 0.166116 0.376841 2.140365
v -0.154388 -0.334670 2.140365
v 0.172488 0.373943 2.138859
v -0.149341 -0.336969 2.138859
v 0.178978 0.370942 2.136390
v -0.145019 -0.338986 2.136390
v 0.185418 0.367887 2.133020
v -0.141536 -0.340683 2.133020
v 0.191642 0.364844 2.128830
v -0.138979 -0.342023 2.128830
v 0.197491 0.361878 2.123925
v -0.137410 -0.342971 2.123925
v 0.202822 0.359059 2.118424
v -0.136867 -0.343495 2.118424
v 0.207502 0.356465 2.112464
v -0.137355 -0.343567 2.112464
v 0.211422 0.354170 2.106192
v -0.138854 -0.343167 2.106192
v 0.214494 0.352246 2.099761
v -0.141317 -0.342282 2.099761
v 0.216651 0.350764 2.093329
v -0.144672 -0.340912 2.093329
v 0.217852 0.349781 2.087057
v -0.148825 -0.339072 2.087057
v 0.218078 0.349343 2.081097
v -0.153665 -0.336789 2.081097
v 0.217335 0.349479 2.075596
v -0.159066 -0.334109 2.075596
v 0.215650 0.350197 2.070691
v -0.164892 -0.331096 2.070691
v 0.213068 0.351489 2.066502
v -0.170998 -0.327822 2.066502
v 0.209655 0.353326 2.063131
v -0.177239 -0.324380 2.063131
v 0.205494 0.355656 2.060662
v -0.183467 -0.320865 2.060662
v 0.200679 0.358409 2.059156
v -0.189541 -0.317386 2.059156
v 0.195321 0.361503 2.058650
v -0.195321 -0.314048 2.058650
v 0.189541 0.364840 2.059156
v -0.200679 -0.310955 2.059156
v 0.183467 0.368319 2.060662
v -0.205494 -0.308201 2.060662
v 0.177238 0.371833 2.063131
v -0.209655 -0.305873 2.063131
v 0.170998 0.375276 2.066502
v -0.213068 -0.304036 2.066502
v 0.164892 0.378549 2.070691
v -0.215649 -0.302744 2.070691
v 0.159066 0.381563 2.075597
v -0.217335 -0.302025 2.075597
v 0.153665 0.384242 2.081097
v -0.218078 -0.301890 2.081097
v 0.148825 0.386525 2.087057
v -0.217852 -0.302328 2.087057
v 0.144672 0.388365 2.093329
v -0.216651 -0.303311 2.093329
v 0.141317 0.389736 2.099761
v -0.214494 -0.304792 2.099761
v 0.138854 0.390621 2.106192
v -0.211422 -0.306716 2.106192
v 0.137355 0.391020 2.112465
v -0.207502 -0.309012 2.112465
v 0.136867 0.390948 2.118424
v -0.202821 -0.311606 2.118424
v 0.137410 0.390424 2.123925
v -0.197491 -0.314425 2.123925
v 0.138979 0.389476 2.128830
v -0.191642 -0.317391 2.128830
v 0.141536 0.388137 2.133020
v -0.185418 -0.320434 2.133020
v 0.145020 0.386439 2.136390
v -0.178978 -0.323489 2.136390
v 0.149341 0.384422 2.138859
v -0.172487 -0.326490 2.138859
v 0.154389 0.382124 2.140365
v -0.166116 -0.329388 2.140365
v 0.011573 0.018488 2.138859
v 0.016979 0.015978 2.136390
v 0.021941 0.013602 2.133020
v 0.026332 0.011411 2.128830
v 0.030041 0.009453 2.123925
v 0.032977 0.007781 2.118424
v 0.035074 0.006448 2.112464
v 0.036284 0.005500 2.106192
v 0.036589 0.004983 2.099761
v 0.035990 0.004927 2.093329
v 0.034513 0.005356 2.087057
v 0.032207 0.006277 2.081097
v 0.029135 0.007685 2.075596
v 0.025379 0.009551 2.070691
v 0.021035 0.011835 2.066502
v 0.016209 0.014474 2.063131
v 0.011013 0.017394 2.060662
v 0.005569 0.020511 2.059156
v 0.000000 0.023727 2.058650
v -0.005569 0.026942 2.059156
v -0.011013 0.030059 2.060662
v -0.016208 0.032979 2.063131
v -0.021035 0.035619 2.066502
v -0.025379 0.037903 2.070691
v -0.029134 0.039769 2.075597
v -0.032206 0.041176 2.081097
v -0.034513 0.042098 2.087057
v -0.035990 0.042528 2.093329
v -0.036588 0.042472 2.099761
v -0.036284 0.041953 2.106192
v -0.035073 0.041005 2.112465
v -0.032977 0.039672 2.118424
v -0.030040 0.038001 2.123925
v -0.026331 0.036043 2.128830
v -0.021941 0.033851 2.133020
v -0.016979 0.031475 2.136390
v -0.011573 0.028966 2.138859
v -0.005864 0.026369 2.140365
v 0.006430 0.023588 2.465124
v 0.000000 0.023727 2.465630
v 0.008201 0.413824 2.465630
v -0.008201 -0.366370 2.465630
v 0.014874 0.413680 2.465124
v -0.002015 -0.366504 2.465124
v 0.021872 0.413504 2.463618
v 0.003529 -0.366648 2.463618
v 0.029019 0.413277 2.461149
v 0.008295 -0.366814 2.461149
v 0.036140 0.412984 2.457779
v 0.012165 -0.367014 2.457779
v 0.043059 0.412615 2.453588
v 0.015043 -0.367248 2.453588
v 0.049603 0.412171 2.448684
v 0.016857 -0.367508 2.448684
v 0.055610 0.411660 2.443183
v 0.017562 -0.367778 2.443183
v 0.060933 0.411101 2.437223
v 0.017141 -0.368035 2.437223
v 0.065438 0.410520 2.430950
v 0.015605 -0.368253 2.430950
v 0.069017 0.409952 2.424519
v 0.012992 -0.368400 2.424519
v 0.071582 0.409430 2.418088
v 0.009369 -0.368451 2.418088
v 0.073071 0.408996 2.411815
v 0.004826 -0.368380 2.411815
v 0.073451 0.408681 2.405855
v -0.000521 -0.368172 2.405855
v 0.072714 0.408514 2.400355
v -0.006540 -0.367817 2.400355
v 0.070882 0.408518 2.395450
v -0.013080 -0.367318 2.395450
v 0.068000 0.408698 2.391260
v -0.019980 -0.366692 2.391260
v 0.064141 0.409054 2.387890
v -0.027070 -0.365964 2.387889
v 0.059401 0.409571 2.385421
v -0.034176 -0.365164 2.385421
v 0.053893 0.410223 2.383915
v -0.041126 -0.364337 2.383915
v 0.047752 0.410977 2.383409
v -0.047752 -0.363524 2.383409
v 0.041126 0.411790 2.383915
v -0.053893 -0.362769 2.383915
v 0.034176 0.412618 2.385421
v -0.059401 -0.362117 2.385421
v 0.027070 0.413417 2.387890
v -0.064141 -0.361600 2.387890
v 0.019980 0.414147 2.391260
v -0.068000 -0.361244 2.391260
v 0.013080 0.414772 2.395450
v -0.070882 -0.361064 2.395450
v 0.006540 0.415270 2.400355
v -0.072714 -0.361060 2.400355
v 0.000521 0.415625 2.405855
v -0.073451 -0.361228 2.405855
v -0.004826 0.415835 2.411815
v -0.073071 -0.361543 2.411815
v -0.009369 0.415904 2.418088
v -0.071582 -0.361977 2.418088
v -0.012992 0.415855 2.424519
v -0.069017 -0.362497 2.424519
v -0.015605 0.415707 2.430950
v -0.065438 -0.363067 2.430950
v -0.017141 0.415489 2.437223
v -0.060932 -0.363648 2.437223
v -0.017562 0.415232 2.443183
v -0.055610 -0.364206 2.443183
v -0.016857 0.414962 2.448684
v -0.049603 -0.364718 2.448684
v -0.015043 0.414702 2.453589
v -0.043058 -0.365161 2.453589
v -0.012165 0.414468 2.457779
v -0.036140 -0.365529 2.457779
v -0.008295 0.414267 2.461149
v -0.029019 -0.365824 2.461149
v -0.003529 0.414101 2.463618
v -0.021871 -0.366049 2.463618
v 0.002015 0.413958 2.465124
v -0.014874 -0.366226 2.465124
v 0.012700 0.023429 2.463618
v 0.018657 0.023231 2.461149
v 0.024153 0.022984 2.457779
v 0.029051 0.022684 2.453588
v 0.033230 0.022330 2.448684
v 0.036586 0.021941 2.443183
v 0.039037 0.021532 2.437223
v 0.040522 0.021134 2.430950
v 0.041004 0.020776 2.424519
v 0.040475 0.020490 2.418088
v 0.038949 0.020307 2.411815
v 0.036465 0.020255 2.405855
v 0.033087 0.020348 2.400355
v 0.028901 0.020600 2.395450
v 0.024010 0.021002 2.391260
v 0.018536 0.021546 2.387889
v 0.012612 0.022204 2.385421
v 0.006383 0.022943 2.383915
v 0.000000 0.023727 2.383409
v -0.006383 0.024510 2.383915
v -0.012612 0.025251 2.385421
v -0.018536 0.025909 2.387890
v -0.024010 0.026452 2.391260
v -0.028901 0.026854 2.395450
v -0.033087 0.027105 2.400355
v -0.036465 0.027198 2.405855
v -0.038949 0.027146 2.411815
v -0.040475 0.026964 2.418088
v -0.041004 0.026679 2.424519
v -0.040521 0.026319 2.430950
v -0.039037 0.025921 2.437223
v -0.036586 0.025513 2.443183
v -0.033230 0.025123 2.448684
v -0.029051 0.024770 2.453589
v -0.024153 0.024470 2.457779
v -0.018657 0.024223 2.461149
v -0.012700 0.024026 2.463618
v -0.006430 0.023866 2.465124
v -0.030458 0.468647 -2.543220
v -0.058725 0.465805 -2.491696
v -0.086753 0.461169 -2.440172
v -0.114429 0.454758 -2.388648
v -0.141640 0.446598 -2.337124
v -0.168277 0.436722 -2.285600
v -0.194231 0.425170 -2.234076
v -0.219397 0.411988 -2.182552
v -0.243672 0.397231 -2.131028
v -0.266959 0.380959 -2.079504
v -0.289162 0.363237 -2.027981
v -0.310192 0.344137 -1.976457
v -0.329963 0.323737 -1.924933
v -0.348396 0.302119 -1.873409
v -0.365414 0.279372 -1.821885
v -0.380950 0.255587 -1.770361
v -0.394939 0.230862 -1.718837
v -0.407326 0.205296 -1.667313
v -0.418060 0.178993 -1.615789
v -0.427098 0.152060 -1.564265
v -0.434402 0.124606 -1.512741
v -0.439944 0.096743 -1.461217
v -0.443700 0.068584 -1.409693
v -0.445656 0.040242 -1.358169
v -0.445803 0.011834 -1.306646
v -0.444142 -0.016527 -1.255122
v -0.440678 -0.044723 -1.203598
v -0.435425 -0.072642 -1.152074
v -0.428406 -0.100170 -1.100550
v -0.419648 -0.127196 -1.049026
v -0.409187 -0.153609 -0.997502
v -0.397066 -0.179302 -0.945978
v -0.383334 -0.204171 -0.894454
v -0.368046 -0.228115 -0.842930
v -0.351264 -0.251038 -0.791407
v -0.333057 -0.272845 -0.739883
v -0.313499 -0.293450 -0.688359
v -0.292668 -0.312766 -0.636835
v -0.270650 -0.330718 -0.585311
v -0.247533 -0.347231 -0.533787
v -0.223412 -0.362239 -0.482263
v -0.198384 -0.375680 -0.430739
v -0.172552 -0.387501 -0.379216
v -0.146019 -0.397653 -0.327692
v -0.118893 -0.406095 -0.276168
v -0.091285 -0.412793 -0.224644
v -0.063307 -0.417719 -0.173120
v -0.035071 -0.420854 -0.121596
v -0.006694 -0.422185 -0.070072
v 0.021711 -0.421707 -0.018549
v 0.050028 -0.419421 0.032975
v 0.078141 -0.415336 0.084499
v 0.105938 -0.409470 0.136023
v 0.133304 -0.401846 0.187547
v 0.160130 -0.392495 0.239071
v 0.186306 -0.381455 0.290595
v 0.211726 -0.368771 0.342118
v 0.236287 -0.354494 0.393642
v 0.259889 -0.338682 0.445166
v 0.282436 -0.321400 0.496690
v 0.303837 -0.302717 0.548214
v 0.324005 -0.282709 0.599738
v 0.342859 -0.261458 0.651262
v 0.360321 -0.239050 0.702786
v 0.376320 -0.215575 0.754309
v 0.390793 -0.191129 0.805833
v 0.403680 -0.165811 0.857357
v 0.414929 -0.139723 0.908881
v 0.424494 -0.112974 0.960405
v 0.432336 -0.085668 1.011929
v 0.438424 -0.057921 1.063453
v 0.442733 -0.029841 1.114977
v 0.445245 -0.001542 1.166500
v 0.445951 0.026857 1.218024
v 0.444847 0.055245 1.269548
v 0.441937 0.083505 1.321072
v 0.437235 0.111522 1.372596
v 0.430758 0.139181 1.424120
v 0.422533 0.166373 1.475644
v 0.412593 0.192986 1.527168
v 0.400979 0.218913 1.578691
v 0.387738 0.244048 1.630215
v 0.372923 0.268288 1.681739
v 0.356596 0.291535 1.733263
v 0.338821 0.313697 1.784787
v 0.319670 0.334681 1.836311
v 0.299223 0.354403 1.887835
v 0.277562 0.372785 1.939359
v 0.254774 0.389748 1.990883
v 0.230953 0.405228 2.042408
v 0.206194 0.419159 2.093931
v 0.180598 0.431485 2.145455
v 0.154270 0.442156 2.196980
v 0.127315 0.451130 2.248504
v 0.099844 0.458368 2.300028
v 0.071968 0.463844 2.351552
v 0.043799 0.467533 2.403076
v 0.015453 0.469421 2.454600
v -0.012956 0.469500 2.506124
v -0.041312 0.467771 2.557648
v -0.032560 0.467895 2.557648
v -0.004214 0.469068 2.506124
v 0.024149 0.468433 2.454600
v 0.052415 0.465993 2.403076
v 0.080468 0.461758 2.351552
v 0.108194 0.455746 2.300029
v 0.135481 0.447981 2.248505
v 0.162218 0.438493 2.196981
v 0.188297 0.427323 2.145457
v 0.213612 0.414515 2.093933
v 0.238060 0.400122 2.042409
v 0.261542 0.384200 1.990886
v 0.283963 0.366818 1.939362
v 0.305232 0.348040 1.887838
v 0.325261 0.327948 1.836314
v 0.343971 0.306622 1.784790
v 0.361285 0.284147 1.733266
v 0.377133 0.260616 1.681742
v 0.391451 0.236123 1.630219
v 0.404180 0.210769 1.578695
v 0.415269 0.184656 1.527171
v 0.424673 0.157889 1.475647
v 0.432353 0.130577 1.424123
v 0.438279 0.102832 1.372599
v 0.442426 0.074767 1.321075
v 0.444778 0.046494 1.269552
v 0.445326 0.018129 1.218028
v 0.444066 -0.010214 1.166504
v 0.441004 -0.038418 1.114980
v 0.436152 -0.066371 1.063456
v 0.429531 -0.093958 1.011932
v 0.421166 -0.121067 0.960408
v 0.411093 -0.147590 0.908884
v 0.399351 -0.173416 0.857361
v 0.385988 -0.198443 0.805837
v 0.371060 -0.222567 0.754313
v 0.354625 -0.245694 0.702789
v 0.336752 -0.267726 0.651265
v 0.317512 -0.288576 0.599741
v 0.296983 -0.308158 0.548217
v 0.275250 -0.326393 0.496694
v 0.252399 -0.343208 0.445170
v 0.228524 -0.358534 0.393646
v 0.203722 -0.372309 0.342122
v 0.178093 -0.384476 0.290598
v 0.151741 -0.394987 0.239074
v 0.124774 -0.403799 0.187550
v 0.097300 -0.410876 0.136026
v 0.069432 -0.416189 0.084502
v 0.041281 -0.419717 0.032978
v 0.012963 -0.421446 -0.018546
v -0.015407 -0.421368 -0.070070
v -0.043715 -0.419484 -0.121594
v -0.071845 -0.415801 -0.173118
v -0.099684 -0.410335 -0.224642
v -0.127119 -0.403107 -0.276166
v -0.154038 -0.394148 -0.327690
v -0.180331 -0.383492 -0.379214
v -0.205893 -0.371184 -0.430737
v -0.230619 -0.357274 -0.482262
v -0.254409 -0.341817 -0.533786
v -0.277167 -0.324877 -0.585309
v -0.298801 -0.306522 -0.636833
v -0.319221 -0.286828 -0.688358
v -0.338347 -0.265873 -0.739881
v -0.356099 -0.243743 -0.791405
v -0.372406 -0.220527 -0.842929
v -0.387202 -0.196320 -0.894453
v -0.400427 -0.171220 -0.945977
v -0.412027 -0.145330 -0.997501
v -0.421955 -0.118753 -1.049025
v -0.430170 -0.091598 -1.100549
v -0.436640 -0.063975 -1.152073
v -0.441338 -0.035996 -1.203597
v -0.444245 -0.007775 -1.255121
v -0.445350 0.020574 -1.306645
v -0.444647 0.048936 -1.358169
v -0.442139 0.077196 -1.409693
v -0.437838 0.105238 -1.461217
v -0.431760 0.132950 -1.512740
v -0.423929 0.160219 -1.564264
v -0.414379 0.186933 -1.615788
v -0.403147 0.212986 -1.667313
v -0.390278 0.238270 -1.718836
v -0.375827 0.262684 -1.770360
v -0.359850 0.286128 -1.821884
v -0.342412 0.308507 -1.873408
v -0.323586 0.329731 -1.924932
v -0.303446 0.349713 -1.976456
v -0.282074 0.368372 -2.027980
v -0.259559 0.385632 -2.079504
v -0.235989 0.401424 -2.131028
v -0.211463 0.415683 -2.182552
v -0.186078 0.428352 -2.234076
v -0.159937 0.439378 -2.285600
v -0.133148 0.448718 -2.337124
v -0.105819 0.456333 -2.388648
v -0.078060 0.462193 -2.440172
v -0.049985 0.466274 -2.491696
v -0.021706 0.468558 -2.543220
v -0.023897 0.466649 2.557648
v 0.004353 0.467272 2.506124
v 0.032584 0.466096 2.454600
v 0.060684 0.463123 2.403076
v 0.088537 0.458368 2.351552
v 0.116031 0.451848 2.300029
v 0.143054 0.443592 2.248505
v 0.169497 0.433633 2.196981
v 0.195252 0.422008 2.145457
v 0.220214 0.408769 2.093933
v 0.244283 0.393967 2.042409
v 0.267360 0.377662 1.990886
v 0.289353 0.359920 1.939362
v 0.310171 0.340815 1.887838
v 0.329731 0.320424 1.836314
v 0.347953 0.298828 1.784790
v 0.364762 0.276116 1.733266
v 0.380092 0.252379 1.681742
v 0.393879 0.227714 1.630219
v 0.406068 0.202222 1.578695
v 0.416609 0.176005 1.527171
v 0.425459 0.149171 1.475647
v 0.432583 0.121827 1.424123
v 0.437951 0.094087 1.372599
v 0.441542 0.066059 1.321075
v 0.443342 0.037860 1.269552
v 0.443342 0.009605 1.218028
v 0.441543 -0.018595 1.166504
v 0.437953 -0.046623 1.114980
v 0.432585 -0.074364 1.063456
v 0.425462 -0.101708 1.011932
v 0.416612 -0.128543 0.960408
v 0.406072 -0.154759 0.908884
v 0.393884 -0.180252 0.857361
v 0.380098 -0.204915 0.805837
v 0.364769 -0.228654 0.754313
v 0.347959 -0.251366 0.702789
v 0.329738 -0.272963 0.651265
v 0.310179 -0.293355 0.599741
v 0.289361 -0.312461 0.548217
v 0.267369 -0.330202 0.496694
v 0.244292 -0.346507 0.445170
v 0.220224 -0.361309 0.393646
v 0.195261 -0.374551 0.342122
v 0.169507 -0.386175 0.290598
v 0.143064 -0.396136 0.239074
v 0.116041 -0.404393 0.187550
v 0.088548 -0.410913 0.136026
v 0.060694 -0.415669 0.084502
v 0.032595 -0.418641 0.032978
v 0.004363 -0.419819 -0.018546
v -0.023886 -0.419197 -0.070070
v -0.052039 -0.416777 -0.121594
v -0.079980 -0.412570 -0.173118
v -0.107597 -0.406593 -0.224642
v -0.134777 -0.398869 -0.276166
v -0.161410 -0.389430 -0.327690
v -0.187388 -0.378315 -0.379214
v -0.212606 -0.365568 -0.430737
v -0.236961 -0.351242 -0.482262
v -0.260355 -0.335393 -0.533786
v -0.282692 -0.318088 -0.585309
v -0.303881 -0.299395 -0.636833
v -0.323838 -0.279392 -0.688358
v -0.342481 -0.258158 -0.739881
v -0.359733 -0.235780 -0.791405
v -0.375526 -0.212349 -0.842929
v -0.389795 -0.187960 -0.894453
v -0.402482 -0.162712 -0.945977
v -0.413536 -0.136708 -0.997501
v -0.422912 -0.110053 -1.049025
v -0.430572 -0.082854 -1.100549
v -0.436484 -0.055224 -1.152073
v -0.440625 -0.027272 -1.203597
v -0.442979 0.000886 -1.255121
v -0.443534 0.029137 -1.306645
v -0.442290 0.057366 -1.358169
v -0.439250 0.085458 -1.409693
v -0.434429 0.113300 -1.461217
v -0.427844 0.140778 -1.512740
v -0.419523 0.167781 -1.564264
v -0.409500 0.194200 -1.615788
v -0.397815 0.219927 -1.667313
v -0.384516 0.244858 -1.718836
v -0.369656 0.268892 -1.770360
v -0.353297 0.291930 -1.821884
v -0.335503 0.313881 -1.873408
v -0.316348 0.334653 -1.924932
v -0.295910 0.354164 -1.976456
v -0.274270 0.372335 -2.027980
v -0.251518 0.389090 -2.079504
v -0.227745 0.404363 -2.131028
v -0.203048 0.418091 -2.182552
v -0.177526 0.430219 -2.234076
v -0.151285 0.440698 -2.285600
v -0.124429 0.449484 -2.337124
v -0.097069 0.456542 -2.388648
v -0.069314 0.461845 -2.440172
v -0.041279 0.465369 -2.491696
v -0.013076 0.467101 -2.543220
v -0.015535 0.464064 2.557648
v 0.012533 0.464158 2.506124
v 0.040550 0.462468 2.454600
v 0.068403 0.458996 2.403076
v 0.095977 0.453757 2.351552
v 0.123163 0.446773 2.300029
v 0.149848 0.438074 2.248505
v 0.175926 0.427692 2.196981
v 0.201289 0.415671 2.145457
v 0.225836 0.402059 2.093933
v 0.249466 0.386913 2.042409
v 0.272084 0.370293 1.990886
v 0.293598 0.352266 1.939362
v 0.313920 0.332906 1.887838
v 0.332969 0.312292 1.836314
v 0.350666 0.290507 1.784790
v 0.366940 0.267637 1.733266
v 0.381726 0.243780 1.681742
v 0.394962 0.219029 1.630219
v 0.406595 0.193485 1.578695
v 0.416579 0.167252 1.527171
v 0.424872 0.140438 1.475647
v 0.431441 0.113150 1.424123
v 0.436259 0.085498 1.372599
v 0.439307 0.057597 1.321075
v 0.440572 0.029558 1.269552
v 0.440049 0.001494 1.218028
v 0.437741 -0.026478 1.166504
v 0.433656 -0.054248 1.114980
v 0.427812 -0.081700 1.063456
v 0.420231 -0.108725 1.011932
v 0.410945 -0.135213 0.960408
v 0.399992 -0.161055 0.908884
v 0.387415 -0.186148 0.857361
v 0.373267 -0.210389 0.805837
v 0.357603 -0.233679 0.754313
v 0.340488 -0.255926 0.702789
v 0.321992 -0.277038 0.651265
v 0.302189 -0.296929 0.599741
v 0.281160 -0.315518 0.548217
v 0.258990 -0.332731 0.496694
v 0.235769 -0.348498 0.445170
v 0.211591 -0.362754 0.393646
v 0.186554 -0.375442 0.342122
v 0.160760 -0.386510 0.290598
v 0.134314 -0.395913 0.239074
v 0.107324 -0.403614 0.187550
v 0.079897 -0.409580 0.136026
v 0.052146 -0.413788 0.084502
v 0.024184 -0.416220 0.032978
v -0.003877 -0.416867 -0.018546
v -0.031922 -0.415727 -0.070070
v -0.059837 -0.412802 -0.121594
v -0.087509 -0.408107 -0.173118
v -0.114826 -0.401659 -0.224642
v -0.141678 -0.393485 -0.276166
v -0.167954 -0.383618 -0.327690
v -0.193549 -0.372097 -0.379214
v -0.218358 -0.358971 -0.430737
v -0.242282 -0.344292 -0.482262
v -0.265222 -0.328119 -0.533786
v -0.287086 -0.310518 -0.585309
v -0.307785 -0.291561 -0.636833
v -0.327235 -0.271325 -0.688358
v -0.345357 -0.249891 -0.739881
v -0.362077 -0.227347 -0.791405
v -0.377328 -0.203784 -0.842929
v -0.391049 -0.179298 -0.894453
v -0.403182 -0.153988 -0.945977
v -0.413679 -0.127957 -0.997501
v -0.422497 -0.101310 -1.049025
v -0.429601 -0.074156 -1.100549
v -0.434961 -0.046605 -1.152073
v -0.438557 -0.018768 -1.203597
v -0.440373 0.009241 -1.255121
v -0.440401 0.037310 -1.306645
v -0.438643 0.065322 -1.358169
v -0.435105 0.093166 -1.409693
v -0.429800 0.120729 -1.461217
v -0.422752 0.147897 -1.512740
v -0.413989 0.174562 -1.564264
v -0.403545 0.200615 -1.615788
v -0.391464 0.225949 -1.667313
v -0.377794 0.250464 -1.718836
v -0.362591 0.274058 -1.770360
v -0.345917 0.296636 -1.821884
v -0.327838 0.318107 -1.873408
v -0.308430 0.338383 -1.924932
v -0.287770 0.357382 -1.976456
v -0.265942 0.375028 -2.027980
v -0.243035 0.391248 -2.079504
v -0.219142 0.405976 -2.131028
v -0.194360 0.419153 -2.182552
v -0.168788 0.430726 -2.234076
v -0.142532 0.440647 -2.285600
v -0.115698 0.448876 -2.337124
v -0.088394 0.455380 -2.388648
v -0.060731 0.460132 -2.440172
v -0.032822 0.463113 -2.491696
v -0.004779 0.464311 -2.543220
v -0.007680 0.460200 2.557648
v 0.020126 0.459804 2.506124
v 0.047850 0.457638 2.454600
v 0.075380 0.453711 2.403076
v 0.102604 0.448039 2.351552
v 0.129412 0.440646 2.300029
v 0.155695 0.431560 2.248505
v 0.181346 0.420819 2.196981
v 0.206261 0.408467 2.145457
v 0.230339 0.394555 2.093933
v 0.253482 0.379136 2.042409
v 0.275596 0.362276 1.990886
v 0.296593 0.344041 1.939362
v 0.316385 0.324508 1.887838
v 0.334894 0.303754 1.836314
v 0.352044 0.281862 1.784790
v 0.367765 0.258923 1.733266
v 0.381994 0.235032 1.681742
v 0.394673 0.210281 1.630219
v 0.405750 0.184774 1.578695
v 0.415180 0.158612 1.527171
v 0.422926 0.131904 1.475647
v 0.428956 0.104757 1.424123
v 0.433245 0.077282 1.372599
v 0.435775 0.049589 1.321075
v 0.436538 0.021789 1.269552
v 0.435529 -0.006000 1.218028
v 0.432752 -0.033671 1.166504
v 0.428220 -0.061108 1.114980
v 0.421950 -0.088200 1.063456
v 0.413967 -0.114839 1.011932
v 0.404305 -0.140915 0.960408
v 0.393002 -0.166323 0.908884
v 0.380104 -0.190960 0.857361
v 0.365664 -0.214724 0.805837
v 0.349739 -0.237523 0.754313
v 0.332396 -0.259261 0.702789
v 0.313704 -0.279851 0.651265
v 0.293739 -0.299208 0.599741
v 0.272581 -0.317255 0.548217
v 0.250318 -0.333919 0.496694
v 0.227039 -0.349131 0.445170
v 0.202838 -0.362830 0.393646
v 0.177815 -0.374960 0.342122
v 0.152069 -0.385473 0.290598
v 0.125707 -0.394325 0.239074
v 0.098835 -0.401480 0.187550
v 0.071561 -0.406910 0.136026
v 0.043997 -0.410593 0.084502
v 0.016255 -0.412513 0.032978
v -0.011553 -0.412663 -0.018546
v -0.039315 -0.411042 -0.070070
v -0.066917 -0.407656 -0.121594
v -0.094247 -0.402521 -0.173118
v -0.121195 -0.395655 -0.224642
v -0.147651 -0.387087 -0.276166
v -0.173508 -0.376853 -0.327690
v -0.198661 -0.364993 -0.379214
v -0.223008 -0.351555 -0.430737
v -0.246450 -0.336595 -0.482262
v -0.268891 -0.320172 -0.533786
v -0.290242 -0.302354 -0.585309
v -0.310415 -0.283213 -0.636833
v -0.329328 -0.262826 -0.688358
v -0.346904 -0.241276 -0.739881
v -0.363073 -0.218651 -0.791405
v -0.377769 -0.195042 -0.842929
v -0.390931 -0.170546 -0.894453
v -0.402507 -0.145261 -0.945977
v -0.412450 -0.119291 -0.997501
v -0.420719 -0.092740 -1.049025
v -0.427281 -0.065716 -1.100549
v -0.432109 -0.038329 -1.152073
v -0.435183 -0.010691 -1.203597
v -0.436492 0.017087 -1.255121
v -0.436029 0.044892 -1.306645
v -0.433796 0.072611 -1.358169
v -0.429804 0.100131 -1.409693
v -0.424067 0.127342 -1.461217
v -0.416609 0.154132 -1.512740
v -0.407461 0.180393 -1.564264
v -0.396659 0.206018 -1.615788
v -0.384248 0.230904 -1.667313
v -0.370277 0.254949 -1.718836
v -0.354804 0.278055 -1.770360
v -0.337891 0.300130 -1.821884
v -0.319607 0.321082 -1.873408
v -0.300026 0.340828 -1.924932
v -0.279227 0.359288 -1.976456
v -0.257295 0.376385 -2.027980
v -0.234320 0.392052 -2.079504
v -0.210393 0.406223 -2.131028
v -0.185612 0.418843 -2.182552
v -0.160079 0.429860 -2.234076
v -0.133895 0.439228 -2.285600
v -0.107169 0.446910 -2.337124
v -0.080007 0.452875 -2.388648
v -0.052521 0.457098 -2.440172
v -0.024821 0.459563 -2.491696
v 0.002979 0.460259 -2.543220
v -0.000527 0.455157 2.557648
v 0.026944 0.454316 2.506124
v 0.054305 0.451727 2.454600
v 0.081445 0.447401 2.403076
v 0.108255 0.441356 2.351552
v 0.134626 0.433616 2.300029
v 0.160451 0.424211 2.248505
v 0.185624 0.413184 2.196981
v 0.210044 0.400575 2.145457
v 0.233612 0.386437 2.093933
v 0.256232 0.370827 2.042409
v 0.277812 0.353809 1.990886
v 0.298264 0.335451 1.939362
v 0.317506 0.315828 1.887838
v 0.335460 0.295019 1.836314
v 0.352053 0.273110 1.784790
v 0.367217 0.250188 1.733266
v 0.380890 0.226349 1.681742
v 0.393019 0.201686 1.630219
v 0.403552 0.176302 1.578695
v 0.412447 0.150298 1.527171
v 0.419669 0.123780 1.475647
v 0.425188 0.096856 1.424123
v 0.428982 0.069636 1.372599
v 0.431034 0.042230 1.321075
v 0.431338 0.014748 1.269552
v 0.429891 -0.012697 1.218028
v 0.426700 -0.039993 1.166504
v 0.421777 -0.067032 1.114980
v 0.415143 -0.093702 1.063456
v 0.406824 -0.119897 1.011932
v 0.396854 -0.145507 0.960408
v 0.385273 -0.170432 0.908884
v 0.372130 -0.194569 0.857361
v 0.357476 -0.217819 0.805837
v 0.341371 -0.240090 0.754313
v 0.323881 -0.261289 0.702789
v 0.305077 -0.281333 0.651265
v 0.285035 -0.300137 0.599741
v 0.263837 -0.317629 0.548217
v 0.241567 -0.333735 0.496694
v 0.218318 -0.348390 0.445170
v 0.194182 -0.361535 0.393646
v 0.169258 -0.373117 0.342122
v 0.143648 -0.383089 0.290598
v 0.117454 -0.391409 0.239074
v 0.090784 -0.398045 0.187550
v 0.063746 -0.402970 0.136026
v 0.036449 -0.406163 0.084502
v 0.009004 -0.407611 0.032978
v -0.018478 -0.407309 -0.018546
v -0.045885 -0.405258 -0.070070
v -0.073105 -0.401466 -0.121594
v -0.100029 -0.395949 -0.173118
v -0.126546 -0.388729 -0.224642
v -0.152551 -0.379835 -0.276166
v -0.177936 -0.369303 -0.327690
v -0.202599 -0.357176 -0.379214
v -0.226440 -0.343504 -0.430737
v -0.249362 -0.328341 -0.482262
v -0.271272 -0.311750 -0.533786
v -0.292082 -0.293797 -0.585309
v -0.311706 -0.274556 -0.636833
v -0.330065 -0.254105 -0.688358
v -0.347085 -0.232525 -0.739881
v -0.362696 -0.209906 -0.791405
v -0.376836 -0.186340 -0.842929
v -0.389446 -0.161920 -0.894453
v -0.400476 -0.136747 -0.945977
v -0.409881 -0.110923 -0.997501
v -0.417623 -0.084553 -1.049025
v -0.423669 -0.057743 -1.100549
v -0.427997 -0.030603 -1.152073
v -0.430588 -0.003242 -1.203597
v -0.431431 0.024228 -1.255121
v -0.430524 0.051697 -1.306645
v -0.427869 0.079051 -1.358169
v -0.423479 0.106181 -1.409693
v -0.417370 0.132977 -1.461217
v -0.409567 0.159330 -1.512740
v -0.400102 0.185131 -1.564264
v -0.389013 0.210279 -1.615788
v -0.376346 0.234669 -1.667313
v -0.362152 0.258203 -1.718836
v -0.346488 0.280785 -1.770360
v -0.329418 0.302324 -1.821884
v -0.311011 0.322733 -1.873408
v -0.291343 0.341929 -1.924932
v -0.270491 0.359833 -1.976456
v -0.248543 0.376373 -2.027980
v -0.225585 0.391482 -2.079504
v -0.201713 0.405099 -2.131028
v -0.177021 0.417168 -2.182552
v -0.151612 0.427641 -2.234076
v -0.125587 0.436475 -2.285600
v -0.099052 0.443633 -2.337124
v -0.072116 0.449088 -2.388648
v -0.044887 0.452817 -2.440172
v -0.017475 0.454804 -2.491696
v 0.010007 0.455042 -2.543220
v 0.005750 0.449058 2.557648
v 0.032819 0.447828 2.506124
v 0.059755 0.444878 2.454600
v 0.086449 0.440219 2.403076
v 0.112791 0.433870 2.351552
v 0.138676 0.425857 2.300029
v 0.163998 0.416211 2.248505
v 0.188655 0.404972 2.196981
v 0.212546 0.392188 2.145457
v 0.235575 0.377906 2.093933
v 0.257648 0.362189 2.042409
v 0.278675 0.345097 1.990886
v 0.298571 0.326703 1.939362
v 0.317256 0.307079 1.887838
v 0.334653 0.286303 1.836314
v 0.350692 0.264464 1.784790
v 0.365308 0.241646 1.733266
v 0.378442 0.217945 1.681742
v 0.390040 0.193456 1.630219
v 0.400055 0.168277 1.578695
v 0.408447 0.142512 1.527171
v 0.415182 0.116265 1.475647
v 0.420231 0.089644 1.424123
v 0.423575 0.062754 1.372599
v 0.425201 0.035705 1.321075
v 0.425101 0.008608 1.269552
v 0.423276 -0.018427 1.218028
v 0.419733 -0.045292 1.166504
v 0.414487 -0.071875 1.114980
v 0.407559 -0.098072 1.063456
v 0.398977 -0.123774 1.011932
v 0.388776 -0.148878 0.960408
v 0.376998 -0.173282 0.908884
v 0.363689 -0.196885 0.857361
v 0.348905 -0.219593 0.805837
v 0.332705 -0.241315 0.754313
v 0.315154 -0.261959 0.702789
v 0.296325 -0.281447 0.651265
v 0.276294 -0.299694 0.599741
v 0.255141 -0.316630 0.548217
v 0.232953 -0.332184 0.496694
v 0.209819 -0.346294 0.445170
v 0.185835 -0.358902 0.393646
v 0.161095 -0.369958 0.342122
v 0.135702 -0.379416 0.290598
v 0.109759 -0.387239 0.239074
v 0.083370 -0.393393 0.187550
v 0.056643 -0.397855 0.136026
v 0.029686 -0.400606 0.084502
v 0.002608 -0.401635 0.032978
v -0.024480 -0.400938 -0.018546
v -0.051469 -0.398518 -0.070070
v -0.078248 -0.394384 -0.121594
v -0.104711 -0.388554 -0.173118
v -0.130748 -0.381050 -0.224642
v -0.156255 -0.371904 -0.276166
v -0.181128 -0.361153 -0.327690
v -0.205266 -0.348839 -0.379214
v -0.228570 -0.335014 -0.430737
v -0.250948 -0.319733 -0.482262
v -0.272307 -0.303058 -0.533786
v -0.292561 -0.285057 -0.585309
v -0.311627 -0.265804 -0.636833
v -0.329429 -0.245375 -0.688358
v -0.345895 -0.223854 -0.739881
v -0.360956 -0.201329 -0.791405
v -0.374553 -0.177890 -0.842929
v -0.386630 -0.153633 -0.894453
v -0.397138 -0.128656 -0.945977
v -0.406035 -0.103061 -0.997501
v -0.413283 -0.076952 -1.049025
v -0.418855 -0.050434 -1.100549
v -0.422727 -0.023615 -1.152073
v -0.424883 0.003397 -1.203597
v -0.425316 0.030490 -1.255121
v -0.424022 0.057557 -1.306645
v -0.421008 0.084485 -1.358169
v -0.416285 0.111168 -1.409693
v -0.409873 0.137495 -1.461217
v -0.401798 0.163361 -1.512740
v -0.392092 0.188660 -1.564264
v -0.380795 0.213290 -1.615788
v -0.367953 0.237151 -1.667313
v -0.353618 0.260145 -1.718836
v -0.337847 0.282180 -1.770360
v -0.320706 0.303167 -1.821884
v -0.302263 0.323019 -1.873408
v -0.282594 0.341657 -1.924932
v -0.261778 0.359005 -1.976456
v -0.239900 0.374992 -2.027980
v -0.217048 0.389554 -2.079504
v -0.193315 0.402631 -2.131028
v -0.168798 0.414171 -2.182552
v -0.143596 0.424126 -2.234076
v -0.117811 0.432456 -2.285600
v -0.091548 0.439128 -2.337124
v -0.064914 0.444114 -2.388648
v -0.038016 0.447394 -2.440172
v -0.010964 0.448955 -2.491696
v 0.016133 0.448790 -2.543220
v 0.010995 0.442049 2.557648
v 0.037607 0.440502 2.506124
v 0.064067 0.437262 2.454600
v 0.090267 0.432342 2.403076
v 0.116100 0.425767 2.351552
v 0.141463 0.417559 2.300029
v 0.166251 0.407752 2.248505
v 0.190365 0.396388 2.196981
v 0.213706 0.383511 2.145457
v 0.236180 0.369176 2.093933
v 0.257695 0.353437 2.042409
v 0.278165 0.336361 1.990886
v 0.297506 0.318015 1.939362
v 0.315639 0.298475 1.887838
v 0.332492 0.277821 1.836314
v 0.347996 0.256137 1.784790
v 0.362087 0.233508 1.733266
v 0.374709 0.210029 1.681742
v 0.385811 0.185793 1.630219
v 0.395347 0.160899 1.578695
v 0.403278 0.135449 1.527171
v 0.409574 0.109546 1.475647
v 0.414207 0.083294 1.424123
v 0.417159 0.056800 1.372599
v 0.418418 0.030172 1.321075
v 0.417980 0.003519 1.269552
v 0.415845 -0.023053 1.218028
v 0.412023 -0.049435 1.166504
v 0.406529 -0.075519 1.114980
v 0.399385 -0.101201 1.063456
v 0.390620 -0.126378 1.011932
v 0.380271 -0.150943 0.960408
v 0.368378 -0.174801 0.908884
v 0.354990 -0.197853 0.857361
v 0.340162 -0.220006 0.805837
v 0.323953 -0.241170 0.754313
v 0.306430 -0.261258 0.702789
v 0.287663 -0.280190 0.651265
v 0.267729 -0.297888 0.599741
v 0.246709 -0.314283 0.548217
v 0.224687 -0.329305 0.496694
v 0.201754 -0.342894 0.445170
v 0.178002 -0.354996 0.393646
v 0.153527 -0.365561 0.342122
v 0.128430 -0.374546 0.290598
v 0.102811 -0.381915 0.239074
v 0.076775 -0.387638 0.187550
v 0.050428 -0.391692 0.136026
v 0.023876 -0.394060 0.084502
v -0.002773 -0.394732 0.032978
v -0.029411 -0.393707 -0.018546
v -0.055929 -0.390987 -0.070070
v -0.082221 -0.386585 -0.121594
v -0.108178 -0.380517 -0.173118
v -0.133697 -0.372809 -0.224642
v -0.158673 -0.363492 -0.276166
v -0.183006 -0.352604 -0.327690
v -0.206595 -0.340188 -0.379214
v -0.229346 -0.326296 -0.430737
v -0.251167 -0.310983 -0.482262
v -0.271968 -0.294312 -0.533786
v -0.291666 -0.276351 -0.585309
v -0.310180 -0.257171 -0.636833
v -0.327436 -0.236852 -0.688358
v -0.343363 -0.215476 -0.739881
v -0.357896 -0.193128 -0.791405
v -0.370977 -0.169901 -0.842929
v -0.382552 -0.145888 -0.894453
v -0.392576 -0.121187 -0.945977
v -0.401006 -0.095897 -0.997501
v -0.407809 -0.070123 -1.049025
v -0.412956 -0.043967 -1.100549
v -0.416429 -0.017537 -1.152073
v -0.418211 0.009061 -1.203597
v -0.418296 0.035719 -1.255121
v -0.416684 0.062327 -1.306645
v -0.413381 0.088779 -1.358169
v -0.408400 0.114967 -1.409693
v -0.401762 0.140785 -1.461217
v -0.393494 0.166128 -1.512740
v -0.383629 0.190893 -1.564264
v -0.372207 0.214979 -1.615788
v -0.359275 0.238289 -1.667313
v -0.344884 0.260729 -1.718836
v -0.329095 0.282207 -1.770360
v -0.311969 0.302636 -1.821884
v -0.293578 0.321933 -1.873408
v -0.273996 0.340021 -1.924932
v -0.253301 0.356824 -1.976456
v -0.231579 0.372276 -2.027980
v -0.208917 0.386313 -2.079504
v -0.185407 0.398879 -2.131028
v -0.161145 0.409923 -2.182552
v -0.136229 0.419400 -2.234076
v -0.110760 0.427271 -2.285600
v -0.084841 0.433504 -2.337124
v -0.058579 0.438074 -2.388648
v -0.032078 0.440963 -2.440172
v -0.005448 0.442159 -2.491696
v 0.021205 0.441657 -2.543220
v 0.015079 0.434308 2.557648
v 0.041190 0.432516 2.506124
v 0.067134 0.429063 2.454600
v 0.092806 0.423967 2.403076
v 0.118101 0.417246 2.351552
v 0.142917 0.408928 2.300029
v 0.167152 0.399047 2.248505
v 0.190710 0.387643 2.196981
v 0.213494 0.374761 2.145457
v 0.235411 0.360457 2.093933
v 0.256373 0.344784 2.042409
v 0.276294 0.327809 1.990886
v 0.295095 0.309601 1.939362
v 0.312697 0.290233 1.887838
v 0.329031 0.269782 1.836314
v 0.344030 0.248334 1.784790
v 0.357633 0.225974 1.733266
v 0.369784 0.202793 1.681742
v 0.380435 0.178886 1.630219
v 0.389542 0.154348 1.578695
v 0.397068 0.129280 1.527171
v 0.402983 0.103785 1.475647
v 0.407263 0.077964 1.424123
v 0.409890 0.051925 1.372599
v 0.410854 0.025770 1.321075
v 0.410150 -0.000394 1.269552
v 0.407782 -0.026459 1.218028
v 0.403760 -0.052321 1.166504
v 0.398098 -0.077874 1.114980
v 0.390822 -0.103015 1.063456
v 0.381959 -0.127641 1.011932
v 0.371547 -0.151653 0.960408
v 0.359626 -0.174954 0.908884
v 0.346247 -0.197447 0.857361
v 0.331462 -0.219045 0.805837
v 0.315332 -0.239657 0.754313
v 0.297923 -0.259200 0.702789
v 0.279304 -0.277594 0.651265
v 0.259553 -0.294766 0.599741
v 0.238748 -0.310646 0.548217
v 0.216974 -0.325168 0.496694
v 0.194319 -0.338275 0.445170
v 0.170877 -0.349913 0.393646
v 0.146740 -0.360035 0.342122
v 0.122008 -0.368599 0.290598
v 0.096781 -0.375571 0.239074
v 0.071162 -0.380923 0.187550
v 0.045253 -0.384633 0.136026
v 0.019161 -0.386685 0.084502
v -0.007009 -0.387073 0.032978
v -0.033150 -0.385793 -0.018546
v -0.059157 -0.382851 -0.070070
v -0.084924 -0.378260 -0.121594
v -0.110346 -0.372037 -0.173118
v -0.135320 -0.364208 -0.224642
v -0.159746 -0.354805 -0.276166
v -0.183523 -0.343866 -0.327690
v -0.206555 -0.331436 -0.379214
v -0.228749 -0.317564 -0.430737
v -0.250015 -0.302307 -0.482262
v -0.270266 -0.285727 -0.533786
v -0.289421 -0.267891 -0.585309
v -0.307401 -0.248872 -0.636833
v -0.324134 -0.228746 -0.688358
v -0.339551 -0.207596 -0.739881
v -0.353590 -0.185508 -0.791405
v -0.366195 -0.162570 -0.842929
v -0.377313 -0.138876 -0.894453
v -0.386901 -0.114523 -0.945977
v -0.394918 -0.089609 -0.997501
v -0.401333 -0.064234 -1.049025
v -0.406119 -0.038503 -1.100549
v -0.409257 -0.012519 -1.152073
v -0.410734 0.013612 -1.203597
v -0.410545 0.039784 -1.255121
v -0.408690 0.065891 -1.306645
v -0.405176 0.091827 -1.358169
v -0.400018 0.117486 -1.409693
v -0.393236 0.142765 -1.461217
v -0.384859 0.167561 -1.512740
v -0.374920 0.191773 -1.564264
v -0.363460 0.215304 -1.615788
v -0.350525 0.238056 -1.667313
v -0.336167 0.259940 -1.718836
v -0.320446 0.280864 -1.770360
v -0.303423 0.300745 -1.821884
v -0.285170 0.319502 -1.873408
v -0.265759 0.337059 -1.924932
v -0.245270 0.353344 -1.976456
v -0.223786 0.368291 -2.027980
v -0.201393 0.381841 -2.079504
v -0.178183 0.393937 -2.131028
v -0.154251 0.404531 -2.182552
v -0.129692 0.413579 -2.234076
v -0.104607 0.421046 -2.285600
v -0.079097 0.426900 -2.337124
v -0.053266 0.431118 -2.388648
v -0.027220 0.433683 -2.440172
v -0.001063 0.434584 -2.491696
v 0.025099 0.433818 -2.543220
v 0.017902 0.426024 2.557648
v 0.043480 0.424067 2.506124
v 0.068881 0.420487 2.454600
v 0.094004 0.415296 2.403076
v 0.118744 0.408517 2.351552
v 0.143003 0.400176 2.300029
v 0.166681 0.390307 2.248505
v 0.189683 0.378951 2.196981
v 0.211915 0.366152 2.145457
v 0.233287 0.351965 2.093933
v 0.253713 0.336445 2.042409
v 0.273109 0.319657 1.990886
v 0.291397 0.301668 1.939362
v 0.308502 0.282550 1.887838
v 0.324355 0.262384 1.836314
v 0.338893 0.241248 1.784790
v 0.352055 0.219228 1.733266
v 0.363788 0.196417 1.681742
v 0.374045 0.172903 1.630219
v 0.382784 0.148785 1.578695
v 0.389970 0.124160 1.527171
v 0.395573 0.099126 1.475647
v 0.399571 0.073788 1.424123
v 0.401948 0.048246 1.372599
v 0.402694 0.022603 1.321075
v 0.401805 -0.003034 1.269552
v 0.399286 -0.028561 1.218028
v 0.395147 -0.053878 1.166504
v 0.389404 -0.078880 1.114980
v 0.382081 -0.103465 1.063456
v 0.373207 -0.127535 1.011932
v 0.362819 -0.150989 0.960408
v 0.350959 -0.173736 0.908884
v 0.337674 -0.195681 0.857361
v 0.323020 -0.216735 0.805837
v 0.307054 -0.236813 0.754313
v 0.289842 -0.255835 0.702789
v 0.271455 -0.273723 0.651265
v 0.251965 -0.290403 0.599741
v 0.231453 -0.305808 0.548217
v 0.210002 -0.319876 0.496694
v 0.187699 -0.332549 0.445170
v 0.164634 -0.343778 0.393646
v 0.140901 -0.353514 0.342122
v 0.116596 -0.361720 0.290598
v 0.091818 -0.368360 0.239074
v 0.066668 -0.373412 0.187550
v 0.041247 -0.376851 0.136026
v 0.015658 -0.378664 0.084502
v -0.009994 -0.378845 0.032978
v -0.035605 -0.377392 -0.018546
v -0.061072 -0.374311 -0.070070
v -0.086292 -0.369615 -0.121594
v -0.111160 -0.363322 -0.173118
v -0.135578 -0.355460 -0.224642
v -0.159446 -0.346058 -0.276166
v -0.182667 -0.335156 -0.327690
v -0.205146 -0.322797 -0.379214
v -0.226793 -0.309032 -0.430737
v -0.247520 -0.293917 -0.482262
v -0.267242 -0.277513 -0.533786
v -0.285880 -0.259886 -0.585309
v -0.303357 -0.241109 -0.636833
v -0.319604 -0.221257 -0.688358
v -0.334553 -0.200410 -0.739881
v -0.348145 -0.178655 -0.791405
v -0.360325 -0.156078 -0.842929
v -0.371042 -0.132771 -0.894453
v -0.380253 -0.108829 -0.945977
v -0.387921 -0.084349 -0.997501
v -0.394016 -0.059431 -1.049025
v -0.398511 -0.034175 -1.100549
v -0.401389 -0.008685 -1.152073
v -0.402638 0.016938 -1.203597
v -0.402253 0.042587 -1.255121
v -0.400236 0.068161 -1.306645
v -0.396595 0.093554 -1.358169
v -0.391344 0.118663 -1.409693
v -0.384506 0.143387 -1.461217
v -0.376107 0.167626 -1.512740
v -0.366182 0.191281 -1.564264
v -0.354770 0.214256 -1.615788
v -0.341920 0.236457 -1.667313
v -0.327681 0.257796 -1.718836
v -0.312113 0.278185 -1.770360
v -0.295278 0.297541 -1.821884
v -0.277245 0.315785 -1.873408
v -0.258088 0.332845 -1.924932
v -0.237882 0.348650 -1.976456
v -0.216712 0.363137 -2.027980
v -0.194662 0.376247 -2.079504
v -0.171822 0.387925 -2.131028
v -0.148285 0.398126 -2.182552
v -0.124146 0.406808 -2.234076
v -0.099503 0.413935 -2.285600
v -0.074456 0.419479 -2.337124
v -0.049108 0.423416 -2.388648
v -0.023560 0.425732 -2.440172
v 0.002084 0.426417 -2.491696
v 0.027719 0.425467 -2.543220
v 0.019394 0.417399 2.557648
v 0.044420 0.415366 2.506124
v 0.069265 0.411743 2.454600
v 0.093830 0.406546 2.403076
v 0.118014 0.399795 2.351552
v 0.141718 0.391518 2.300029
v 0.164848 0.381747 2.248505
v 0.187309 0.370526 2.196981
v 0.209009 0.357896 2.145457
v 0.229862 0.343911 2.093933
v 0.249782 0.328626 2.042409
v 0.268688 0.312103 1.990886
v 0.286504 0.294411 1.939362
v 0.303157 0.275619 1.887838
v 0.318580 0.255807 1.836314
v 0.332710 0.235052 1.784790
v 0.345490 0.213440 1.733266
v 0.356868 0.191058 1.681742
v 0.366798 0.167997 1.630219
v 0.375239 0.144349 1.578695
v 0.382158 0.120213 1.527171
v 0.387526 0.095686 1.475647
v 0.391321 0.070865 1.424123
v 0.393528 0.045854 1.372599
v 0.394139 0.020753 1.321075
v 0.393150 -0.004336 1.269552
v 0.390565 -0.029310 1.218028
v 0.386396 -0.054069 1.166504
v 0.380659 -0.078514 1.114980
v 0.373377 -0.102543 1.063456
v 0.364580 -0.126059 1.011932
v 0.354303 -0.148969 0.960408
v 0.342589 -0.171177 0.908884
v 0.329484 -0.192594 0.857361
v 0.315042 -0.213133 0.805837
v 0.299322 -0.232711 0.754313
v 0.282388 -0.251249 0.702789
v 0.264307 -0.268670 0.651265
v 0.245154 -0.284906 0.599741
v 0.225006 -0.299888 0.548217
v 0.203945 -0.313558 0.496694
v 0.182056 -0.325859 0.445170
v 0.159429 -0.336741 0.393646
v 0.136154 -0.346161 0.342122
v 0.112327 -0.354079 0.290598
v 0.088044 -0.360464 0.239074
v 0.063404 -0.365291 0.187550
v 0.038507 -0.368538 0.136026
v 0.013453 -0.370194 0.084502
v -0.011655 -0.370251 0.032978
v -0.036716 -0.368710 -0.018546
v -0.061628 -0.365576 -0.070070
v -0.086290 -0.360862 -0.121594
v -0.110602 -0.354587 -0.173118
v -0.134464 -0.346778 -0.224642
v -0.157782 -0.337465 -0.276166
v -0.180459 -0.326686 -0.327690
v -0.202403 -0.314485 -0.379214
v -0.223526 -0.300912 -0.430737
v -0.243743 -0.286021 -0.482262
v -0.262970 -0.269874 -0.533786
v -0.281130 -0.252535 -0.585309
v -0.298149 -0.234074 -0.636833
v -0.313958 -0.214568 -0.688358
v -0.328493 -0.194095 -0.739881
v -0.341696 -0.172738 -0.791405
v -0.353511 -0.150583 -0.842929
v -0.363892 -0.127721 -0.894453
v -0.372797 -0.104245 -0.945977
v -0.380188 -0.080249 -0.997501
v -0.386037 -0.055832 -1.049025
v -0.390319 -0.031092 -1.100549
v -0.393018 -0.006128 -1.152073
v -0.394121 0.018956 -1.203597
v -0.393625 0.044059 -1.255121
v -0.391532 0.069080 -1.306645
v -0.387850 0.093917 -1.358169
v -0.382594 0.118469 -1.409693
v -0.375785 0.142636 -1.461217
v -0.367452 0.166321 -1.512740
v -0.357627 0.189428 -1.564264
v -0.346351 0.211862 -1.615788
v -0.333670 0.233532 -1.667313
v -0.319635 0.254351 -1.718836
v -0.304302 0.274235 -1.770360
v -0.287735 0.293101 -1.821884
v -0.270000 0.310875 -1.873408
v -0.251169 0.327483 -1.924932
v -0.231320 0.342859 -1.976456
v -0.210531 0.356939 -2.027980
v -0.188888 0.369668 -2.079504
v -0.166479 0.380993 -2.131028
v -0.143394 0.390867 -2.182552
v -0.119727 0.399252 -2.234076
v -0.095574 0.406113 -2.285600
v -0.071034 0.411423 -2.337124
v -0.046205 0.415159 -2.388648
v -0.021189 0.417307 -2.440172
v 0.003913 0.417857 -2.491696
v 0.029000 0.416808 -2.543220
v 0.019519 0.408647 2.557648
v 0.043987 0.406624 2.506124
v 0.068277 0.403046 2.454600
v 0.092290 0.397929 2.403076
v 0.115928 0.391293 2.351552
v 0.139096 0.383166 2.300029
v 0.161699 0.373582 2.248505
v 0.183646 0.362575 2.196981
v 0.204848 0.350196 2.145457
v 0.225219 0.336491 2.093933
v 0.244675 0.321516 2.042409
v 0.263139 0.305334 1.990886
v 0.280535 0.288009 1.939362
v 0.296793 0.269611 1.887838
v 0.311846 0.250214 1.836314
v 0.325634 0.229900 1.784790
v 0.338100 0.208748 1.733266
v 0.349194 0.186846 1.681742
v 0.358872 0.164282 1.630219
v 0.367093 0.141147 1.578695
v 0.373824 0.117536 1.527171
v 0.379039 0.093545 1.475647
v 0.382715 0.069270 1.424123
v 0.384838 0.044809 1.372599
v 0.385400 0.020264 1.321075
v 0.384397 -0.004267 1.269552
v 0.381835 -0.028685 1.218028
v 0.377723 -0.052889 1.166504
v 0.372079 -0.076784 1.114980
v 0.364924 -0.100271 1.063456
v 0.356289 -0.123254 1.011932
v 0.346208 -0.145640 0.960408
v 0.334722 -0.167339 0.908884
v 0.321877 -0.188264 0.857361
v 0.307727 -0.208327 0.805837
v 0.292328 -0.227450 0.754313
v 0.275742 -0.245552 0.702789
v 0.258038 -0.262563 0.651265
v 0.239286 -0.278411 0.599741
v 0.219564 -0.293033 0.548217
v 0.198950 -0.306370 0.496694
v 0.177529 -0.318368 0.445170
v 0.155388 -0.328977 0.393646
v 0.132616 -0.338155 0.342122
v 0.109306 -0.345864 0.290598
v 0.085552 -0.352074 0.239074
v 0.061451 -0.356758 0.187550
v 0.037101 -0.359899 0.136026
v 0.012600 -0.361483 0.084502
v -0.011952 -0.361503 0.032978
v -0.036455 -0.359961 -0.018546
v -0.060811 -0.356861 -0.070070
v -0.084919 -0.352217 -0.121594
v -0.108683 -0.346048 -0.173118
v -0.132006 -0.338378 -0.224642
v -0.154794 -0.329238 -0.276166
v -0.176953 -0.318666 -0.327690
v -0.198394 -0.306705 -0.379214
v -0.219030 -0.293403 -0.430737
v -0.238777 -0.278813 -0.482262
v -0.257555 -0.262997 -0.533786
v -0.275288 -0.246016 -0.585309
v -0.291905 -0.227941 -0.636833
v -0.307336 -0.208845 -0.688358
v -0.321520 -0.188805 -0.739881
v -0.334400 -0.167903 -0.791405
v -0.345922 -0.146222 -0.842929
v -0.356041 -0.123853 -0.894453
v -0.364715 -0.100884 -0.945977
v -0.371909 -0.077410 -0.997501
v -0.377594 -0.053525 -1.049025
v -0.381746 -0.029327 -1.100549
v -0.384350 -0.004913 -1.152073
v -0.385393 0.019616 -1.203597
v -0.384873 0.044163 -1.255121
v -0.382791 0.068626 -1.306645
v -0.379155 0.092907 -1.358169
v -0.373981 0.116908 -1.409693
v -0.367290 0.140530 -1.461217
v -0.359108 0.163679 -1.512740
v -0.349468 0.186259 -1.564264
v -0.338411 0.208180 -1.615788
v -0.325980 0.229352 -1.667313
v -0.312226 0.249690 -1.718836
v -0.297206 0.269111 -1.770360
v -0.280979 0.287536 -1.821884
v -0.263612 0.304891 -1.873408
v -0.245175 0.321105 -1.924932
v -0.225744 0.336112 -1.976456
v -0.205396 0.349851 -2.027980
v -0.184215 0.362267 -2.079504
v -0.162286 0.373309 -2.131028
v -0.139699 0.382933 -2.182552
v -0.116545 0.391099 -2.234076
v -0.092918 0.397774 -2.285600
v -0.068914 0.402931 -2.337124
v -0.044630 0.406549 -2.388648
v -0.020165 0.408614 -2.440172
v 0.004382 0.409117 -2.491696
v 0.028911 0.408056 -2.543220
v 0.018273 0.399984 2.557648
v 0.042192 0.398056 2.506124
v 0.065940 0.394611 2.454600
v 0.089420 0.389661 2.403076
v 0.112538 0.383224 2.351552
v 0.135199 0.375329 2.300029
v 0.157311 0.366008 2.248505
v 0.178785 0.355298 2.196981
v 0.199533 0.343242 2.145457
v 0.219472 0.329888 2.093933
v 0.238520 0.315293 2.042409
v 0.256600 0.299515 1.990886
v 0.273639 0.282618 1.939362
v 0.289567 0.264671 1.887838
v 0.304321 0.245746 1.836314
v 0.317839 0.225918 1.784790
v 0.330068 0.205272 1.733266
v 0.340957 0.183888 1.681742
v 0.350463 0.161853 1.630219
v 0.358546 0.139259 1.578695
v 0.365175 0.116197 1.527171
v 0.370321 0.092759 1.475647
v 0.373965 0.069039 1.424123
v 0.376092 0.045138 1.372599
v 0.376692 0.021149 1.321075
v 0.375763 -0.002831 1.269552
v 0.373310 -0.026702 1.218028
v 0.369342 -0.050368 1.166504
v 0.363875 -0.073733 1.114980
v 0.356931 -0.096703 1.063456
v 0.348539 -0.119185 1.011932
v 0.338733 -0.141087 0.960408
v 0.327552 -0.162319 0.908884
v 0.315042 -0.182797 0.857361
v 0.301253 -0.202437 0.805837
v 0.286242 -0.221159 0.754313
v 0.270070 -0.238887 0.702789
v 0.252801 -0.255549 0.651265
v 0.234507 -0.271078 0.599741
v 0.215261 -0.285411 0.548217
v 0.195141 -0.298490 0.496694
v 0.174230 -0.310261 0.445170
v 0.152611 -0.320676 0.393646
v 0.130373 -0.329694 0.342122
v 0.107606 -0.337278 0.290598
v 0.084403 -0.343397 0.239074
v 0.060857 -0.348026 0.187550
v 0.037064 -0.351146 0.136026
v 0.013121 -0.352745 0.084502
v -0.010876 -0.352817 0.032978
v -0.034829 -0.351361 -0.018546
v -0.058640 -0.348382 -0.070070
v -0.082213 -0.343893 -0.121594
v -0.105452 -0.337913 -0.173118
v -0.128264 -0.330465 -0.224642
v -0.150555 -0.321580 -0.276166
v -0.172235 -0.311293 -0.327690
v -0.193217 -0.299647 -0.379214
v -0.213414 -0.286689 -0.430737
v -0.232745 -0.272471 -0.482262
v -0.251132 -0.257051 -0.533786
v -0.268499 -0.240492 -0.585309
v -0.284777 -0.222860 -0.636833
v -0.299900 -0.204228 -0.688358
v -0.313805 -0.184671 -0.739881
v -0.326437 -0.164268 -0.791405
v -0.337745 -0.143103 -0.842929
v -0.347681 -0.121260 -0.894453
v -0.356207 -0.098829 -0.945977
v -0.363287 -0.075900 -0.997501
v -0.368894 -0.052568 -1.049025
v -0.373003 -0.028925 -1.100549
v -0.375598 -0.005069 -1.152073
v -0.376670 0.018904 -1.203597
v -0.376212 0.042896 -1.255121
v -0.374229 0.066810 -1.306645
v -0.370726 0.090550 -1.358169
v -0.365719 0.114019 -1.409693
v -0.359228 0.137121 -1.461217
v -0.351280 0.159763 -1.512740
v -0.341905 0.181853 -1.564264
v -0.331144 0.203301 -1.615788
v -0.319038 0.224021 -1.667313
v -0.305638 0.243928 -1.718836
v -0.290998 0.262941 -1.770360
v -0.275177 0.280984 -1.821884
v -0.258239 0.297982 -1.873408
v -0.240253 0.313868 -1.924932
v -0.221292 0.328576 -1.976456
v -0.201433 0.342047 -2.027980
v -0.180757 0.354226 -2.079504
v -0.159347 0.365065 -2.131028
v -0.137291 0.374518 -2.182552
v -0.114678 0.382547 -2.234076
v -0.091599 0.389121 -2.285600
v -0.068148 0.394212 -2.337124
v -0.044421 0.397799 -2.388648
v -0.020514 0.399868 -2.440172
v 0.003477 0.400411 -2.491696
v 0.027453 0.399426 -2.543220
v 0.015687 0.391622 2.557648
v 0.039079 0.389877 2.506124
v 0.062312 0.386645 2.454600
v 0.085293 0.381941 2.403076
v 0.107927 0.375785 2.351552
v 0.130124 0.368199 2.300029
v 0.151792 0.359214 2.248505
v 0.172845 0.348869 2.196981
v 0.193196 0.337205 2.145457
v 0.212763 0.324268 2.093933
v 0.231467 0.310110 2.042409
v 0.249231 0.294793 1.990886
v 0.265984 0.278374 1.939362
v 0.281658 0.260923 1.887838
v 0.296189 0.242508 1.836314
v 0.309518 0.223205 1.784790
v 0.321590 0.203093 1.733266
v 0.332358 0.182253 1.681742
v 0.341777 0.160771 1.630219
v 0.349809 0.138733 1.578695
v 0.356422 0.116227 1.527171
v 0.361588 0.093346 1.475647
v 0.365287 0.070181 1.424123
v 0.367504 0.046830 1.372599
v 0.368229 0.023383 1.321075
v 0.367460 -0.000060 1.269552
v 0.365200 -0.023409 1.218028
v 0.361458 -0.046565 1.166504
v 0.356249 -0.069436 1.114980
v 0.349595 -0.091930 1.063456
v 0.341522 -0.113954 1.011932
v 0.332062 -0.135420 0.960408
v 0.321256 -0.156238 0.908884
v 0.309146 -0.176328 0.857361
v 0.295781 -0.195606 0.805837
v 0.281216 -0.213993 0.754313
v 0.265510 -0.231416 0.702789
v 0.248726 -0.247803 0.651265
v 0.230933 -0.263089 0.599741
v 0.212203 -0.277209 0.548217
v 0.192612 -0.290110 0.496694
v 0.172239 -0.301737 0.445170
v 0.151167 -0.312043 0.393646
v 0.129482 -0.320987 0.342122
v 0.107271 -0.328532 0.290598
v 0.084626 -0.334647 0.239074
v 0.061636 -0.339308 0.187550
v 0.038397 -0.342496 0.136026
v 0.015001 -0.344197 0.084502
v -0.008455 -0.344406 0.032978
v -0.031877 -0.343121 -0.018546
v -0.055169 -0.340347 -0.070070
v -0.078238 -0.336095 -0.121594
v -0.100989 -0.330384 -0.173118
v -0.123330 -0.323235 -0.224642
v -0.145171 -0.314679 -0.276166
v -0.166423 -0.304749 -0.327690
v -0.186999 -0.293487 -0.379214
v -0.206817 -0.280937 -0.430737
v -0.225795 -0.267151 -0.482261
v -0.243857 -0.252184 -0.533786
v -0.260930 -0.236098 -0.585309
v -0.276943 -0.218957 -0.636833
v -0.291833 -0.200832 -0.688358
v -0.305539 -0.181795 -0.739881
v -0.318004 -0.161924 -0.791405
v -0.329179 -0.141300 -0.842929
v -0.339019 -0.120006 -0.894453
v -0.347482 -0.098129 -0.945977
v -0.354536 -0.075758 -0.997501
v -0.360151 -0.052983 -1.049025
v -0.364304 -0.029896 -1.100549
v -0.366979 -0.006592 -1.152073
v -0.368165 0.016835 -1.203597
v -0.367857 0.040290 -1.255121
v -0.366056 0.063678 -1.306645
v -0.362769 0.086903 -1.358169
v -0.358011 0.109873 -1.409693
v -0.351799 0.132493 -1.461217
v -0.344160 0.154671 -1.512740
v -0.335125 0.176318 -1.564264
v -0.324729 0.197346 -1.615788
v -0.313016 0.217669 -1.667313
v -0.300033 0.237206 -1.718836
v -0.285832 0.255875 -1.770360
v -0.270471 0.273604 -1.821884
v -0.254012 0.290317 -1.873408
v -0.236523 0.305949 -1.924932
v -0.218074 0.320436 -1.976456
v -0.198740 0.333719 -2.027980
v -0.178599 0.345744 -2.079504
v -0.157734 0.356462 -2.131028
v -0.136229 0.365830 -2.182552
v -0.114171 0.373809 -2.234076
v -0.091649 0.380368 -2.285600
v -0.068756 0.385480 -2.337124
v -0.045583 0.389124 -2.388648
v -0.022226 0.391285 -2.440172
v 0.001221 0.391954 -2.491696
v 0.024664 0.391129 -2.543220
v 0.011824 0.383768 2.557648
v 0.034724 0.382284 2.506124
v 0.057483 0.379346 2.454600
v 0.080009 0.374963 2.403076
v 0.102210 0.369157 2.351552
v 0.123996 0.361948 2.300029
v 0.145279 0.353368 2.248505
v 0.165972 0.343449 2.196981
v 0.185992 0.332233 2.145457
v 0.205257 0.319765 2.093933
v 0.223690 0.306096 2.042409
v 0.241214 0.291279 1.990886
v 0.257760 0.275379 1.939362
v 0.273260 0.258457 1.887838
v 0.287650 0.240583 1.836314
v 0.300874 0.221827 1.784790
v 0.312877 0.202268 1.733266
v 0.323610 0.181986 1.681742
v 0.333029 0.161060 1.630219
v 0.341098 0.139578 1.578695
v 0.347782 0.117626 1.527171
v 0.353055 0.095291 1.475647
v 0.356895 0.072667 1.424123
v 0.359287 0.049844 1.372599
v 0.360221 0.026915 1.321075
v 0.359693 0.003973 1.269552
v 0.357705 -0.018887 1.218028
v 0.354266 -0.041577 1.166504
v 0.349390 -0.064000 1.114980
v 0.343095 -0.086068 1.063456
v 0.335408 -0.107690 1.011932
v 0.326361 -0.128779 0.960408
v 0.315988 -0.149249 0.908884
v 0.304334 -0.169017 0.857361
v 0.291445 -0.188003 0.805837
v 0.277372 -0.206129 0.754313
v 0.262175 -0.223323 0.702789
v 0.245913 -0.239515 0.651265
v 0.228654 -0.254638 0.599741
v 0.210466 -0.268631 0.548217
v 0.191425 -0.281439 0.496694
v 0.171607 -0.293007 0.445170
v 0.151092 -0.303291 0.393646
v 0.129964 -0.312247 0.342122
v 0.108309 -0.319841 0.290598
v 0.086214 -0.326040 0.239074
v 0.063770 -0.330819 0.187550
v 0.041066 -0.334160 0.136026
v 0.018196 -0.336048 0.084502
v -0.004748 -0.336477 0.032978
v -0.027672 -0.335444 -0.018546
v -0.050484 -0.332953 -0.070070
v -0.073092 -0.329015 -0.121594
v -0.095403 -0.323646 -0.173118
v -0.117326 -0.316867 -0.224642
v -0.138774 -0.308705 -0.276166
v -0.159658 -0.299195 -0.327690
v -0.179895 -0.288375 -0.379214
v -0.199401 -0.276287 -0.430737
v -0.218098 -0.262983 -0.482261
v -0.235911 -0.248515 -0.533786
v -0.252766 -0.232942 -0.585309
v -0.268595 -0.216327 -0.636833
v -0.283334 -0.198739 -0.688358
v -0.296924 -0.180247 -0.739881
v -0.309308 -0.160928 -0.791405
v -0.320438 -0.140860 -0.842929
v -0.330267 -0.120124 -0.894453
v -0.338756 -0.098804 -0.945977
v -0.345870 -0.076987 -0.997501
v -0.351580 -0.054761 -1.049025
v -0.355864 -0.032216 -1.100549
v -0.358704 -0.009445 -1.152073
v -0.360088 0.013461 -1.203597
v -0.360011 0.036409 -1.255121
v -0.358473 0.059305 -1.306645
v -0.355481 0.082057 -1.358169
v -0.351046 0.104572 -1.409693
v -0.345186 0.126759 -1.461217
v -0.337925 0.148528 -1.512740
v -0.329294 0.169791 -1.564264
v -0.319326 0.190461 -1.615788
v -0.308062 0.210454 -1.667313
v -0.295548 0.229689 -1.718836
v -0.281834 0.248089 -1.770360
v -0.266977 0.265578 -1.821884
v -0.251037 0.282086 -1.873408
v -0.234078 0.297545 -1.924932
v -0.216169 0.311893 -1.976456
v -0.197383 0.325072 -2.027980
v -0.177795 0.337028 -2.079504
v -0.157487 0.347713 -2.131028
v -0.136539 0.357082 -2.182552
v -0.115037 0.365100 -2.234076
v -0.093068 0.371731 -2.285600
v -0.070722 0.376951 -2.337124
v -0.048089 0.380737 -2.388648
v -0.025260 0.383075 -2.440172
v -0.002329 0.383954 -2.491696
v 0.020611 0.383371 -2.543220
v 0.006781 0.376614 2.557648
v 0.029235 0.375466 2.506124
v 0.051571 0.372891 2.454600
v 0.073698 0.368899 2.403076
v 0.095526 0.363506 2.351552
v 0.116966 0.356734 2.300029
v 0.137931 0.348612 2.248505
v 0.158336 0.339171 2.196981
v 0.178099 0.328449 2.145457
v 0.197140 0.316492 2.093933
v 0.215380 0.303346 2.042409
v 0.232746 0.289065 1.990886
v 0.249168 0.273708 1.939362
v 0.264579 0.257336 1.887838
v 0.278916 0.240015 1.836314
v 0.292121 0.221819 1.784790
v 0.304141 0.202818 1.733266
v 0.314927 0.183089 1.681742
v 0.324434 0.162715 1.630219
v 0.332625 0.141775 1.578695
v 0.339467 0.120359 1.527171
v 0.344930 0.098549 1.475647
v 0.348994 0.076434 1.424123
v 0.351642 0.054108 1.372599
v 0.352863 0.031656 1.321075
v 0.352652 0.009173 1.269552
v 0.351010 -0.013250 1.218028
v 0.347943 -0.035524 1.166504
v 0.343465 -0.057558 1.114980
v 0.337593 -0.079261 1.063456
v 0.330351 -0.100547 1.011932
v 0.321768 -0.121328 0.960408
v 0.311879 -0.141521 0.908884
v 0.300725 -0.161043 0.857361
v 0.288351 -0.179815 0.805837
v 0.274806 -0.197761 0.754313
v 0.260147 -0.214809 0.702789
v 0.244431 -0.230888 0.651265
v 0.227724 -0.245935 0.599741
v 0.210093 -0.259887 0.548217
v 0.191609 -0.272688 0.496694
v 0.172347 -0.284286 0.445170
v 0.152386 -0.294634 0.393646
v 0.131807 -0.303691 0.342122
v 0.110693 -0.311419 0.290598
v 0.089130 -0.317787 0.239074
v 0.067205 -0.322769 0.187550
v 0.045007 -0.326345 0.136026
v 0.022626 -0.328500 0.084502
v 0.000154 -0.329226 0.032978
v -0.022319 -0.328519 -0.018546
v -0.044701 -0.326384 -0.070070
v -0.066902 -0.322827 -0.121594
v -0.088831 -0.317865 -0.173118
v -0.110400 -0.311515 -0.224642
v -0.131521 -0.303806 -0.276166
v -0.152108 -0.294768 -0.327690
v -0.172078 -0.284437 -0.379214
v -0.191349 -0.272855 -0.430737
v -0.209845 -0.260070 -0.482261
v -0.227488 -0.246133 -0.533786
v -0.244209 -0.231102 -0.585309
v -0.259938 -0.215036 -0.636833
v -0.274613 -0.198001 -0.688358
v -0.288173 -0.180067 -0.739881
v -0.300564 -0.161305 -0.791405
v -0.311735 -0.141793 -0.842929
v -0.321641 -0.121609 -0.894453
v -0.330242 -0.100835 -0.945977
v -0.337503 -0.079556 -0.997501
v -0.343394 -0.057857 -1.049025
v -0.347892 -0.035828 -1.100549
v -0.350977 -0.013557 -1.152073
v -0.352639 0.008866 -1.203597
v -0.352870 0.031348 -1.255121
v -0.351669 0.053800 -1.306645
v -0.349040 0.076130 -1.358169
v -0.344996 0.098247 -1.409693
v -0.339551 0.120062 -1.461217
v -0.332728 0.141486 -1.512740
v -0.324555 0.162432 -1.564264
v -0.315065 0.182814 -1.615788
v -0.304297 0.202552 -1.667313
v -0.292294 0.221564 -1.718836
v -0.279104 0.239773 -1.770360
v -0.264782 0.257105 -1.821884
v -0.249386 0.273490 -1.873408
v -0.232977 0.288862 -1.924932
v -0.215624 0.303158 -1.976456
v -0.197395 0.316320 -2.027980
v -0.178365 0.328294 -2.079504
v -0.158611 0.339033 -2.131028
v -0.138214 0.348492 -2.182552
v -0.117255 0.356633 -2.234076
v -0.095821 0.363423 -2.285600
v -0.073998 0.368835 -2.337124
v -0.051875 0.372846 -2.388648
v -0.029541 0.375440 -2.440172
v -0.007088 0.376608 -2.491696
v 0.015395 0.376343 -2.543220
v 0.000680 0.370336 2.557648
v 0.022748 0.369590 2.506124
v 0.044723 0.367441 2.454600
v 0.066516 0.363896 2.403076
v 0.088040 0.358971 2.351552
v 0.109206 0.352684 2.300029
v 0.129929 0.345064 2.248505
v 0.150125 0.336140 2.196981
v 0.169712 0.325946 2.145457
v 0.188610 0.314529 2.093933
v 0.206743 0.301930 2.042409
v 0.224036 0.288201 1.990886
v 0.240421 0.273400 1.939362
v 0.255830 0.257587 1.887838
v 0.270201 0.240823 1.836314
v 0.283475 0.223179 1.784790
v 0.295599 0.204725 1.733266
v 0.306523 0.185537 1.681742
v 0.316204 0.165692 1.630219
v 0.324601 0.145272 1.578695
v 0.331681 0.124359 1.527171
v 0.337416 0.103036 1.475647
v 0.341781 0.081391 1.424123
v 0.344759 0.059513 1.372599
v 0.346338 0.037490 1.321075
v 0.346511 0.015411 1.269552
v 0.345279 -0.006635 1.218028
v 0.342645 -0.028556 1.166504
v 0.338621 -0.050268 1.114980
v 0.333223 -0.071677 1.063456
v 0.326472 -0.092699 1.011932
v 0.318397 -0.113249 0.960408
v 0.309030 -0.133245 0.908884
v 0.298408 -0.152602 0.857361
v 0.286576 -0.171244 0.805837
v 0.273581 -0.189094 0.754313
v 0.259475 -0.206082 0.702789
v 0.244317 -0.222135 0.651265
v 0.228167 -0.237193 0.599741
v 0.211092 -0.251191 0.548217
v 0.193159 -0.264073 0.496694
v 0.174443 -0.275788 0.445170
v 0.155019 -0.286287 0.393646
v 0.134966 -0.295528 0.342122
v 0.114365 -0.303474 0.290598
v 0.093300 -0.310091 0.239074
v 0.071857 -0.315355 0.187550
v 0.050122 -0.319242 0.136026
v 0.028183 -0.321737 0.084502
v 0.006130 -0.322831 0.032978
v -0.015948 -0.322518 -0.018546
v -0.037961 -0.320800 -0.070070
v -0.059820 -0.317684 -0.121594
v -0.081436 -0.313182 -0.173118
v -0.102721 -0.307314 -0.224642
v -0.123590 -0.300102 -0.276166
v -0.143958 -0.291576 -0.327690
v -0.163741 -0.281770 -0.379214
v -0.182860 -0.270725 -0.430737
v -0.201237 -0.258485 -0.482261
v -0.218797 -0.245099 -0.533786
v -0.235469 -0.230623 -0.585309
v -0.251186 -0.215115 -0.636833
v -0.265883 -0.198637 -0.688358
v -0.279501 -0.181257 -0.739881
v -0.291986 -0.163045 -0.791405
v -0.303285 -0.144076 -0.842929
v -0.313354 -0.124425 -0.894453
v -0.322151 -0.104173 -0.945977
v -0.329640 -0.083402 -0.997501
v -0.335792 -0.062197 -1.049025
v -0.340582 -0.040642 -1.100549
v -0.343989 -0.018827 -1.152073
v -0.346000 0.003162 -1.203597
v -0.346608 0.025233 -1.255121
v -0.345809 0.047299 -1.306645
v -0.343606 0.069268 -1.358169
v -0.340009 0.091054 -1.409693
v -0.335033 0.112565 -1.461217
v -0.328697 0.133717 -1.512740
v -0.321027 0.154422 -1.564264
v -0.312054 0.174596 -1.615788
v -0.301815 0.194159 -1.667313
v -0.290351 0.213029 -1.718836
v -0.277709 0.231132 -1.770360
v -0.263940 0.248393 -1.821884
v -0.249100 0.264742 -1.873408
v -0.233249 0.280113 -1.924932
v -0.216452 0.294444 -1.976456
v -0.198776 0.307676 -2.027980
v -0.180293 0.319756 -2.079504
v -0.161079 0.330635 -2.131028
v -0.141212 0.340268 -2.182552
v -0.120771 0.348617 -2.234076
v -0.099840 0.355647 -2.285600
v -0.078504 0.361331 -2.337124
v -0.056849 0.365644 -2.388648
v -0.034964 0.368570 -2.440172
v -0.012937 0.370096 -2.491696
v 0.009143 0.370217 -2.543220
v -0.006327 0.365092 2.557648
v 0.015421 0.364803 2.506124
v 0.037106 0.363129 2.454600
v 0.058640 0.360078 2.403076
v 0.079937 0.355662 2.351552
v 0.100909 0.349898 2.300029
v 0.121471 0.342812 2.248505
v 0.141541 0.334429 2.196981
v 0.161036 0.324788 2.145457
v 0.179878 0.313924 2.093933
v 0.197990 0.301881 2.042409
v 0.215299 0.288711 1.990886
v 0.231733 0.274465 1.939362
v 0.247228 0.259203 1.887838
v 0.261719 0.242983 1.836314
v 0.275148 0.225876 1.784790
v 0.287460 0.207946 1.733266
v 0.298606 0.189270 1.681742
v 0.308541 0.169922 1.630219
v 0.317223 0.149980 1.578695
v 0.324618 0.129526 1.527171
v 0.330696 0.108643 1.475647
v 0.335431 0.087417 1.424123
v 0.338806 0.065930 1.372599
v 0.340805 0.044273 1.321075
v 0.341422 0.022531 1.269552
v 0.340653 0.000795 1.218028
v 0.338502 -0.020847 1.166504
v 0.334977 -0.042308 1.114980
v 0.330093 -0.063502 1.063456
v 0.323869 -0.084343 1.011932
v 0.316332 -0.104745 0.960408
v 0.307510 -0.124625 0.908884
v 0.297441 -0.143902 0.857361
v 0.286164 -0.162501 0.805837
v 0.273726 -0.180343 0.754313
v 0.260178 -0.197357 0.702789
v 0.245574 -0.213474 0.651265
v 0.229973 -0.228629 0.599741
v 0.213439 -0.242759 0.548217
v 0.196038 -0.255808 0.496694
v 0.177843 -0.267722 0.445170
v 0.158925 -0.278454 0.393646
v 0.139363 -0.287960 0.342122
v 0.119235 -0.296201 0.290598
v 0.098623 -0.303144 0.239074
v 0.077611 -0.308760 0.187550
v 0.056285 -0.313027 0.136026
v 0.034729 -0.315927 0.084502
v 0.013033 -0.317449 0.032978
v -0.008716 -0.317587 -0.018546
v -0.030430 -0.316339 -0.070070
v -0.052020 -0.313712 -0.121594
v -0.073399 -0.309715 -0.173118
v -0.094480 -0.304365 -0.224642
v -0.115178 -0.297684 -0.276166
v -0.135409 -0.289698 -0.327690
v -0.155090 -0.280441 -0.379214
v -0.174142 -0.269949 -0.430737
v -0.192487 -0.258265 -0.482261
v -0.210051 -0.245438 -0.533786
v -0.226762 -0.231517 -0.585309
v -0.242553 -0.216562 -0.636833
v -0.257360 -0.200631 -0.688358
v -0.271123 -0.183789 -0.739881
v -0.283785 -0.166106 -0.791405
v -0.295296 -0.147652 -0.842929
v -0.305609 -0.128502 -0.894453
v -0.314681 -0.108735 -0.945977
v -0.322477 -0.088431 -0.997501
v -0.328963 -0.067671 -1.049025
v -0.334115 -0.046541 -1.100549
v -0.337911 -0.025125 -1.152073
v -0.340336 -0.003511 -1.203597
v -0.341380 0.018213 -1.255121
v -0.341038 0.039960 -1.306645
v -0.339312 0.061641 -1.358169
v -0.336210 0.083168 -1.409693
v -0.331743 0.104454 -1.461217
v -0.325930 0.125413 -1.512740
v -0.318794 0.145958 -1.564264
v -0.310365 0.166008 -1.615788
v -0.300676 0.185480 -1.667313
v -0.289767 0.204296 -1.718836
v -0.277682 0.222379 -1.770360
v -0.264471 0.239656 -1.821884
v -0.250186 0.256057 -1.873408
v -0.234886 0.271515 -1.924932
v -0.218632 0.285967 -1.976456
v -0.201492 0.299356 -2.027980
v -0.183534 0.311626 -2.079504
v -0.164831 0.322727 -2.131028
v -0.145459 0.332615 -2.182552
v -0.125497 0.341250 -2.234076
v -0.105026 0.348596 -2.285600
v -0.084128 0.354624 -2.337124
v -0.062889 0.359309 -2.388648
v -0.041395 0.362632 -2.440172
v -0.019733 0.364580 -2.491696
v 0.002010 0.365145 -2.543220
v -0.014068 0.361008 2.557648
v 0.007435 0.361220 2.506124
v 0.028908 0.360062 2.454600
v 0.050264 0.357539 2.403076
v 0.071416 0.353661 2.351552
v 0.092278 0.348443 2.300029
v 0.112765 0.341910 2.248505
v 0.132795 0.334084 2.196981
v 0.152286 0.324999 2.145457
v 0.171159 0.314692 2.093933
v 0.189338 0.303204 2.042409
v 0.206748 0.290583 1.990886
v 0.223319 0.276878 1.939362
v 0.238984 0.262144 1.887838
v 0.253679 0.246445 1.836314
v 0.267345 0.229842 1.784790
v 0.279926 0.212402 1.733266
v 0.291371 0.194195 1.681742
v 0.301633 0.175297 1.630219
v 0.310672 0.155785 1.578695
v 0.318450 0.135738 1.527171
v 0.324935 0.115234 1.475647
v 0.330102 0.094360 1.424123
v 0.333930 0.073198 1.372599
v 0.336402 0.051838 1.321075
v 0.337509 0.030362 1.269552
v 0.337247 0.008859 1.218028
v 0.335616 -0.012584 1.166504
v 0.332623 -0.033878 1.114980
v 0.328281 -0.054940 1.063456
v 0.322606 -0.075682 1.011932
v 0.315622 -0.096021 0.960408
v 0.307357 -0.115874 0.908884
v 0.297845 -0.135160 0.857361
v 0.287125 -0.153801 0.805837
v 0.275239 -0.171722 0.754313
v 0.262236 -0.188850 0.702789
v 0.248169 -0.205115 0.651265
v 0.233096 -0.220452 0.599741
v 0.217076 -0.234798 0.548217
v 0.200175 -0.248094 0.496694
v 0.182462 -0.260287 0.445170
v 0.164009 -0.271329 0.393646
v 0.144890 -0.281173 0.342122
v 0.125183 -0.289780 0.290598
v 0.104968 -0.297114 0.239074
v 0.084327 -0.303146 0.187550
v 0.063344 -0.307852 0.136026
v 0.042104 -0.311212 0.084502
v 0.020693 -0.313213 0.032978
v -0.000802 -0.313847 -0.018546
v -0.022294 -0.313111 -0.070070
v -0.043695 -0.311008 -0.121594
v -0.064919 -0.307547 -0.173118
v -0.085880 -0.302741 -0.224642
v -0.106492 -0.296611 -0.276166
v -0.126672 -0.289181 -0.327690
v -0.146337 -0.280481 -0.379214
v -0.165409 -0.270546 -0.430737
v -0.183810 -0.259417 -0.482261
v -0.201465 -0.247140 -0.533786
v -0.218302 -0.233763 -0.585309
v -0.234254 -0.219341 -0.636833
v -0.249255 -0.203933 -0.688358
v -0.263244 -0.187601 -0.739881
v -0.276165 -0.170411 -0.791405
v -0.287965 -0.152434 -0.842929
v -0.298597 -0.133742 -0.894453
v -0.308017 -0.114411 -0.945977
v -0.316188 -0.094519 -0.997501
v -0.323075 -0.074147 -1.049025
v -0.328651 -0.053378 -1.100549
v -0.332893 -0.032297 -1.152073
v -0.335785 -0.010988 -1.203597
v -0.337314 0.010462 -1.255121
v -0.337474 0.031966 -1.306645
v -0.336265 0.053436 -1.358169
v -0.333691 0.074786 -1.409693
v -0.329763 0.095929 -1.461217
v -0.324497 0.116778 -1.512740
v -0.317914 0.137250 -1.564264
v -0.310040 0.157261 -1.615788
v -0.300909 0.176731 -1.667313
v -0.290557 0.195579 -1.718836
v -0.279025 0.213730 -1.770360
v -0.266362 0.231110 -1.821884
v -0.252617 0.247649 -1.873408
v -0.237847 0.263279 -1.924932
v -0.222113 0.277936 -1.976456
v -0.205476 0.291563 -2.027980
v -0.188006 0.304102 -2.079504
v -0.169773 0.315503 -2.131028
v -0.150851 0.325721 -2.182552
v -0.131317 0.334713 -2.234076
v -0.111250 0.342443 -2.285600
v -0.090732 0.348879 -2.337124
v -0.069845 0.353997 -2.388648
v -0.048675 0.357774 -2.440172
v -0.027308 0.360195 -2.491696
v -0.005829 0.361251 -2.543220
v -0.022353 0.358185 2.557648
v -0.001013 0.358930 2.506124
v 0.020332 0.358314 2.454600
v 0.041594 0.356341 2.403076
v 0.062687 0.353018 2.351552
v 0.083525 0.348359 2.300029
v 0.104025 0.342382 2.248505
v 0.124103 0.335112 2.196981
v 0.143677 0.326579 2.145457
v 0.162668 0.316816 2.093933
v 0.180999 0.305864 2.042409
v 0.198595 0.293768 1.990886
v 0.215386 0.280574 1.939362
v 0.231302 0.266339 1.887838
v 0.246280 0.251120 1.836314
v 0.260259 0.234979 1.784790
v 0.273181 0.217980 1.733266
v 0.284995 0.200191 1.681742
v 0.295652 0.181688 1.630219
v 0.305110 0.162543 1.578695
v 0.313329 0.142835 1.527171
v 0.320277 0.122645 1.475647
v 0.325925 0.102051 1.424123
v 0.330251 0.081140 1.372599
v 0.333236 0.059997 1.321075
v 0.334870 0.038706 1.269552
v 0.335144 0.017356 1.218028
v 0.334058 -0.003971 1.166504
v 0.331617 -0.025184 1.114980
v 0.327830 -0.046199 1.063456
v 0.322713 -0.066930 1.011932
v 0.316286 -0.087294 0.960408
v 0.308576 -0.107206 0.908884
v 0.299613 -0.126587 0.857361
v 0.289435 -0.145359 0.805837
v 0.278082 -0.163444 0.754313
v 0.265600 -0.180770 0.702789
v 0.252041 -0.197266 0.651265
v 0.237459 -0.212865 0.599741
v 0.221914 -0.227504 0.548217
v 0.205468 -0.241123 0.496694
v 0.188188 -0.253668 0.445170
v 0.170144 -0.265087 0.393646
v 0.151410 -0.275334 0.342122
v 0.132062 -0.284367 0.290598
v 0.112177 -0.292151 0.239074
v 0.091838 -0.298652 0.187550
v 0.071126 -0.303845 0.136026
v 0.050125 -0.307709 0.084502
v 0.028921 -0.310228 0.032978
v 0.007599 -0.311392 -0.018546
v -0.013753 -0.311196 -0.070070
v -0.035050 -0.309641 -0.121594
v -0.056204 -0.306733 -0.173118
v -0.077131 -0.302484 -0.224642
v -0.097744 -0.296911 -0.276166
v -0.117961 -0.290037 -0.327690
v -0.137699 -0.281890 -0.379214
v -0.156878 -0.272502 -0.430737
v -0.175421 -0.261913 -0.482261
v -0.193251 -0.250164 -0.533786
v -0.210298 -0.237304 -0.585309
v -0.226491 -0.223385 -0.636833
v -0.241765 -0.208463 -0.688358
v -0.256058 -0.192598 -0.739881
v -0.269312 -0.175856 -0.791405
v -0.281473 -0.158304 -0.842929
v -0.292492 -0.140013 -0.894453
v -0.302324 -0.121058 -0.945977
v -0.310929 -0.101515 -0.997501
v -0.318272 -0.081464 -1.049025
v -0.324324 -0.060987 -1.100549
v -0.329059 -0.040165 -1.152073
v -0.332460 -0.019084 -1.203597
v -0.334511 0.002171 -1.255121
v -0.335205 0.023513 -1.306645
v -0.334538 0.044856 -1.358169
v -0.332514 0.066113 -1.409693
v -0.329140 0.087198 -1.461217
v -0.324431 0.108026 -1.512740
v -0.318406 0.128511 -1.564264
v -0.311088 0.148572 -1.615788
v -0.302508 0.168125 -1.667313
v -0.292700 0.187093 -1.718836
v -0.281705 0.205398 -1.770360
v -0.269566 0.222965 -1.821884
v -0.256334 0.239725 -1.873408
v -0.242061 0.255607 -1.924932
v -0.226806 0.270548 -1.976456
v -0.210631 0.284489 -2.027980
v -0.193601 0.297370 -2.079504
v -0.175785 0.309142 -2.131028
v -0.157256 0.319755 -2.182552
v -0.138089 0.329167 -2.234076
v -0.118361 0.337339 -2.285600
v -0.098153 0.344239 -2.337124
v -0.077547 0.349838 -2.388648
v -0.056626 0.354114 -2.440172
v -0.035475 0.357049 -2.491696
v -0.014181 0.358631 -2.543220
v -0.030978 0.356692 2.557648
v -0.009715 0.357989 2.506124
v 0.011587 0.357930 2.454600
v 0.032843 0.356515 2.403076
v 0.053965 0.353748 2.351552
v 0.074867 0.349642 2.300029
v 0.095467 0.344215 2.248505
v 0.115678 0.337485 2.196981
v 0.135421 0.329483 2.145457
v 0.154613 0.320242 2.093933
v 0.173179 0.309796 2.042409
v 0.191041 0.298189 1.990886
v 0.208129 0.285468 1.939362
v 0.224372 0.271686 1.887838
v 0.239704 0.256896 1.836314
v 0.254063 0.241161 1.784790
v 0.267392 0.224544 1.733266
v 0.279636 0.207111 1.681742
v 0.290744 0.188935 1.630219
v 0.300673 0.170088 1.578695
v 0.309382 0.150648 1.527171
v 0.316835 0.130691 1.475647
v 0.323003 0.110301 1.424123
v 0.327860 0.089560 1.372599
v 0.331386 0.068552 1.321075
v 0.333568 0.047361 1.269552
v 0.334396 0.026075 1.218028
v 0.333867 0.004779 1.166504
v 0.331983 -0.016439 1.114980
v 0.328752 -0.037495 1.063456
v 0.324187 -0.058303 1.011932
v 0.318307 -0.078777 0.960408
v 0.311135 -0.098836 0.908884
v 0.302700 -0.118396 0.857361
v 0.293037 -0.137381 0.805837
v 0.282184 -0.155712 0.754313
v 0.270187 -0.173315 0.702789
v 0.257093 -0.190118 0.651265
v 0.242956 -0.206052 0.599741
v 0.227833 -0.221056 0.548217
v 0.211785 -0.235065 0.496694
v 0.194878 -0.248025 0.445170
v 0.177181 -0.259881 0.393646
v 0.158764 -0.270587 0.342122
v 0.139703 -0.280098 0.290598
v 0.120075 -0.288377 0.239074
v 0.099959 -0.295389 0.187550
v 0.079439 -0.301106 0.136026
v 0.058595 -0.305504 0.084502
v 0.037514 -0.308567 0.032978
v 0.016281 -0.310281 -0.018546
v -0.005018 -0.310640 -0.070070
v -0.026297 -0.309642 -0.121594
v -0.047470 -0.307291 -0.173118
v -0.068449 -0.303597 -0.224642
v -0.089151 -0.298575 -0.276166
v -0.109491 -0.292245 -0.327690
v -0.129387 -0.284633 -0.379214
v -0.148758 -0.275769 -0.430737
v -0.167525 -0.265690 -0.482261
v -0.185612 -0.254436 -0.533786
v -0.202946 -0.242054 -0.585309
v -0.219456 -0.228593 -0.636833
v -0.235076 -0.214108 -0.688358
v -0.249742 -0.198658 -0.739881
v -0.263395 -0.182306 -0.791405
v -0.275979 -0.165117 -0.842929
v -0.287442 -0.147163 -0.894453
v -0.297740 -0.128514 -0.945977
v -0.306829 -0.109249 -0.997501
v -0.314673 -0.089443 -1.049025
v -0.321240 -0.069178 -1.100549
v -0.326503 -0.048536 -1.152073
v -0.330442 -0.027601 -1.203597
v -0.333039 -0.006457 -1.255121
v -0.334285 0.014808 -1.306645
v -0.334175 0.036111 -1.358169
v -0.332708 0.057362 -1.409693
v -0.329892 0.078477 -1.461217
v -0.325736 0.099371 -1.512740
v -0.320259 0.119957 -1.564264
v -0.313482 0.140153 -1.615788
v -0.305433 0.159876 -1.667313
v -0.296145 0.179047 -1.718836
v -0.285655 0.197587 -1.770360
v -0.274006 0.215422 -1.821884
v -0.261244 0.232479 -1.873408
v -0.247423 0.248689 -1.924932
v -0.232598 0.263986 -1.976456
v -0.216828 0.278308 -2.027980
v -0.200179 0.291597 -2.079504
v -0.182718 0.303799 -2.131028
v -0.164515 0.314864 -2.182552
v -0.145644 0.324748 -2.234076
v -0.126183 0.333411 -2.285600
v -0.106209 0.340816 -2.337124
v -0.085804 0.346935 -2.388648
v -0.065052 0.351743 -2.440172
v -0.044035 0.355219 -2.491696
v -0.022839 0.357350 -2.543220
v -0.039730 0.356569 2.557648
v -0.018457 0.358422 2.506124
v 0.002891 0.358919 2.454600
v 0.024226 0.358055 2.403076
v 0.045464 0.355833 2.351552
v 0.066517 0.352266 2.300029
v 0.087300 0.347364 2.248505
v 0.107729 0.341149 2.196981
v 0.127721 0.333645 2.145457
v 0.147194 0.324885 2.093933
v 0.166070 0.314902 2.042409
v 0.184272 0.303738 1.990886
v 0.201727 0.291437 1.939362
v 0.218362 0.278050 1.887838
v 0.234112 0.263631 1.836314
v 0.248912 0.248238 1.784790
v 0.262701 0.231933 1.733266
v 0.275425 0.214785 1.681742
v 0.287031 0.196861 1.630219
v 0.297472 0.178234 1.578695
v 0.306706 0.158981 1.527171
v 0.314695 0.139178 1.475647
v 0.321407 0.118909 1.424123
v 0.326815 0.098250 1.372599
v 0.330897 0.077291 1.321075
v 0.333636 0.056115 1.269552
v 0.335021 0.034806 1.218028
v 0.335047 0.013452 1.166504
v 0.333713 -0.007859 1.114980
v 0.331025 -0.029043 1.063456
v 0.326994 -0.050012 1.011932
v 0.321635 -0.070681 0.960408
v 0.314972 -0.090969 0.908884
v 0.307030 -0.110789 0.857361
v 0.297842 -0.130066 0.805837
v 0.287446 -0.148718 0.754313
v 0.275883 -0.166669 0.702789
v 0.263201 -0.183849 0.651265
v 0.249451 -0.200185 0.599741
v 0.234688 -0.215614 0.548217
v 0.218973 -0.230071 0.496694
v 0.202370 -0.243498 0.445170
v 0.184945 -0.255840 0.393646
v 0.166770 -0.267049 0.342122
v 0.147917 -0.277077 0.290598
v 0.128465 -0.285885 0.239074
v 0.108492 -0.293436 0.187550
v 0.088078 -0.299700 0.136026
v 0.067306 -0.304651 0.084502
v 0.046262 -0.308271 0.032978
v 0.025030 -0.310542 -0.018546
v 0.003696 -0.311458 -0.070070
v -0.017653 -0.311013 -0.121594
v -0.038930 -0.309210 -0.173118
v -0.060049 -0.306056 -0.224642
v -0.080924 -0.301563 -0.276166
v -0.101471 -0.295751 -0.327690
v -0.121606 -0.288642 -0.379214
v -0.141248 -0.280265 -0.430737
v -0.160317 -0.270655 -0.482261
v -0.178735 -0.259851 -0.533786
v -0.196428 -0.247895 -0.585309
v -0.213323 -0.234837 -0.636833
v -0.229353 -0.220730 -0.688358
v -0.244452 -0.205632 -0.739881
v -0.258560 -0.189602 -0.791405
v -0.271618 -0.172706 -0.842929
v -0.283574 -0.155014 -0.894453
v -0.294379 -0.136596 -0.945977
v -0.303989 -0.117528 -0.997501
v -0.312366 -0.097886 -1.049025
v -0.319475 -0.077751 -1.100549
v -0.325288 -0.057204 -1.152073
v -0.329781 -0.036329 -1.203597
v -0.332936 -0.015210 -1.255121
v -0.334739 0.006067 -1.306645
v -0.335184 0.027416 -1.358169
v -0.334269 0.048750 -1.409693
v -0.331998 0.069982 -1.461217
v -0.328379 0.091026 -1.512740
v -0.323428 0.111798 -1.564264
v -0.317164 0.132212 -1.615788
v -0.309613 0.152186 -1.667313
v -0.300806 0.171638 -1.718836
v -0.290778 0.190490 -1.770360
v -0.279570 0.208666 -1.821884
v -0.267228 0.226091 -1.873408
v -0.253801 0.242695 -1.924932
v -0.239345 0.258410 -1.976456
v -0.223917 0.273173 -2.027980
v -0.207580 0.286924 -2.079504
v -0.190401 0.299606 -2.131028
v -0.172449 0.311169 -2.182552
v -0.153798 0.321566 -2.234076
v -0.134522 0.330754 -2.285600
v -0.114701 0.338696 -2.337124
v -0.094414 0.345360 -2.388648
v -0.073744 0.350719 -2.440172
v -0.052775 0.354751 -2.491696
v -0.031591 0.357439 -2.543220
v -0.048393 0.357814 2.557648
v -0.027024 0.360218 2.506124
v -0.005544 0.361256 2.454600
v 0.015957 0.360923 2.403076
v 0.037394 0.359224 2.351552
v 0.058680 0.356162 2.300029
v 0.079727 0.351752 2.248505
v 0.100450 0.346009 2.196981
v 0.120766 0.338961 2.145457
v 0.140592 0.330631 2.093933
v 0.159847 0.321057 2.042409
v 0.178454 0.310276 1.990886
v 0.196337 0.298333 1.939362
v 0.213422 0.285274 1.887838
v 0.229642 0.271155 1.836314
v 0.244930 0.256033 1.784790
v 0.259224 0.239967 1.733266
v 0.272466 0.223023 1.681742
v 0.284602 0.205270 1.630219
v 0.295584 0.186782 1.578695
v 0.305366 0.167631 1.527171
v 0.313909 0.147896 1.475647
v 0.321177 0.127658 1.424123
v 0.327143 0.106997 1.372599
v 0.331781 0.085999 1.321075
v 0.335073 0.064748 1.269552
v 0.337005 0.043331 1.218028
v 0.337569 0.021834 1.166504
v 0.336764 0.000346 1.114980
v 0.334592 -0.021050 1.063456
v 0.331062 -0.042262 1.011932
v 0.326189 -0.063207 0.960408
v 0.319992 -0.083799 0.908884
v 0.312497 -0.103954 0.857361
v 0.303733 -0.123593 0.805837
v 0.293737 -0.142631 0.754313
v 0.282549 -0.160997 0.702789
v 0.270214 -0.178611 0.651265
v 0.256783 -0.195406 0.599741
v 0.242310 -0.211311 0.548217
v 0.226854 -0.226262 0.496694
v 0.210477 -0.240198 0.445170
v 0.193246 -0.253064 0.393646
v 0.175230 -0.264806 0.342122
v 0.156504 -0.275378 0.290598
v 0.137142 -0.284736 0.239074
v 0.117224 -0.292841 0.187550
v 0.096830 -0.299663 0.136026
v 0.076044 -0.305172 0.084502
v 0.054948 -0.309346 0.032978
v 0.033630 -0.312169 -0.018546
v 0.012175 -0.313629 -0.070070
v -0.009329 -0.313719 -0.121594
v -0.030795 -0.312441 -0.173118
v -0.052136 -0.309798 -0.224642
v -0.073266 -0.305802 -0.276166
v -0.094099 -0.300468 -0.327690
v -0.114549 -0.293819 -0.379214
v -0.134535 -0.285881 -0.430737
v -0.153975 -0.276688 -0.482262
v -0.172790 -0.266274 -0.533786
v -0.190903 -0.254684 -0.585309
v -0.208242 -0.241964 -0.636833
v -0.224737 -0.228167 -0.688358
v -0.240319 -0.213347 -0.739881
v -0.254925 -0.197564 -0.791405
v -0.268498 -0.180884 -0.842929
v -0.280981 -0.163374 -0.894453
v -0.292323 -0.145104 -0.945977
v -0.302480 -0.126149 -0.997501
v -0.311408 -0.106586 -1.049025
v -0.319074 -0.086495 -1.100549
v -0.325444 -0.065955 -1.152073
v -0.330494 -0.045052 -1.203597
v -0.334202 -0.023870 -1.255121
v -0.336555 -0.002495 -1.306645
v -0.337541 0.018987 -1.358169
v -0.337158 0.040488 -1.409693
v -0.335407 0.061921 -1.461217
v -0.332295 0.083198 -1.512740
v -0.327834 0.104235 -1.564264
v -0.322043 0.124945 -1.615788
v -0.314945 0.145244 -1.667313
v -0.306569 0.165050 -1.718836
v -0.296948 0.184283 -1.770360
v -0.286123 0.202864 -1.821884
v -0.274137 0.220718 -1.873408
v -0.261038 0.237772 -1.924932
v -0.246881 0.253958 -1.976456
v -0.231721 0.269210 -2.027980
v -0.215621 0.283466 -2.079504
v -0.198646 0.296667 -2.131028
v -0.180864 0.308761 -2.182552
v -0.162349 0.319699 -2.234076
v -0.143175 0.329435 -2.285600
v -0.123420 0.337931 -2.337124
v -0.103164 0.345151 -2.388648
v -0.082490 0.351068 -2.440172
v -0.061481 0.355656 -2.491696
v -0.040222 0.358897 -2.543220
v -0.056755 0.360401 2.557648
v -0.035204 0.363331 2.506124
v -0.013510 0.364884 2.454600
v 0.008239 0.365051 2.403076
v 0.029954 0.363835 2.351552
v 0.051548 0.361237 2.300029
v 0.072933 0.357269 2.248505
v 0.094022 0.351950 2.196981
v 0.114729 0.345297 2.145457
v 0.134971 0.337341 2.093933
v 0.154664 0.328111 2.042409
v 0.173731 0.317645 1.990886
v 0.192092 0.305988 1.939362
v 0.209674 0.293184 1.887838
v 0.226405 0.279287 1.836314
v 0.242217 0.264353 1.784790
v 0.257046 0.248443 1.733266
v 0.270832 0.231621 1.681742
v 0.283520 0.213956 1.630219
v 0.295056 0.195518 1.578695
v 0.305395 0.176383 1.527171
v 0.314495 0.156629 1.475647
v 0.322319 0.136335 1.424123
v 0.328835 0.115584 1.372599
v 0.334017 0.094462 1.321075
v 0.337842 0.073052 1.269552
v 0.340298 0.051441 1.218028
v 0.341372 0.029718 1.166504
v 0.341060 0.007970 1.114980
v 0.339365 -0.013713 1.063456
v 0.336293 -0.035245 1.011932
v 0.331856 -0.056537 0.960408
v 0.326072 -0.077503 0.908884
v 0.318965 -0.098059 0.857361
v 0.310564 -0.118120 0.805837
v 0.300903 -0.137606 0.754313
v 0.290020 -0.156437 0.702789
v 0.277961 -0.174537 0.651265
v 0.264773 -0.191832 0.599741
v 0.250511 -0.208253 0.548217
v 0.235233 -0.223733 0.496694
v 0.219000 -0.238208 0.445170
v 0.201878 -0.251620 0.393646
v 0.183937 -0.263915 0.342122
v 0.165250 -0.275043 0.290598
v 0.145892 -0.284958 0.239074
v 0.125942 -0.293621 0.187550
v 0.105481 -0.300995 0.136026
v 0.084592 -0.307052 0.084502
v 0.063360 -0.311767 0.032978
v 0.041870 -0.315121 -0.018546
v 0.020211 -0.317099 -0.070070
v -0.001531 -0.317694 -0.121594
v -0.023266 -0.316904 -0.173118
v -0.044907 -0.314732 -0.224642
v -0.066365 -0.311186 -0.276166
v -0.087555 -0.306281 -0.327690
v -0.108388 -0.300037 -0.379214
v -0.128782 -0.292478 -0.430737
v -0.148654 -0.283637 -0.482262
v -0.167922 -0.273549 -0.533786
v -0.186509 -0.262254 -0.585309
v -0.204339 -0.249799 -0.636833
v -0.221340 -0.236233 -0.688358
v -0.237442 -0.221613 -0.739881
v -0.252581 -0.205997 -0.791405
v -0.266696 -0.189449 -0.842929
v -0.279727 -0.172036 -0.894453
v -0.291624 -0.153829 -0.945977
v -0.302337 -0.134901 -0.997501
v -0.311824 -0.115329 -1.049025
v -0.320045 -0.095193 -1.100549
v -0.326967 -0.074575 -1.152073
v -0.332562 -0.053557 -1.203597
v -0.336808 -0.032226 -1.255121
v -0.339687 -0.010668 -1.306645
v -0.341188 0.011030 -1.358169
v -0.341304 0.032779 -1.409693
v -0.340035 0.054492 -1.461217
v -0.337387 0.076079 -1.512740
v -0.333369 0.097454 -1.564264
v -0.327998 0.118531 -1.615788
v -0.321296 0.139222 -1.667313
v -0.313291 0.159444 -1.718836
v -0.304014 0.179116 -1.770360
v -0.293503 0.198158 -1.821884
v -0.281802 0.216491 -1.873408
v -0.268957 0.234043 -1.924932
v -0.255020 0.250740 -1.976456
v -0.240049 0.266517 -2.027980
v -0.224103 0.281308 -2.079504
v -0.207248 0.295054 -2.131028
v -0.189552 0.307699 -2.182552
v -0.171087 0.319192 -2.234076
v -0.151928 0.329486 -2.285600
v -0.132152 0.338538 -2.337124
v -0.111840 0.346314 -2.388648
v -0.091074 0.352780 -2.440172
v -0.069938 0.357911 -2.491696
v -0.048518 0.361686 -2.543220
v -0.064610 0.364263 2.557648
v -0.042797 0.367685 2.506124
v -0.020810 0.369713 2.454600
v 0.001261 0.370336 2.403076
v 0.023327 0.369552 2.351552
v 0.045299 0.367366 2.300029
v 0.067086 0.363784 2.248505
v 0.088602 0.358823 2.196981
v 0.109757 0.352502 2.145457
v 0.130468 0.344845 2.093933
v 0.150649 0.335888 2.042409
v 0.170218 0.325663 1.990886
v 0.189097 0.314212 1.939362
v 0.207209 0.301582 1.887838
v 0.224479 0.287825 1.836314
v 0.240839 0.272997 1.784790
v 0.256221 0.257157 1.733266
v 0.270564 0.240370 1.681742
v 0.283809 0.222704 1.630219
v 0.295902 0.204229 1.578695
v 0.306794 0.185023 1.527171
v 0.316441 0.165162 1.475647
v 0.324805 0.144729 1.424123
v 0.331850 0.123803 1.372599
v 0.337548 0.102470 1.321075
v 0.341877 0.080819 1.269552
v 0.344818 0.058935 1.218028
v 0.346360 0.036909 1.166504
v 0.346497 0.014830 1.114980
v 0.345228 -0.007214 1.063456
v 0.342557 -0.029132 1.011932
v 0.338497 -0.050835 0.960408
v 0.333063 -0.072235 0.908884
v 0.326277 -0.093247 0.857361
v 0.318167 -0.113784 0.805837
v 0.308766 -0.133762 0.754313
v 0.298113 -0.153102 0.702789
v 0.286249 -0.171724 0.651265
v 0.273224 -0.189553 0.599741
v 0.259090 -0.206516 0.548217
v 0.243905 -0.222546 0.496694
v 0.227730 -0.237575 0.445170
v 0.210631 -0.251545 0.393646
v 0.192677 -0.264397 0.342122
v 0.173941 -0.276080 0.290598
v 0.154499 -0.286547 0.239074
v 0.134431 -0.295754 0.187550
v 0.113817 -0.303665 0.136026
v 0.092741 -0.310248 0.084502
v 0.071288 -0.315475 0.032978
v 0.049547 -0.319325 -0.018546
v 0.027604 -0.321784 -0.070070
v 0.005549 -0.322840 -0.121594
v -0.016528 -0.322491 -0.173118
v -0.038538 -0.320736 -0.224642
v -0.060392 -0.317583 -0.276166
v -0.082000 -0.313045 -0.327690
v -0.103276 -0.307141 -0.379214
v -0.124133 -0.299894 -0.430737
v -0.144486 -0.291334 -0.482262
v -0.164253 -0.281495 -0.533786
v -0.183353 -0.270418 -0.585309
v -0.201709 -0.258147 -0.636833
v -0.219247 -0.244732 -0.688358
v -0.235895 -0.230228 -0.739881
v -0.251586 -0.214693 -0.791405
v -0.266255 -0.198191 -0.842929
v -0.279845 -0.180788 -0.894453
v -0.292298 -0.162556 -0.945977
v -0.303566 -0.143567 -0.997501
v -0.313601 -0.123899 -1.049025
v -0.322365 -0.103633 -1.100549
v -0.329820 -0.082849 -1.152073
v -0.335936 -0.061633 -1.203597
v -0.340689 -0.040071 -1.255121
v -0.344060 -0.018250 -1.306645
v -0.346035 0.003741 -1.358169
v -0.346605 0.025814 -1.409693
v -0.345769 0.047878 -1.461217
v -0.343529 0.069844 -1.512740
v -0.339896 0.091623 -1.564264
v -0.334883 0.113127 -1.615788
v -0.328512 0.134267 -1.667313
v -0.320807 0.154960 -1.718836
v -0.311801 0.175119 -1.770360
v -0.301529 0.194664 -1.821884
v -0.290033 0.213516 -1.873408
v -0.277361 0.231597 -1.924932
v -0.263563 0.248835 -1.976456
v -0.248696 0.265159 -2.027980
v -0.232819 0.280504 -2.079504
v -0.215998 0.294807 -2.131028
v -0.198300 0.308009 -2.182552
v -0.179797 0.320058 -2.234076
v -0.160565 0.330905 -2.285600
v -0.140681 0.340505 -2.337124
v -0.120226 0.348819 -2.388648
v -0.099284 0.355814 -2.440172
v -0.077938 0.361462 -2.491696
v -0.056276 0.365739 -2.543220
v -0.071763 0.369307 2.557648
v -0.049615 0.373175 2.506124
v -0.027265 0.375625 2.454600
v -0.004804 0.376646 2.403076
v 0.017676 0.376235 2.351552
v 0.040085 0.374396 2.300029
v 0.062330 0.371132 2.248505
v 0.084323 0.366459 2.196981
v 0.105974 0.360393 2.145457
v 0.127194 0.352964 2.093933
v 0.147899 0.344196 2.042409
v 0.168003 0.334129 1.990886
v 0.187426 0.322803 1.939362
v 0.206088 0.310264 1.887838
v 0.223913 0.296560 1.836314
v 0.240830 0.281751 1.784790
v 0.256770 0.265892 1.733266
v 0.271668 0.249054 1.681742
v 0.285463 0.231299 1.630219
v 0.298100 0.212702 1.578695
v 0.309527 0.193339 1.527171
v 0.319698 0.173287 1.475647
v 0.328572 0.152629 1.424123
v 0.336113 0.131446 1.372599
v 0.342289 0.109827 1.321075
v 0.347077 0.087859 1.269552
v 0.350456 0.065631 1.218028
v 0.352413 0.043233 1.166504
v 0.352940 0.020754 1.114980
v 0.352034 -0.001711 1.063456
v 0.349701 -0.024073 1.011932
v 0.345948 -0.046241 0.960408
v 0.340791 -0.068127 0.908884
v 0.334251 -0.089637 0.857361
v 0.326355 -0.110690 0.805837
v 0.317134 -0.131195 0.754313
v 0.306627 -0.151074 0.702789
v 0.294875 -0.170242 0.651265
v 0.281927 -0.188623 0.599741
v 0.267835 -0.206143 0.548217
v 0.252656 -0.222729 0.496694
v 0.236451 -0.238316 0.445170
v 0.219287 -0.252839 0.393646
v 0.201233 -0.266240 0.342122
v 0.182363 -0.278464 0.290598
v 0.162752 -0.289462 0.239074
v 0.142481 -0.299189 0.187550
v 0.121632 -0.307606 0.136026
v 0.100289 -0.314678 0.084502
v 0.078540 -0.320377 0.032978
v 0.056471 -0.324679 -0.018546
v 0.034174 -0.327567 -0.070070
v 0.011737 -0.329031 -0.121594
v -0.010746 -0.329062 -0.173118
v -0.033187 -0.327662 -0.224642
v -0.055492 -0.324836 -0.276166
v -0.077573 -0.320596 -0.327690
v -0.099338 -0.314958 -0.379214
v -0.120701 -0.307946 -0.430737
v -0.141574 -0.299588 -0.482262
v -0.161872 -0.289918 -0.533786
v -0.181513 -0.278975 -0.585309
v -0.200418 -0.266804 -0.636833
v -0.218509 -0.253454 -0.688358
v -0.235714 -0.238979 -0.739881
v -0.251962 -0.223438 -0.791405
v -0.267188 -0.206894 -0.842929
v -0.281330 -0.189414 -0.894453
v -0.294329 -0.171069 -0.945977
v -0.306135 -0.151934 -0.997501
v -0.316698 -0.132086 -1.049025
v -0.325976 -0.111606 -1.100549
v -0.333931 -0.090576 -1.152073
v -0.340531 -0.069083 -1.203597
v -0.345750 -0.047213 -1.255121
v -0.349565 -0.025055 -1.306645
v -0.351962 -0.002699 -1.358169
v -0.352930 0.019764 -1.409693
v -0.352466 0.042243 -1.461217
v -0.350572 0.064647 -1.512740
v -0.347255 0.086885 -1.564264
v -0.342529 0.108867 -1.615788
v -0.336414 0.130503 -1.667313
v -0.328933 0.151706 -1.718836
v -0.320117 0.172389 -1.770360
v -0.310002 0.192469 -1.821884
v -0.298629 0.211865 -1.873408
v -0.286044 0.230497 -1.924932
v -0.272299 0.248290 -1.976456
v -0.257448 0.265171 -2.027980
v -0.241553 0.281073 -2.079504
v -0.224678 0.295931 -2.131028
v -0.206891 0.309684 -2.182552
v -0.188264 0.322276 -2.234076
v -0.168873 0.333657 -2.285600
v -0.148797 0.343781 -2.337124
v -0.128117 0.352605 -2.388648
v -0.106918 0.360095 -2.440172
v -0.085284 0.366220 -2.491696
v -0.063305 0.370956 -2.543220
v -0.078040 0.375406 2.557648
v -0.055490 0.379662 2.506124
v -0.032715 0.382472 2.454600
v -0.009807 0.383828 2.403076
v 0.013140 0.383722 2.351552
v 0.036035 0.382155 2.300029
v 0.058783 0.379132 2.248505
v 0.081292 0.374669 2.196981
v 0.103472 0.368781 2.145457
v 0.125231 0.361493 2.093933
v 0.146483 0.352835 2.042409
v 0.167140 0.342840 1.990886
v 0.187119 0.331551 1.939362
v 0.206338 0.319013 1.887838
v 0.224720 0.305276 1.836314
v 0.242191 0.290397 1.784790
v 0.258678 0.274435 1.733266
v 0.274116 0.257456 1.681742
v 0.288441 0.239529 1.630219
v 0.301596 0.220726 1.578695
v 0.313527 0.201124 1.527171
v 0.324186 0.180801 1.475647
v 0.333529 0.159842 1.424123
v 0.341519 0.138331 1.372599
v 0.348123 0.116353 1.321075
v 0.353314 0.094000 1.269552
v 0.357071 0.071362 1.218028
v 0.359380 0.048530 1.166504
v 0.360230 0.025598 1.114980
v 0.359618 0.002659 1.063456
v 0.357547 -0.020194 1.011932
v 0.354025 -0.042870 0.960408
v 0.349067 -0.065277 0.908884
v 0.342692 -0.087320 0.857361
v 0.334926 -0.108915 0.805837
v 0.325801 -0.129970 0.754313
v 0.315354 -0.150402 0.702789
v 0.303627 -0.170128 0.651265
v 0.290669 -0.189067 0.599741
v 0.276530 -0.207142 0.548217
v 0.261270 -0.224280 0.496694
v 0.244949 -0.240411 0.445170
v 0.227635 -0.255472 0.393646
v 0.209396 -0.269399 0.342122
v 0.190308 -0.282137 0.290598
v 0.170447 -0.293633 0.239074
v 0.149895 -0.303841 0.187550
v 0.128735 -0.312720 0.136026
v 0.107052 -0.320234 0.084502
v 0.084935 -0.326352 0.032978
v 0.062473 -0.331050 -0.018546
v 0.039757 -0.334308 -0.070070
v 0.016881 -0.336113 -0.121594
v -0.006064 -0.336457 -0.173118
v -0.028985 -0.335340 -0.224642
v -0.051788 -0.332766 -0.276166
v -0.074381 -0.328746 -0.327690
v -0.096672 -0.323295 -0.379214
v -0.118571 -0.316435 -0.430737
v -0.139988 -0.308196 -0.482262
v -0.160838 -0.298609 -0.533786
v -0.181034 -0.287715 -0.585309
v -0.200497 -0.275556 -0.636833
v -0.219145 -0.262184 -0.688358
v -0.236905 -0.247650 -0.739881
v -0.253702 -0.232016 -0.791405
v -0.269471 -0.215344 -0.842929
v -0.284146 -0.197701 -0.894453
v -0.297668 -0.179160 -0.945977
v -0.309981 -0.159796 -0.997501
v -0.321037 -0.139687 -1.049025
v -0.330791 -0.118915 -1.100549
v -0.339201 -0.097565 -1.152073
v -0.346236 -0.075721 -1.203597
v -0.351865 -0.053475 -1.255121
v -0.356067 -0.030915 -1.306645
v -0.358823 -0.008133 -1.358169
v -0.360124 0.014778 -1.409693
v -0.359963 0.037725 -1.461217
v -0.358341 0.060615 -1.512740
v -0.355265 0.083356 -1.564264
v -0.350748 0.105855 -1.615788
v -0.344807 0.128021 -1.667313
v -0.337467 0.149763 -1.718836
v -0.328757 0.170994 -1.770360
v -0.318714 0.191627 -1.821884
v -0.307377 0.211579 -1.873408
v -0.294793 0.230769 -1.924932
v -0.281012 0.249118 -1.976456
v -0.266091 0.266553 -2.027980
v -0.250091 0.283002 -2.079504
v -0.233075 0.298399 -2.131028
v -0.215114 0.312682 -2.182552
v -0.196280 0.325792 -2.234076
v -0.176649 0.337676 -2.285600
v -0.156301 0.348287 -2.337124
v -0.135319 0.357580 -2.388648
v -0.113788 0.365518 -2.440172
v -0.091796 0.372069 -2.491696
v -0.069430 0.377207 -2.543220
v -0.083285 0.382414 2.557648
v -0.060278 0.386989 2.506124
v -0.037027 0.390089 2.454600
v -0.013625 0.391704 2.403076
v 0.009831 0.391824 2.351552
v 0.033248 0.390452 2.300029
v 0.056530 0.387591 2.248505
v 0.079583 0.383254 2.196981
v 0.102312 0.377457 2.145457
v 0.124627 0.370225 2.093933
v 0.146435 0.361586 2.042409
v 0.167650 0.351577 1.990886
v 0.188184 0.340238 1.939362
v 0.207954 0.327614 1.887838
v 0.226881 0.313758 1.836314
v 0.244887 0.298724 1.784790
v 0.261899 0.282574 1.733266
v 0.277849 0.265374 1.681742
v 0.292670 0.247193 1.630219
v 0.306305 0.228104 1.578695
v 0.318696 0.208187 1.527171
v 0.329794 0.187522 1.475647
v 0.339554 0.166191 1.424123
v 0.347935 0.144283 1.372599
v 0.354905 0.121885 1.321075
v 0.360435 0.099089 1.269552
v 0.364502 0.075987 1.218028
v 0.367090 0.052673 1.166504
v 0.368188 0.029242 1.114980
v 0.367792 0.005788 1.063456
v 0.365904 -0.017593 1.011932
v 0.362531 -0.040806 0.960408
v 0.357686 -0.063757 0.908884
v 0.351391 -0.086353 0.857361
v 0.343669 -0.108503 0.805837
v 0.334552 -0.130116 0.754313
v 0.324079 -0.151105 0.702789
v 0.312289 -0.171385 0.651265
v 0.299233 -0.190872 0.599741
v 0.284963 -0.209489 0.548217
v 0.269536 -0.227159 0.496694
v 0.253015 -0.243811 0.445170
v 0.235467 -0.259378 0.393646
v 0.216964 -0.273796 0.342122
v 0.197581 -0.287007 0.290598
v 0.177395 -0.298956 0.239074
v 0.156490 -0.309596 0.187550
v 0.134950 -0.318883 0.136026
v 0.112862 -0.326780 0.084502
v 0.090316 -0.333255 0.032978
v 0.067404 -0.338282 -0.018546
v 0.044218 -0.341838 -0.070070
v 0.020853 -0.343912 -0.121594
v -0.002597 -0.344494 -0.173118
v -0.026036 -0.343582 -0.224642
v -0.049370 -0.341179 -0.276166
v -0.072503 -0.337295 -0.327690
v -0.095342 -0.331946 -0.379214
v -0.117795 -0.325154 -0.430737
v -0.139769 -0.316946 -0.482262
v -0.161176 -0.307356 -0.533786
v -0.181929 -0.296422 -0.585309
v -0.201944 -0.284189 -0.636833
v -0.221139 -0.270706 -0.688358
v -0.239437 -0.256029 -0.739881
v -0.256763 -0.240216 -0.791405
v -0.273047 -0.223333 -0.842929
v -0.288224 -0.205446 -0.894453
v -0.302230 -0.186630 -0.945977
v -0.315010 -0.166960 -0.997501
v -0.326512 -0.146516 -1.049025
v -0.336689 -0.125382 -1.100549
v -0.345500 -0.103642 -1.152073
v -0.352908 -0.081386 -1.203597
v -0.358885 -0.058703 -1.255121
v -0.363405 -0.035685 -1.306645
v -0.366450 -0.012427 -1.358169
v -0.368009 0.010978 -1.409693
v -0.368074 0.034435 -1.461217
v -0.366645 0.057849 -1.512740
v -0.363729 0.081124 -1.564264
v -0.359336 0.104166 -1.615788
v -0.353485 0.126882 -1.667313
v -0.346200 0.149179 -1.718836
v -0.337510 0.170967 -1.770360
v -0.327451 0.192158 -1.821884
v -0.316062 0.212665 -1.873408
v -0.303391 0.232405 -1.924932
v -0.289489 0.251299 -1.976456
v -0.274412 0.269269 -2.027980
v -0.258222 0.286243 -2.079504
v -0.240983 0.302151 -2.131028
v -0.222767 0.316929 -2.182552
v -0.203647 0.330518 -2.234076
v -0.183700 0.342862 -2.285600
v -0.163008 0.353911 -2.337124
v -0.141654 0.363619 -2.388648
v -0.119726 0.371949 -2.440172
v -0.097312 0.378865 -2.491696
v -0.074503 0.384340 -2.543220
v -0.087369 0.390155 2.557648
v -0.063861 0.394975 2.506124
v -0.040094 0.398287 2.454600
v -0.016164 0.400081 2.403076
v 0.007831 0.400346 2.351552
v 0.031794 0.399083 2.300029
v 0.055629 0.396298 2.248505
v 0.079237 0.392000 2.196981
v 0.102524 0.386207 2.145457
v 0.125396 0.378944 2.093933
v 0.147758 0.370239 2.042409
v 0.169520 0.360129 1.990886
v 0.190595 0.348653 1.939362
v 0.210896 0.335858 1.887838
v 0.230342 0.321797 1.836314
v 0.248853 0.306527 1.784790
v 0.266354 0.290107 1.733266
v 0.282774 0.272608 1.681742
v 0.298046 0.254099 1.630219
v 0.312109 0.234655 1.578695
v 0.324906 0.214356 1.527171
v 0.336384 0.193282 1.475647
v 0.346497 0.171521 1.424123
v 0.355204 0.149160 1.372599
v 0.362470 0.126289 1.321075
v 0.368264 0.103002 1.269552
v 0.372565 0.079393 1.218028
v 0.375353 0.055560 1.166504
v 0.376618 0.031597 1.114980
v 0.376355 0.007601 1.063456
v 0.374565 -0.016328 1.011932
v 0.371255 -0.040095 0.960408
v 0.366438 -0.063604 0.908884
v 0.360134 -0.086758 0.857361
v 0.352369 -0.109464 0.805837
v 0.343173 -0.131629 0.754313
v 0.332586 -0.153164 0.702789
v 0.320648 -0.173981 0.651265
v 0.307410 -0.193994 0.599741
v 0.292924 -0.213126 0.548217
v 0.277249 -0.231296 0.496694
v 0.260449 -0.248431 0.445170
v 0.242593 -0.264461 0.393646
v 0.223751 -0.279323 0.342122
v 0.204002 -0.292954 0.290598
v 0.183425 -0.305299 0.239074
v 0.162104 -0.316311 0.187550
v 0.140125 -0.325943 0.136026
v 0.117577 -0.334155 0.084502
v 0.094552 -0.340915 0.032978
v 0.071143 -0.346195 -0.018546
v 0.047446 -0.349974 -0.070070
v 0.023556 -0.352237 -0.121594
v -0.000429 -0.352974 -0.173118
v -0.024413 -0.352182 -0.224642
v -0.048297 -0.349865 -0.276166
v -0.071986 -0.346032 -0.327690
v -0.095383 -0.340698 -0.379214
v -0.118392 -0.333886 -0.430737
v -0.140921 -0.325622 -0.482262
v -0.162878 -0.315941 -0.533786
v -0.184174 -0.304881 -0.585309
v -0.204723 -0.292488 -0.636833
v -0.224441 -0.278812 -0.688358
v -0.243248 -0.263908 -0.739881
v -0.261069 -0.247837 -0.791405
v -0.277829 -0.230663 -0.842929
v -0.293463 -0.212458 -0.894453
v -0.307905 -0.193294 -0.945977
v -0.321098 -0.173249 -0.997501
v -0.332988 -0.152405 -1.049025
v -0.343527 -0.130846 -1.100549
v -0.352671 -0.108660 -1.152073
v -0.360385 -0.085937 -1.203597
v -0.366636 -0.062769 -1.255121
v -0.371399 -0.039250 -1.306645
v -0.374655 -0.015475 -1.358169
v -0.376391 0.008459 -1.409693
v -0.376599 0.032455 -1.461217
v -0.375280 0.056415 -1.512740
v -0.372437 0.080243 -1.564264
v -0.368083 0.103842 -1.615788
v -0.362235 0.127115 -1.667313
v -0.354917 0.149969 -1.718836
v -0.346159 0.172310 -1.770360
v -0.335997 0.194049 -1.821884
v -0.324470 0.215096 -1.873408
v -0.311628 0.235367 -1.924932
v -0.297520 0.254779 -1.976456
v -0.282205 0.273253 -2.027980
v -0.265745 0.290715 -2.079504
v -0.248207 0.307093 -2.131028
v -0.229661 0.322322 -2.182552
v -0.210184 0.336338 -2.234076
v -0.189853 0.349087 -2.285600
v -0.168752 0.360514 -2.337124
v -0.146967 0.370576 -2.388648
v -0.124585 0.379229 -2.440172
v -0.101697 0.386440 -2.491696
v -0.078397 0.392179 -2.543220
v -0.090192 0.398441 2.557648
v -0.066151 0.403423 2.506124
v -0.041841 0.406864 2.454600
v -0.017362 0.408750 2.403076
v 0.007188 0.409074 2.351552
v 0.031708 0.407835 2.300029
v 0.056100 0.405038 2.248505
v 0.080264 0.400691 2.196981
v 0.104103 0.394817 2.145457
v 0.127519 0.387436 2.093933
v 0.150417 0.378578 2.042409
v 0.172706 0.368281 1.990886
v 0.194293 0.356585 1.939362
v 0.215092 0.343540 1.887838
v 0.235018 0.329195 1.836314
v 0.253990 0.313613 1.784790
v 0.271932 0.296852 1.733266
v 0.288770 0.278984 1.681742
v 0.304437 0.260080 1.630219
v 0.318868 0.240218 1.578695
v 0.332005 0.219477 1.527171
v 0.343794 0.197940 1.475647
v 0.354189 0.175697 1.424123
v 0.363146 0.152837 1.372599
v 0.370630 0.129454 1.321075
v 0.376610 0.105641 1.269552
v 0.381061 0.081498 1.218028
v 0.383966 0.057118 1.166504
v 0.385313 0.032602 1.114980
v 0.385096 0.008052 1.063456
v 0.383317 -0.016436 1.011932
v 0.379982 -0.040759 0.960408
v 0.375105 -0.064823 0.908884
v 0.368706 -0.088525 0.857361
v 0.360811 -0.111774 0.805837
v 0.351452 -0.134472 0.754313
v 0.340666 -0.156527 0.702789
v 0.328498 -0.177852 0.651265
v 0.314997 -0.198358 0.599741
v 0.300218 -0.217964 0.548217
v 0.284220 -0.236587 0.496694
v 0.267069 -0.254156 0.445170
v 0.248835 -0.270597 0.393646
v 0.229590 -0.285843 0.342122
v 0.209414 -0.299833 0.290598
v 0.188388 -0.312510 0.239074
v 0.166598 -0.323822 0.187550
v 0.144131 -0.333725 0.136026
v 0.121080 -0.342176 0.084502
v 0.097537 -0.349143 0.032978
v 0.073599 -0.354597 -0.018546
v 0.049361 -0.358515 -0.070070
v 0.024924 -0.360882 -0.121594
v 0.000385 -0.361689 -0.173118
v -0.024155 -0.360931 -0.224642
v -0.048597 -0.358613 -0.276166
v -0.072842 -0.354743 -0.327690
v -0.096791 -0.349337 -0.379214
v -0.120348 -0.342417 -0.430737
v -0.143416 -0.334012 -0.482262
v -0.165903 -0.324155 -0.533786
v -0.187715 -0.312886 -0.585309
v -0.208767 -0.300251 -0.636833
v -0.228971 -0.286302 -0.688358
v -0.248246 -0.271094 -0.739881
v -0.266513 -0.254690 -0.791405
v -0.283699 -0.237156 -0.842929
v -0.299734 -0.218563 -0.894453
v -0.314553 -0.198988 -0.945977
v -0.328095 -0.178508 -0.997501
v -0.340305 -0.157208 -1.049025
v -0.351135 -0.135174 -1.100549
v -0.360540 -0.112494 -1.152073
v -0.368481 -0.089262 -1.203597
v -0.374928 -0.065572 -1.255121
v -0.379853 -0.041519 -1.306645
v -0.383236 -0.017201 -1.358169
v -0.385064 0.007282 -1.409693
v -0.385330 0.031833 -1.461217
v -0.384032 0.056350 -1.512740
v -0.381176 0.080736 -1.564264
v -0.376772 0.104889 -1.615788
v -0.370840 0.128714 -1.667313
v -0.363403 0.152112 -1.718836
v -0.354492 0.174990 -1.770360
v -0.344142 0.197253 -1.821884
v -0.332395 0.218813 -1.873408
v -0.319299 0.239581 -1.924932
v -0.304908 0.259472 -1.976456
v -0.289279 0.278408 -2.027980
v -0.272477 0.296309 -2.079504
v -0.254569 0.313105 -2.131028
v -0.235627 0.328726 -2.182552
v -0.215730 0.343110 -2.234076
v -0.194957 0.356197 -2.285600
v -0.173393 0.367936 -2.337124
v -0.151125 0.378277 -2.388648
v -0.128244 0.387180 -2.440172
v -0.104843 0.394608 -2.491696
v -0.081016 0.400531 -2.543220
v -0.091684 0.407065 2.557648
v -0.067091 0.412125 2.506124
v -0.042225 0.415609 2.454600
v -0.017188 0.417502 2.403076
v 0.007918 0.417797 2.351552
v 0.032993 0.416494 2.300029
v 0.057933 0.413596 2.248505
v 0.082638 0.409115 2.196981
v 0.107009 0.403073 2.145457
v 0.130944 0.395490 2.093933
v 0.154349 0.386398 2.042409
v 0.177127 0.375835 1.990886
v 0.199186 0.363842 1.939362
v 0.220437 0.350470 1.887838
v 0.240794 0.335772 1.836314
v 0.260173 0.319807 1.784790
v 0.278497 0.302642 1.733266
v 0.295690 0.284345 1.681742
v 0.311684 0.264989 1.630219
v 0.326413 0.244655 1.578695
v 0.339817 0.223424 1.527171
v 0.351842 0.201383 1.475647
v 0.362439 0.178619 1.424123
v 0.371566 0.155228 1.372599
v 0.379185 0.131304 1.321075
v 0.385265 0.106943 1.269552
v 0.389782 0.082245 1.218028
v 0.392717 0.057309 1.166504
v 0.394058 0.032236 1.114980
v 0.393800 0.007130 1.063456
v 0.391945 -0.017909 1.011932
v 0.388498 -0.042781 0.960408
v 0.383476 -0.067382 0.908884
v 0.376897 -0.091613 0.857361
v 0.368788 -0.115375 0.805837
v 0.359183 -0.138574 0.754313
v 0.348121 -0.161114 0.702789
v 0.335646 -0.182903 0.651265
v 0.321809 -0.203855 0.599741
v 0.306666 -0.223883 0.548217
v 0.290278 -0.242906 0.496694
v 0.272713 -0.260847 0.445170
v 0.254040 -0.277633 0.393646
v 0.234337 -0.293197 0.342122
v 0.213683 -0.307474 0.290598
v 0.192162 -0.320407 0.239074
v 0.169861 -0.331944 0.187550
v 0.146871 -0.342037 0.136026
v 0.123285 -0.350646 0.084502
v 0.099198 -0.357736 0.032978
v 0.074709 -0.363279 -0.018546
v 0.049917 -0.367250 -0.070070
v 0.024922 -0.369635 -0.121594
v -0.000174 -0.370423 -0.173118
v -0.025269 -0.369613 -0.224642
v -0.050261 -0.367206 -0.276166
v -0.075050 -0.363212 -0.327690
v -0.099534 -0.357649 -0.379214
v -0.123614 -0.350538 -0.430737
v -0.147193 -0.341908 -0.482262
v -0.170174 -0.331794 -0.533786
v -0.192465 -0.320238 -0.585309
v -0.213975 -0.307285 -0.636833
v -0.234616 -0.292990 -0.688358
v -0.254306 -0.277409 -0.739881
v -0.272963 -0.260607 -0.791405
v -0.290513 -0.242650 -0.842929
v -0.306884 -0.223613 -0.894453
v -0.322009 -0.203571 -0.945977
v -0.335828 -0.182608 -0.997501
v -0.348284 -0.160807 -1.049025
v -0.359326 -0.138257 -1.100549
v -0.368911 -0.115050 -1.152073
v -0.376998 -0.091280 -1.203597
v -0.383556 -0.067043 -1.255121
v -0.388557 -0.042438 -1.306645
v -0.391981 -0.017564 -1.358169
v -0.393815 0.007477 -1.409693
v -0.394050 0.032584 -1.461217
v -0.392687 0.057655 -1.512740
v -0.389730 0.082589 -1.564264
v -0.385191 0.107283 -1.615788
v -0.379090 0.131639 -1.667313
v -0.371450 0.155557 -1.718836
v -0.362302 0.178940 -1.770360
v -0.351685 0.201693 -1.821884
v -0.339640 0.223723 -1.873408
v -0.326217 0.244943 -1.924932
v -0.311471 0.265264 -1.976456
v -0.295460 0.284605 -2.027980
v -0.278250 0.302888 -2.079504
v -0.259911 0.320038 -2.131028
v -0.240518 0.335985 -2.182552
v -0.220148 0.350665 -2.234076
v -0.198885 0.364019 -2.285600
v -0.176815 0.375991 -2.337124
v -0.154028 0.386535 -2.388648
v -0.130615 0.395605 -2.440172
v -0.106673 0.403167 -2.491696
v -0.082297 0.409189 -2.543220
v -0.091808 0.415816 2.557648
v -0.066658 0.420866 2.506124
v -0.041237 0.424304 2.454600
v -0.015648 0.426118 2.403076
v 0.010004 0.426298 2.351552
v 0.035615 0.424843 2.300029
v 0.061082 0.421763 2.248505
v 0.086301 0.417066 2.196981
v 0.111170 0.410772 2.145457
v 0.135588 0.402909 2.093933
v 0.159455 0.393506 2.042409
v 0.182675 0.382605 1.990886
v 0.205155 0.370246 1.939362
v 0.226801 0.356480 1.887838
v 0.247527 0.341365 1.836314
v 0.267249 0.324959 1.784790
v 0.285886 0.307332 1.733266
v 0.303363 0.288556 1.681742
v 0.319610 0.268702 1.630219
v 0.334559 0.247856 1.578695
v 0.348150 0.226099 1.527171
v 0.360329 0.203523 1.475647
v 0.371045 0.180215 1.424123
v 0.380256 0.156273 1.372599
v 0.387924 0.131793 1.321075
v 0.394017 0.106876 1.269552
v 0.398512 0.081619 1.218028
v 0.401390 0.056128 1.166504
v 0.402638 0.030506 1.114980
v 0.402253 0.004856 1.063456
v 0.400235 -0.020717 1.011932
v 0.396594 -0.046110 0.960408
v 0.391342 -0.071219 0.908884
v 0.384503 -0.095943 0.857361
v 0.376104 -0.120181 0.805837
v 0.366178 -0.143835 0.754313
v 0.354766 -0.166811 0.702789
v 0.341915 -0.189012 0.651265
v 0.327676 -0.210350 0.599741
v 0.312108 -0.230738 0.548217
v 0.295273 -0.250094 0.496694
v 0.277240 -0.268338 0.445170
v 0.258081 -0.285397 0.393646
v 0.237876 -0.301202 0.342122
v 0.216705 -0.315689 0.290598
v 0.194654 -0.328798 0.239074
v 0.171814 -0.340476 0.187550
v 0.148277 -0.350676 0.136026
v 0.124138 -0.359358 0.084502
v 0.099495 -0.366484 0.032978
v 0.074448 -0.372027 -0.018546
v 0.049099 -0.375965 -0.070070
v 0.023552 -0.378280 -0.121594
v -0.002092 -0.378964 -0.173118
v -0.027727 -0.378013 -0.224642
v -0.053250 -0.375433 -0.276166
v -0.078556 -0.371232 -0.327690
v -0.103544 -0.365429 -0.379214
v -0.128111 -0.358047 -0.430737
v -0.152159 -0.349116 -0.482262
v -0.175589 -0.338671 -0.533786
v -0.198307 -0.326756 -0.585309
v -0.220220 -0.313419 -0.636833
v -0.241239 -0.298713 -0.688358
v -0.261279 -0.282699 -0.739881
v -0.280259 -0.265442 -0.791405
v -0.298102 -0.247011 -0.842929
v -0.314735 -0.227481 -0.894453
v -0.330091 -0.206932 -0.945977
v -0.344107 -0.185448 -0.997501
v -0.356727 -0.163114 -1.049025
v -0.367899 -0.140022 -1.100549
v -0.377579 -0.116265 -1.152073
v -0.385726 -0.091941 -1.203597
v -0.392308 -0.067147 -1.255121
v -0.397298 -0.041984 -1.306645
v -0.400676 -0.016555 -1.358169
v -0.402427 0.009038 -1.409693
v -0.402546 0.034690 -1.461217
v -0.401031 0.060298 -1.512740
v -0.397889 0.085758 -1.564264
v -0.393132 0.110965 -1.615788
v -0.386780 0.135819 -1.667313
v -0.378858 0.160218 -1.718836
v -0.369399 0.184063 -1.770360
v -0.358441 0.207257 -1.821884
v -0.346028 0.229707 -1.873408
v -0.332211 0.251321 -1.924932
v -0.317046 0.272011 -1.976456
v -0.300595 0.291694 -2.027980
v -0.282923 0.310289 -2.079504
v -0.264104 0.327721 -2.131028
v -0.244213 0.343920 -2.182552
v -0.223331 0.358819 -2.234076
v -0.201542 0.372359 -2.285600
v -0.178936 0.384483 -2.337124
v -0.155603 0.395144 -2.388648
v -0.131639 0.404298 -2.440172
v -0.107141 0.411907 -2.491696
v -0.082208 0.417941 -2.543220
v -0.090562 0.424481 2.557648
v -0.064863 0.429434 2.506124
v -0.038900 0.432739 2.454600
v -0.012779 0.434386 2.403076
v 0.013394 0.434368 2.351552
v 0.039512 0.432682 2.300029
v 0.065470 0.429336 2.248505
v 0.091163 0.424344 2.196981
v 0.116485 0.417726 2.145457
v 0.141335 0.409511 2.093933
v 0.165611 0.399729 2.042409
v 0.189215 0.388422 1.990886
v 0.212051 0.375635 1.939362
v 0.234027 0.361420 1.887838
v 0.255053 0.345833 1.836314
v 0.275044 0.328941 1.784790
v 0.293919 0.310809 1.733266
v 0.311601 0.291514 1.681742
v 0.328019 0.271130 1.630219
v 0.343105 0.249744 1.578695
v 0.356800 0.227440 1.527171
v 0.369046 0.204308 1.475647
v 0.379795 0.180446 1.424123
v 0.389003 0.155945 1.372599
v 0.396632 0.130910 1.321075
v 0.402651 0.105439 1.269552
v 0.407037 0.079636 1.218028
v 0.409771 0.053606 1.166504
v 0.410842 0.027455 1.114980
v 0.410246 0.001289 1.063456
v 0.407985 -0.024784 1.011932
v 0.404068 -0.050662 0.960408
v 0.398512 -0.076239 0.908884
v 0.391339 -0.101410 0.857361
v 0.382577 -0.126072 0.805837
v 0.372263 -0.150127 0.754313
v 0.360439 -0.173477 0.702789
v 0.347152 -0.196025 0.651265
v 0.332456 -0.217683 0.599741
v 0.316411 -0.238360 0.548217
v 0.299082 -0.257975 0.496694
v 0.280539 -0.276445 0.445170
v 0.260858 -0.293698 0.393646
v 0.240118 -0.309663 0.342122
v 0.218404 -0.324275 0.290598
v 0.195803 -0.337475 0.239074
v 0.172408 -0.349208 0.187550
v 0.148314 -0.359429 0.136026
v 0.123617 -0.368095 0.084502
v 0.098419 -0.375171 0.032978
v 0.072822 -0.380628 -0.018546
v 0.046929 -0.384444 -0.070070
v 0.020845 -0.386603 -0.121594
v -0.005323 -0.387098 -0.173118
v -0.031469 -0.385926 -0.224642
v -0.057488 -0.383091 -0.276166
v -0.083273 -0.378605 -0.327690
v -0.108721 -0.372487 -0.379214
v -0.133727 -0.364761 -0.430737
v -0.158191 -0.355458 -0.482262
v -0.182013 -0.344617 -0.533786
v -0.205096 -0.332280 -0.585309
v -0.227347 -0.318499 -0.636833
v -0.248675 -0.303330 -0.688358
v -0.268994 -0.286833 -0.739881
v -0.288222 -0.269076 -0.791405
v -0.306280 -0.250131 -0.842929
v -0.323095 -0.230074 -0.894453
v -0.338599 -0.208988 -0.945977
v -0.352729 -0.186957 -0.997501
v -0.365427 -0.164071 -1.049025
v -0.376643 -0.140424 -1.100549
v -0.386330 -0.116110 -1.152073
v -0.394450 -0.091228 -1.203597
v -0.400968 -0.065880 -1.255121
v -0.405860 -0.040169 -1.306645
v -0.409105 -0.014198 -1.358169
v -0.410690 0.011927 -1.409693
v -0.410608 0.038099 -1.461217
v -0.408859 0.064214 -1.512740
v -0.405452 0.090164 -1.564264
v -0.400399 0.115844 -1.615788
v -0.393722 0.141150 -1.667313
v -0.385446 0.165980 -1.718836
v -0.375607 0.190233 -1.770360
v -0.364243 0.213810 -1.821884
v -0.351402 0.236616 -1.873408
v -0.337134 0.258558 -1.924932
v -0.321498 0.279547 -1.976456
v -0.304558 0.299498 -2.027980
v -0.286381 0.318329 -2.079504
v -0.267043 0.335966 -2.131028
v -0.246621 0.352335 -2.182552
v -0.225198 0.367370 -2.234076
v -0.202861 0.381012 -2.285600
v -0.179701 0.393203 -2.337124
v -0.155812 0.403895 -2.388648
v -0.131291 0.413044 -2.440172
v -0.106236 0.420613 -2.491696
v -0.080751 0.426572 -2.543220
v -0.087976 0.432842 2.557648
v -0.061749 0.437613 2.506124
v -0.035272 0.440705 2.454600
v -0.008651 0.442105 2.403076
v 0.018005 0.441806 2.351552
v 0.044587 0.439813 2.300029
v 0.070989 0.436130 2.248505
v 0.097103 0.430772 2.196981
v 0.122822 0.423765 2.145457
v 0.148043 0.415132 2.093933
v 0.172664 0.404913 2.042409
v 0.196584 0.393145 1.990886
v 0.219706 0.379880 1.939362
v 0.241936 0.365168 1.887838
v 0.263185 0.349071 1.836314
v 0.283365 0.331654 1.784790
v 0.302396 0.312987 1.733266
v 0.320200 0.293147 1.681742
v 0.336704 0.272214 1.630219
v 0.351842 0.250271 1.578695
v 0.365552 0.227409 1.527171
v 0.377779 0.203721 1.475647
v 0.388473 0.179304 1.424123
v 0.397590 0.154254 1.372599
v 0.405094 0.128674 1.321075
v 0.410954 0.102670 1.269552
v 0.415147 0.076343 1.218028
v 0.417655 0.049805 1.166504
v 0.418468 0.023159 1.114980
v 0.417582 -0.003483 1.063456
v 0.415003 -0.030016 1.011932
v 0.410739 -0.056330 0.960408
v 0.404808 -0.082318 0.908884
v 0.397235 -0.107879 0.857361
v 0.388050 -0.132903 0.805837
v 0.377290 -0.157293 0.754313
v 0.364999 -0.180947 0.702789
v 0.351227 -0.203772 0.651265
v 0.336029 -0.225673 0.599741
v 0.319468 -0.246561 0.548217
v 0.301611 -0.266354 0.496694
v 0.282529 -0.284969 0.445170
v 0.262302 -0.302331 0.393646
v 0.241009 -0.318370 0.342122
v 0.218739 -0.333021 0.290598
v 0.195581 -0.346224 0.239074
v 0.171629 -0.357926 0.187550
v 0.146981 -0.368080 0.136026
v 0.121736 -0.376643 0.084502
v 0.095998 -0.383582 0.032978
v 0.069870 -0.388868 -0.018546
v 0.043458 -0.392479 -0.070070
v 0.016870 -0.394401 -0.121594
v -0.009786 -0.394627 -0.173118
v -0.036403 -0.393155 -0.224642
v -0.062872 -0.389992 -0.276166
v -0.089086 -0.385149 -0.327690
v -0.114938 -0.378647 -0.379214
v -0.140324 -0.370513 -0.430737
v -0.165141 -0.360778 -0.482262
v -0.189287 -0.349484 -0.533786
v -0.212665 -0.336675 -0.585309
v -0.235181 -0.322403 -0.636833
v -0.256742 -0.306727 -0.688358
v -0.277261 -0.289709 -0.739881
v -0.296655 -0.271420 -0.791405
v -0.314845 -0.251933 -0.842929
v -0.331757 -0.231327 -0.894453
v -0.347323 -0.209687 -0.945977
v -0.361480 -0.187099 -0.997501
v -0.374170 -0.163656 -1.049025
v -0.385341 -0.139453 -1.100549
v -0.394949 -0.114587 -1.152073
v -0.402954 -0.089160 -1.203597
v -0.409324 -0.063274 -1.255121
v -0.414033 -0.037036 -1.306645
v -0.417062 -0.010551 -1.358169
v -0.418398 0.016073 -1.409693
v -0.418036 0.042728 -1.461217
v -0.415978 0.069306 -1.512740
v -0.412232 0.095698 -1.564264
v -0.406814 0.121799 -1.615788
v -0.399744 0.147502 -1.667313
v -0.391052 0.172703 -1.718836
v -0.380773 0.197299 -1.770360
v -0.368949 0.221191 -1.821884
v -0.355628 0.244281 -1.873408
v -0.340864 0.266476 -1.924932
v -0.324716 0.287686 -1.976456
v -0.307251 0.307826 -2.027980
v -0.288539 0.326812 -2.079504
v -0.268656 0.344568 -2.131028
v -0.247683 0.361023 -2.182552
v -0.225705 0.376108 -2.234076
v -0.202811 0.389764 -2.285600
v -0.179093 0.401934 -2.337124
v -0.154650 0.412570 -2.388648
v -0.129578 0.421627 -2.440172
v -0.103981 0.429070 -2.491696
v -0.077962 0.434868 -2.543220
v -0.084114 0.440697 2.557648
v -0.057395 0.445207 2.506124
v -0.030443 0.448006 2.454600
v -0.003367 0.449083 2.403076
v 0.023722 0.448435 2.351552
v 0.050715 0.446062 2.300029
v 0.077502 0.441976 2.248505
v 0.103975 0.436192 2.196981
v 0.130026 0.428735 2.145457
v 0.155549 0.419635 2.093933
v 0.180441 0.408929 2.042409
v 0.204601 0.396659 1.990886
v 0.227930 0.382874 1.939362
v 0.250334 0.367633 1.887838
v 0.271723 0.350996 1.836314
v 0.292009 0.333033 1.784790
v 0.311110 0.313812 1.733266
v 0.328949 0.293415 1.681742
v 0.345452 0.271924 1.630219
v 0.360554 0.249426 1.578695
v 0.374193 0.226011 1.527171
v 0.386313 0.201776 1.475647
v 0.396865 0.176818 1.424123
v 0.405808 0.151239 1.372599
v 0.413103 0.125142 1.321075
v 0.418722 0.098635 1.269552
v 0.422642 0.071822 1.218028
v 0.424846 0.044815 1.166504
v 0.425327 0.017722 1.114980
v 0.424082 -0.009345 1.063456
v 0.421116 -0.036280 1.011932
v 0.416441 -0.062971 0.960408
v 0.410076 -0.089310 0.908884
v 0.402047 -0.115189 0.857361
v 0.392386 -0.140505 0.805837
v 0.381133 -0.165156 0.754313
v 0.368334 -0.189040 0.702789
v 0.354040 -0.212060 0.651265
v 0.338309 -0.234123 0.599741
v 0.321205 -0.255140 0.548217
v 0.302798 -0.275025 0.496694
v 0.283162 -0.293698 0.445170
v 0.262377 -0.311083 0.393646
v 0.240527 -0.327110 0.342122
v 0.217701 -0.341711 0.290598
v 0.193992 -0.354832 0.239074
v 0.169496 -0.366415 0.187550
v 0.144312 -0.376416 0.136026
v 0.118542 -0.384792 0.084502
v 0.092291 -0.391511 0.032978
v 0.065665 -0.396544 -0.018546
v 0.038773 -0.399872 -0.070070
v 0.011724 -0.401482 -0.121594
v -0.015373 -0.401365 -0.173118
v -0.042407 -0.399524 -0.224642
v -0.069269 -0.395965 -0.276166
v -0.095851 -0.390703 -0.327690
v -0.122043 -0.383759 -0.379214
v -0.147740 -0.375162 -0.430737
v -0.172838 -0.364946 -0.482262
v -0.197234 -0.353153 -0.533786
v -0.220829 -0.339831 -0.585309
v -0.243529 -0.325033 -0.636833
v -0.265241 -0.308819 -0.688358
v -0.285876 -0.291257 -0.739881
v -0.305351 -0.272416 -0.791405
v -0.323586 -0.252373 -0.842929
v -0.340509 -0.231210 -0.894453
v -0.356050 -0.209013 -0.945977
v -0.370146 -0.185871 -0.997501
v -0.382740 -0.161878 -1.049025
v -0.393781 -0.137133 -1.100549
v -0.403224 -0.111734 -1.152073
v -0.411031 -0.085786 -1.203597
v -0.417169 -0.059393 -1.255121
v -0.421615 -0.032663 -1.306645
v -0.424350 -0.005705 -1.358169
v -0.425363 0.021373 -1.409693
v -0.424650 0.048461 -1.461217
v -0.422213 0.075448 -1.512740
v -0.418064 0.102226 -1.564264
v -0.412217 0.128685 -1.615788
v -0.404698 0.154718 -1.667313
v -0.395537 0.180219 -1.718836
v -0.384770 0.205085 -1.770360
v -0.372443 0.229216 -1.821884
v -0.358603 0.252512 -1.873408
v -0.343309 0.274881 -1.924932
v -0.326621 0.296229 -1.976456
v -0.308608 0.316473 -2.027980
v -0.289343 0.335528 -2.079504
v -0.268904 0.353318 -2.131028
v -0.247373 0.369770 -2.182552
v -0.224838 0.384818 -2.234076
v -0.201391 0.398401 -2.285600
v -0.177127 0.410463 -2.337124
v -0.152144 0.420956 -2.388648
v -0.126544 0.429837 -2.440172
v -0.100430 0.437070 -2.491696
v -0.073909 0.442626 -2.543220
v -0.079071 0.447851 2.557648
v -0.051906 0.452025 2.506124
v -0.024531 0.454460 2.454600
v 0.002944 0.455147 2.403076
v 0.030406 0.454086 2.351552
v 0.057745 0.451276 2.300029
v 0.084850 0.446732 2.248505
v 0.111611 0.440472 2.196981
v 0.137919 0.432520 2.145457
v 0.163667 0.422908 2.093933
v 0.188750 0.411678 2.042409
v 0.213068 0.398873 1.990886
v 0.236522 0.384545 1.939362
v 0.259015 0.368755 1.887838
v 0.280457 0.351564 1.836314
v 0.300762 0.333042 1.784790
v 0.319845 0.313264 1.733266
v 0.337631 0.292313 1.681742
v 0.354047 0.270270 1.630219
v 0.369026 0.247228 1.578695
v 0.382508 0.223278 1.527171
v 0.394437 0.198520 1.475647
v 0.404766 0.173051 1.424123
v 0.413452 0.146977 1.372599
v 0.420460 0.120401 1.321075
v 0.425763 0.093434 1.269552
v 0.429337 0.066186 1.218028
v 0.431169 0.038763 1.166504
v 0.431252 0.011280 1.114980
v 0.429584 -0.016153 1.063456
v 0.426174 -0.043424 1.011932
v 0.421034 -0.070422 0.960408
v 0.414185 -0.097037 0.908884
v 0.405655 -0.123164 0.857361
v 0.395480 -0.148694 0.805837
v 0.383699 -0.173525 0.754313
v 0.370362 -0.197554 0.702789
v 0.355521 -0.220687 0.651265
v 0.339238 -0.242827 0.599741
v 0.321579 -0.263885 0.548217
v 0.302614 -0.283776 0.496694
v 0.282421 -0.302420 0.445170
v 0.261083 -0.319740 0.393646
v 0.238684 -0.335666 0.342122
v 0.215317 -0.350134 0.290598
v 0.191077 -0.363085 0.239074
v 0.166061 -0.374466 0.187550
v 0.140371 -0.384231 0.136026
v 0.114111 -0.392341 0.084502
v 0.087389 -0.398762 0.032978
v 0.060312 -0.403469 -0.018546
v 0.032990 -0.406442 -0.070070
v 0.005534 -0.407669 -0.121594
v -0.021944 -0.407147 -0.173118
v -0.049333 -0.404875 -0.224642
v -0.076522 -0.400864 -0.276166
v -0.103401 -0.395131 -0.327690
v -0.129860 -0.387697 -0.379214
v -0.155792 -0.378594 -0.430737
v -0.181091 -0.367859 -0.482262
v -0.205656 -0.355534 -0.533786
v -0.229387 -0.341670 -0.585309
v -0.252186 -0.326324 -0.636833
v -0.273962 -0.309557 -0.688358
v -0.294626 -0.291438 -0.739881
v -0.314095 -0.272039 -0.791405
v -0.332289 -0.251441 -0.842929
v -0.349135 -0.229725 -0.894453
v -0.364564 -0.206982 -0.945977
v -0.378513 -0.183302 -0.997501
v -0.390927 -0.158782 -1.049025
v -0.401754 -0.133521 -1.100549
v -0.410951 -0.107622 -1.152073
v -0.418480 -0.081190 -1.203597
v -0.424311 -0.054333 -1.255121
v -0.428420 -0.027159 -1.306645
v -0.430791 0.000222 -1.358169
v -0.431413 0.027698 -1.409693
v -0.430285 0.055158 -1.461217
v -0.427411 0.082491 -1.512740
v -0.422802 0.109585 -1.564264
v -0.416477 0.136331 -1.615788
v -0.408463 0.162619 -1.667313
v -0.398791 0.188345 -1.718836
v -0.387500 0.213401 -1.770360
v -0.374637 0.237689 -1.821884
v -0.360254 0.261108 -1.873408
v -0.344409 0.283564 -1.924932
v -0.327167 0.304965 -1.976456
v -0.308596 0.325225 -2.027980
v -0.288774 0.344262 -2.079504
v -0.267779 0.361998 -2.131028
v -0.245698 0.378361 -2.182552
v -0.222620 0.393285 -2.234076
v -0.198639 0.406710 -2.285600
v -0.173851 0.418580 -2.337124
v -0.148358 0.428848 -2.388648
v -0.122263 0.437472 -2.440172
v -0.095672 0.444417 -2.491696
v -0.068692 0.449654 -2.543220
v -0.072970 0.454127 2.557648
v -0.045419 0.457900 2.506124
v -0.017683 0.459911 2.454600
v 0.010125 0.460152 2.403076
v 0.037892 0.458620 2.351552
v 0.065505 0.455326 2.300029
v 0.092852 0.450280 2.248505
v 0.119822 0.443503 2.196981
v 0.146306 0.435022 2.145457
v 0.172196 0.424872 2.093933
v 0.197388 0.413094 2.042409
v 0.221778 0.399737 1.990886
v 0.245269 0.384853 1.939362
v 0.267764 0.368503 1.887838
v 0.289173 0.350756 1.836314
v 0.309408 0.331680 1.784790
v 0.328388 0.311355 1.733266
v 0.346035 0.289863 1.681742
v 0.362278 0.267291 1.630219
v 0.377050 0.243731 1.578695
v 0.390293 0.219278 1.527171
v 0.401952 0.194032 1.475647
v 0.411980 0.168094 1.424123
v 0.420336 0.141569 1.372599
v 0.426986 0.114569 1.321075
v 0.431903 0.087197 1.269552
v 0.435068 0.059569 1.218028
v 0.436467 0.031797 1.166504
v 0.436096 0.003990 1.114980
v 0.433954 -0.023737 1.063456
v 0.430052 -0.051269 1.011932
v 0.424404 -0.078499 0.960408
v 0.417034 -0.105313 0.908884
v 0.407972 -0.131605 0.857361
v 0.397255 -0.157265 0.805837
v 0.384925 -0.182191 0.754313
v 0.371033 -0.206282 0.702789
v 0.355636 -0.229438 0.651265
v 0.338795 -0.251568 0.599741
v 0.320580 -0.272581 0.548217
v 0.301063 -0.292391 0.496694
v 0.280325 -0.310918 0.445170
v 0.258450 -0.328087 0.393646
v 0.235525 -0.343829 0.342122
v 0.211645 -0.358079 0.290598
v 0.186906 -0.370780 0.239074
v 0.161409 -0.381880 0.187550
v 0.135256 -0.391334 0.136026
v 0.108555 -0.399103 0.084502
v 0.081413 -0.405157 0.032978
v 0.053941 -0.409470 -0.018546
v 0.026249 -0.412026 -0.070070
v -0.001548 -0.412813 -0.121594
v -0.029339 -0.411829 -0.173118
v -0.057012 -0.409077 -0.224642
v -0.084453 -0.404569 -0.276166
v -0.111551 -0.398322 -0.327690
v -0.138196 -0.390364 -0.379214
v -0.164281 -0.380725 -0.430737
v -0.189699 -0.369444 -0.482262
v -0.214348 -0.356568 -0.533786
v -0.238126 -0.342149 -0.585309
v -0.260938 -0.326245 -0.636833
v -0.282692 -0.308921 -0.688358
v -0.303298 -0.290247 -0.739881
v -0.322673 -0.270299 -0.791405
v -0.340739 -0.249158 -0.842929
v -0.357422 -0.226909 -0.894453
v -0.372655 -0.203644 -0.945977
v -0.386376 -0.179455 -0.997501
v -0.398528 -0.154442 -1.049025
v -0.409064 -0.128707 -1.100549
v -0.417939 -0.102352 -1.152073
v -0.425119 -0.075486 -1.203597
v -0.430573 -0.048217 -1.255121
v -0.434280 -0.020657 -1.306645
v -0.436225 0.007084 -1.358169
v -0.436399 0.034892 -1.409693
v -0.434803 0.062655 -1.461217
v -0.431442 0.090260 -1.512740
v -0.426331 0.117595 -1.564264
v -0.419489 0.144549 -1.615788
v -0.410945 0.171013 -1.667313
v -0.400733 0.196879 -1.718836
v -0.388896 0.222042 -1.770360
v -0.375480 0.246401 -1.821884
v -0.360540 0.269856 -1.873408
v -0.344138 0.292312 -1.924932
v -0.326339 0.313679 -1.976456
v -0.307215 0.333868 -2.027980
v -0.286845 0.352800 -2.079504
v -0.265311 0.370395 -2.131028
v -0.242700 0.386584 -2.182552
v -0.219105 0.401301 -2.234076
v -0.194620 0.414485 -2.285600
v -0.169345 0.426084 -2.337124
v -0.143384 0.436050 -2.388648
v -0.116840 0.444342 -2.440172
v -0.089822 0.450928 -2.491696
v -0.062440 0.455780 -2.543220
v -0.065963 0.459372 2.557648
v -0.038092 0.462687 2.506124
v -0.010066 0.464223 2.454600
v 0.018001 0.463970 2.403076
v 0.045995 0.461930 2.351552
v 0.073802 0.458113 2.300029
v 0.101310 0.452532 2.248505
v 0.128406 0.445212 2.196981
v 0.154982 0.436181 2.145457
v 0.180928 0.425476 2.093933
v 0.206140 0.413141 2.042409
v 0.230516 0.399227 1.990886
v 0.253957 0.383788 1.939362
v 0.276366 0.366887 1.887838
v 0.297655 0.348596 1.836314
v 0.317735 0.328984 1.784790
v 0.336526 0.308134 1.733266
v 0.353952 0.286132 1.681742
v 0.369941 0.263063 1.630219
v 0.384429 0.239022 1.578695
v 0.397357 0.214110 1.527171
v 0.408672 0.188423 1.475647
v 0.418329 0.162069 1.424123
v 0.426289 0.135153 1.372599
v 0.432518 0.107786 1.321075
v 0.436993 0.080077 1.269552
v 0.439694 0.052138 1.218028
v 0.440611 0.024087 1.166504
v 0.439739 -0.003969 1.114980
v 0.437084 -0.031911 1.063456
v 0.432655 -0.059627 1.011932
v 0.426470 -0.087005 0.960408
v 0.418554 -0.113933 0.908884
v 0.408940 -0.140304 0.857361
v 0.397667 -0.166007 0.805837
v 0.384779 -0.190942 0.754313
v 0.370331 -0.215006 0.702789
v 0.354379 -0.238100 0.651265
v 0.336990 -0.260132 0.599741
v 0.318233 -0.281013 0.548217
v 0.298184 -0.300656 0.496694
v 0.276926 -0.318983 0.445170
v 0.254544 -0.335920 0.393646
v 0.231128 -0.351397 0.342122
v 0.206775 -0.365352 0.290598
v 0.181583 -0.377728 0.239074
v 0.155654 -0.388475 0.187550
v 0.129093 -0.397549 0.136026
v 0.102009 -0.404914 0.084502
v 0.074510 -0.410539 0.032978
v 0.046709 -0.414402 -0.018546
v 0.018719 -0.416487 -0.070070
v -0.009348 -0.416785 -0.121594
v -0.037376 -0.415296 -0.173118
v -0.065253 -0.412026 -0.224642
v -0.092865 -0.406987 -0.276166
v -0.120100 -0.400200 -0.327690
v -0.146848 -0.391693 -0.379214
v -0.172999 -0.381501 -0.430737
v -0.198449 -0.369664 -0.482262
v -0.223094 -0.356230 -0.533786
v -0.246833 -0.341255 -0.585309
v -0.269571 -0.324798 -0.636833
v -0.291214 -0.306928 -0.688358
v -0.311676 -0.287715 -0.739881
v -0.330873 -0.267239 -0.791405
v -0.348728 -0.245582 -0.842929
v -0.365167 -0.222831 -0.894453
v -0.380125 -0.199081 -0.945977
v -0.393539 -0.174426 -0.997501
v -0.405357 -0.148968 -1.049025
v -0.415530 -0.122808 -1.100549
v -0.424017 -0.096054 -1.152073
v -0.430783 -0.068814 -1.203597
v -0.435801 -0.041198 -1.255121
v -0.439051 -0.013319 -1.306645
v -0.440519 0.014711 -1.358169
v -0.440199 0.042777 -1.409693
v -0.438093 0.070766 -1.461217
v -0.434209 0.098564 -1.512740
v -0.428563 0.126058 -1.564264
v -0.421178 0.153137 -1.615788
v -0.412084 0.179691 -1.667313
v -0.401317 0.205612 -1.718836
v -0.388922 0.230795 -1.770360
v -0.374949 0.255138 -1.821884
v -0.359454 0.278541 -1.873408
v -0.342501 0.300911 -1.924932
v -0.324158 0.322155 -1.976456
v -0.304499 0.342189 -2.027980
v -0.283605 0.360930 -2.079504
v -0.261559 0.378303 -2.131028
v -0.238453 0.394237 -2.182552
v -0.214379 0.408668 -2.234076
v -0.189434 0.421536 -2.285600
v -0.163721 0.432790 -2.337124
v -0.137344 0.442385 -2.388648
v -0.110409 0.450280 -2.440172
v -0.083027 0.456444 -2.491696
v -0.055307 0.460852 -2.543220
v -0.058222 0.463456 2.557648
v -0.030106 0.466271 2.506124
v -0.001868 0.467290 2.454600
v 0.026378 0.466509 2.403076
v 0.054516 0.463931 2.351552
v 0.082433 0.459567 2.300029
v 0.110016 0.453433 2.248505
v 0.137152 0.445558 2.196981
v 0.163732 0.435969 2.145457
v 0.189647 0.424708 2.093933
v 0.214793 0.411820 2.042409
v 0.239067 0.397355 1.990886
v 0.262371 0.381376 1.939362
v 0.284610 0.363945 1.887838
v 0.305694 0.345134 1.836314
v 0.325538 0.325019 1.784790
v 0.344061 0.303681 1.733266
v 0.361187 0.281206 1.681742
v 0.376848 0.257686 1.630219
v 0.390980 0.233219 1.578695
v 0.403525 0.207899 1.527171
v 0.414432 0.181833 1.475647
v 0.423658 0.155125 1.424123
v 0.431164 0.127884 1.372599
v 0.436921 0.100221 1.321075
v 0.440905 0.072247 1.269552
v 0.443100 0.044077 1.218028
v 0.443497 0.015822 1.166504
v 0.442093 -0.012399 1.114980
v 0.438896 -0.040474 1.063456
v 0.433918 -0.068288 1.011932
v 0.427179 -0.095729 0.960408
v 0.418707 -0.122685 0.908884
v 0.408535 -0.149047 0.857361
v 0.396706 -0.174708 0.805837
v 0.383267 -0.199564 0.754313
v 0.368272 -0.223513 0.702789
v 0.351783 -0.246458 0.651265
v 0.333867 -0.268309 0.599741
v 0.314595 -0.288974 0.548217
v 0.294048 -0.308370 0.496694
v 0.272306 -0.326418 0.445170
v 0.249460 -0.343044 0.393646
v 0.225602 -0.358184 0.342122
v 0.200827 -0.371772 0.290598
v 0.175239 -0.383757 0.239074
v 0.148938 -0.394088 0.187550
v 0.122034 -0.402723 0.136026
v 0.094634 -0.409628 0.084502
v 0.066850 -0.414774 0.032978
v 0.038795 -0.418141 -0.018546
v 0.010583 -0.419714 -0.070070
v -0.017672 -0.419488 -0.121594
v -0.045856 -0.417464 -0.173118
v -0.073854 -0.413649 -0.224642
v -0.101552 -0.408059 -0.276166
v -0.128837 -0.400718 -0.327690
v -0.155600 -0.391653 -0.379214
v -0.181732 -0.380903 -0.430737
v -0.207126 -0.368512 -0.482262
v -0.231679 -0.354528 -0.533786
v -0.255293 -0.339009 -0.585309
v -0.277870 -0.322019 -0.636833
v -0.299320 -0.303625 -0.688358
v -0.319555 -0.283903 -0.739881
v -0.338494 -0.262933 -0.791405
v -0.356059 -0.240799 -0.842929
v -0.372179 -0.217592 -0.894453
v -0.386788 -0.193406 -0.945977
v -0.399828 -0.168339 -0.997501
v -0.411246 -0.142492 -1.049025
v -0.420995 -0.115970 -1.100549
v -0.429035 -0.088882 -1.152073
v -0.435334 -0.061337 -1.203597
v -0.439867 -0.033447 -1.255121
v -0.442615 -0.005324 -1.306645
v -0.443566 0.022916 -1.358169
v -0.442718 0.051159 -1.409693
v -0.440073 0.079292 -1.461217
v -0.435642 0.107199 -1.512740
v -0.429444 0.134766 -1.564264
v -0.421502 0.161884 -1.615788
v -0.411851 0.188441 -1.667313
v -0.400528 0.214329 -1.718836
v -0.387579 0.239444 -1.770360
v -0.373058 0.263684 -1.821884
v -0.357023 0.286949 -1.873408
v -0.339539 0.309147 -1.924932
v -0.320678 0.330186 -1.976456
v -0.300515 0.349982 -2.027980
v -0.279132 0.368454 -2.079504
v -0.256617 0.385527 -2.131028
v -0.233060 0.401132 -2.182552
v -0.208558 0.415205 -2.234076
v -0.183209 0.427690 -2.285600
v -0.157117 0.438535 -2.337124
v -0.130388 0.447697 -2.388648
v -0.103129 0.455139 -2.440172
v -0.075452 0.460829 -2.491696
v -0.047468 0.464747 -2.543220
v -0.049937 0.466278 2.557648
v -0.021658 0.468561 2.506124
v 0.006709 0.469037 2.454600
v 0.035048 0.467707 2.403076
v 0.063245 0.464574 2.351552
v 0.091186 0.459653 2.300029
v 0.118756 0.452963 2.248505
v 0.145844 0.444530 2.196981
v 0.172341 0.434390 2.145457
v 0.198138 0.422584 2.093933
v 0.223132 0.409160 2.042409
v 0.247219 0.394170 1.990886
v 0.270304 0.377679 1.939362
v 0.292292 0.359750 1.887838
v 0.313093 0.340459 1.836314
v 0.332624 0.319880 1.784790
v 0.350805 0.298102 1.733266
v 0.367563 0.275210 1.681742
v 0.382829 0.251296 1.630219
v 0.396542 0.226459 1.578695
v 0.408645 0.200801 1.527171
v 0.419090 0.174424 1.475647
v 0.427835 0.147433 1.424123
v 0.434843 0.119943 1.372599
v 0.440087 0.092060 1.321075
v 0.443545 0.063902 1.269552
v 0.445203 0.035580 1.218028
v 0.445054 0.007209 1.166504
v 0.443100 -0.021094 1.114980
v 0.439347 -0.049215 1.063456
v 0.433811 -0.077040 1.011932
v 0.426515 -0.104457 0.960408
v 0.417489 -0.131353 0.908884
v 0.406768 -0.157618 0.857361
v 0.394396 -0.183150 0.805837
v 0.380424 -0.207842 0.754313
v 0.364908 -0.231594 0.702789
v 0.347912 -0.254309 0.651265
v 0.329503 -0.275896 0.599741
v 0.309758 -0.296268 0.548217
v 0.288755 -0.315340 0.496694
v 0.266581 -0.333038 0.445170
v 0.243325 -0.349287 0.393646
v 0.219081 -0.364023 0.342122
v 0.193948 -0.377185 0.290598
v 0.168029 -0.388721 0.239074
v 0.141427 -0.398582 0.187550
v 0.114252 -0.406730 0.136026
v 0.086613 -0.413131 0.084502
v 0.058623 -0.417759 0.032978
v 0.030394 -0.420596 -0.018546
v 0.002042 -0.421630 -0.070070
v -0.026318 -0.420856 -0.121594
v -0.054571 -0.418278 -0.173118
v -0.082602 -0.413907 -0.224642
v -0.110299 -0.407760 -0.276166
v -0.137548 -0.399861 -0.327690
v -0.164239 -0.390244 -0.379214
v -0.190263 -0.378947 -0.430737
v -0.215515 -0.366016 -0.482262
v -0.239893 -0.351503 -0.533786
v -0.263297 -0.335468 -0.585309
v -0.285633 -0.317975 -0.636833
v -0.306810 -0.299096 -0.688358
v -0.326741 -0.278906 -0.739881
v -0.345347 -0.257488 -0.791405
v -0.362551 -0.234929 -0.842929
v -0.378284 -0.211321 -0.894453
v -0.392482 -0.186758 -0.945977
v -0.405087 -0.161342 -0.997501
v -0.416049 -0.135175 -1.049025
v -0.425322 -0.108362 -1.100549
v -0.432869 -0.081014 -1.152073
v -0.438660 -0.053241 -1.203597
v -0.442670 -0.025155 -1.255121
v -0.444884 0.003129 -1.306645
v -0.445293 0.031497 -1.358169
v -0.443895 0.059833 -1.409693
v -0.440695 0.088022 -1.461217
v -0.435707 0.115951 -1.512740
v -0.428951 0.143505 -1.564264
v -0.420455 0.170574 -1.615788
v -0.410252 0.197046 -1.667313
v -0.398384 0.222815 -1.718836
v -0.384900 0.247777 -1.770360
v -0.369853 0.271829 -1.821884
v -0.353306 0.294874 -1.873408
v -0.335326 0.316819 -1.924932
v -0.315984 0.337574 -1.976456
v -0.295360 0.357056 -2.027980
v -0.273538 0.375186 -2.079504
v -0.250605 0.391888 -2.131028
v -0.226656 0.407098 -2.182552
v -0.201787 0.420751 -2.234076
v -0.176099 0.432793 -2.285600
v -0.149696 0.443175 -2.337124
v -0.122686 0.451856 -2.388648
v -0.095178 0.458798 -2.440172
v -0.067284 0.463976 -2.491696
v -0.039117 0.467366 -2.543220
v 0.022839 -0.309896 -2.543220
v 0.044035 -0.307765 -2.491696
v 0.065051 -0.304289 -2.440172
v 0.085804 -0.299482 -2.388648
v 0.106209 -0.293363 -2.337124
v 0.126182 -0.285957 -2.285600
v 0.145644 -0.277295 -2.234076
v 0.164515 -0.267411 -2.182552
v 0.182717 -0.256345 -2.131028
v 0.200179 -0.244143 -2.079504
v 0.216828 -0.230855 -2.027981
v 0.232597 -0.216533 -1.976457
v 0.247423 -0.201236 -1.924933
v 0.261244 -0.185026 -1.873409
v 0.274005 -0.167969 -1.821885
v 0.285655 -0.150134 -1.770361
v 0.296145 -0.131594 -1.718837
v 0.305433 -0.112423 -1.667313
v 0.313482 -0.092700 -1.615789
v 0.320259 -0.072504 -1.564265
v 0.325736 -0.051918 -1.512741
v 0.329891 -0.031025 -1.461217
v 0.332708 -0.009910 -1.409693
v 0.334175 0.011342 -1.358169
v 0.334285 0.032644 -1.306646
v 0.333039 0.053910 -1.255122
v 0.330442 0.075054 -1.203598
v 0.326503 0.095989 -1.152074
v 0.321240 0.116631 -1.100550
v 0.314673 0.136896 -1.049026
v 0.306829 0.156701 -0.997502
v 0.297740 0.175967 -0.945978
v 0.287442 0.194615 -0.894454
v 0.275979 0.212570 -0.842930
v 0.263395 0.229758 -0.791406
v 0.249743 0.246111 -0.739883
v 0.235077 0.261561 -0.688359
v 0.219457 0.276045 -0.636835
v 0.202946 0.289506 -0.585311
v 0.185612 0.301888 -0.533787
v 0.167525 0.313142 -0.482263
v 0.148758 0.323221 -0.430739
v 0.129388 0.332085 -0.379216
v 0.109492 0.339697 -0.327692
v 0.089152 0.346027 -0.276168
v 0.068450 0.351050 -0.224644
v 0.047470 0.354744 -0.173120
v 0.026298 0.357095 -0.121596
v 0.005019 0.358093 -0.070072
v -0.016280 0.357734 -0.018548
v -0.037513 0.356020 0.032975
v -0.058594 0.352957 0.084499
v -0.079437 0.348558 0.136023
v -0.099958 0.342841 0.187547
v -0.120073 0.335830 0.239071
v -0.139701 0.327551 0.290595
v -0.158762 0.318040 0.342119
v -0.177179 0.307334 0.393642
v -0.194877 0.295478 0.445166
v -0.211784 0.282519 0.496690
v -0.227832 0.268509 0.548214
v -0.242955 0.253507 0.599738
v -0.257092 0.237572 0.651262
v -0.270186 0.220769 0.702786
v -0.282183 0.203166 0.754310
v -0.293036 0.184835 0.805833
v -0.302699 0.165851 0.857357
v -0.311134 0.146289 0.908881
v -0.318306 0.126232 0.960405
v -0.324187 0.105756 1.011929
v -0.328752 0.084949 1.063453
v -0.331983 0.063893 1.114977
v -0.333867 0.042674 1.166500
v -0.334396 0.021378 1.218024
v -0.333568 0.000092 1.269548
v -0.331386 -0.021098 1.321072
v -0.327860 -0.042107 1.372596
v -0.323003 -0.062848 1.424120
v -0.316836 -0.083238 1.475644
v -0.309382 -0.103193 1.527168
v -0.300674 -0.122635 1.578691
v -0.290745 -0.141481 1.630215
v -0.279636 -0.159658 1.681739
v -0.267393 -0.177090 1.733263
v -0.254064 -0.193708 1.784787
v -0.239704 -0.209442 1.836311
v -0.224372 -0.224232 1.887835
v -0.208130 -0.238015 1.939359
v -0.191042 -0.250734 1.990883
v -0.173179 -0.262342 2.042408
v -0.154614 -0.272787 2.093931
v -0.135421 -0.282029 2.145455
v -0.115679 -0.290032 2.196980
v -0.095467 -0.296760 2.248504
v -0.074868 -0.302188 2.300028
v -0.053965 -0.306295 2.351552
v -0.032843 -0.309060 2.403076
v -0.011587 -0.310476 2.454600
v 0.009715 -0.310536 2.506124
v 0.030978 -0.309239 2.557648
v 0.039730 -0.309115 2.557648
v 0.018457 -0.310969 2.506124
v -0.002890 -0.311466 2.454600
v -0.024226 -0.310602 2.403076
v -0.045464 -0.308380 2.351552
v -0.066517 -0.304812 2.300029
v -0.087300 -0.299910 2.248505
v -0.107729 -0.293696 2.196981
v -0.127720 -0.286192 2.145457
v -0.147194 -0.277432 2.093933
v -0.166070 -0.267449 2.042409
v -0.184272 -0.256283 1.990886
v -0.201726 -0.243984 1.939362
v -0.218362 -0.230595 1.887838
v -0.234112 -0.216177 1.836314
v -0.248911 -0.200785 1.784790
v -0.262701 -0.184481 1.733266
v -0.275424 -0.167332 1.681742
v -0.287030 -0.149408 1.630219
v -0.297471 -0.130782 1.578695
v -0.306705 -0.111528 1.527171
v -0.314695 -0.091725 1.475647
v -0.321407 -0.071454 1.424123
v -0.326815 -0.050798 1.372599
v -0.330897 -0.029838 1.321075
v -0.333636 -0.008662 1.269552
v -0.335021 0.012647 1.218028
v -0.335047 0.034000 1.166504
v -0.333713 0.055312 1.114980
v -0.331025 0.076495 1.063456
v -0.326993 0.097464 1.011932
v -0.321635 0.118134 0.960408
v -0.314971 0.138421 0.908884
v -0.307030 0.158243 0.857361
v -0.297842 0.177518 0.805837
v -0.287446 0.196170 0.754313
v -0.275883 0.214122 0.702789
v -0.263201 0.231301 0.651265
v -0.249450 0.247639 0.599741
v -0.234688 0.263066 0.548218
v -0.218973 0.277523 0.496694
v -0.202369 0.290950 0.445170
v -0.184945 0.303293 0.393646
v -0.166769 0.314501 0.342122
v -0.147917 0.324529 0.290598
v -0.128465 0.333337 0.239074
v -0.108491 0.340888 0.187550
v -0.088078 0.347152 0.136026
v -0.067306 0.352104 0.084502
v -0.046262 0.355723 0.032978
v -0.025030 0.357995 -0.018546
v -0.003696 0.358910 -0.070070
v 0.017653 0.358466 -0.121594
v 0.038930 0.356662 -0.173118
v 0.060049 0.353508 -0.224642
v 0.080924 0.349016 -0.276166
v 0.101471 0.343203 -0.327690
v 0.121606 0.336094 -0.379213
v 0.141248 0.327718 -0.430737
v 0.160317 0.318108 -0.482261
v 0.178735 0.307303 -0.533785
v 0.196427 0.295348 -0.585309
v 0.213323 0.282290 -0.636833
v 0.229353 0.268183 -0.688357
v 0.244452 0.253084 -0.739881
v 0.258559 0.237055 -0.791405
v 0.271618 0.220159 -0.842929
v 0.283573 0.202467 -0.894453
v 0.294378 0.184049 -0.945977
v 0.303989 0.164981 -0.997501
v 0.312366 0.145339 -1.049025
v 0.319475 0.125204 -1.100549
v 0.325288 0.104657 -1.152073
v 0.329781 0.083782 -1.203597
v 0.332935 0.062663 -1.255121
v 0.334739 0.041386 -1.306645
v 0.335184 0.020037 -1.358169
v 0.334269 -0.001297 -1.409693
v 0.331998 -0.022529 -1.461217
v 0.328379 -0.043573 -1.512740
v 0.323428 -0.064345 -1.564264
v 0.317164 -0.084759 -1.615788
v 0.309613 -0.104732 -1.667313
v 0.300806 -0.124185 -1.718836
v 0.290778 -0.143037 -1.770360
v 0.279570 -0.161213 -1.821884
v 0.267228 -0.178638 -1.873408
v 0.253801 -0.195241 -1.924932
v 0.239344 -0.210956 -1.976456
v 0.223916 -0.225720 -2.027980
v 0.207580 -0.239470 -2.079504
v 0.190401 -0.252153 -2.131028
v 0.172449 -0.263716 -2.182552
v 0.153798 -0.274113 -2.234076
v 0.134522 -0.283301 -2.285600
v 0.114701 -0.291242 -2.337124
v 0.094414 -0.297907 -2.388648
v 0.073744 -0.303265 -2.440172
v 0.052775 -0.307297 -2.491696
v 0.031591 -0.309986 -2.543220
v 0.048393 -0.310361 2.557648
v 0.027024 -0.312764 2.506124
v 0.005544 -0.313803 2.454600
v -0.015957 -0.313470 2.403076
v -0.037394 -0.311770 2.351552
v -0.058680 -0.308708 2.300029
v -0.079727 -0.304298 2.248505
v -0.100450 -0.298556 2.196981
v -0.120766 -0.291506 2.145457
v -0.140592 -0.283177 2.093933
v -0.159847 -0.273604 2.042409
v -0.178454 -0.262822 1.990886
v -0.196336 -0.250879 1.939362
v -0.213422 -0.237821 1.887838
v -0.229642 -0.223703 1.836314
v -0.244930 -0.208578 1.784790
v -0.259224 -0.192513 1.733266
v -0.272466 -0.175569 1.681742
v -0.284602 -0.157817 1.630219
v -0.295584 -0.139329 1.578695
v -0.305365 -0.120178 1.527171
v -0.313908 -0.100443 1.475647
v -0.321177 -0.080205 1.424123
v -0.327143 -0.059544 1.372599
v -0.331781 -0.038546 1.321075
v -0.335073 -0.017296 1.269552
v -0.337005 0.004122 1.218028
v -0.337569 0.025618 1.166504
v -0.336764 0.047108 1.114980
v -0.334592 0.068503 1.063456
v -0.331062 0.089716 1.011932
v -0.326189 0.110659 0.960408
v -0.319992 0.131251 0.908884
v -0.312496 0.151408 0.857361
v -0.303733 0.171045 0.805837
v -0.293737 0.190085 0.754313
v -0.282549 0.208449 0.702789
v -0.270214 0.226065 0.651265
v -0.256783 0.242859 0.599741
v -0.242310 0.258763 0.548218
v -0.226854 0.273714 0.496694
v -0.210476 0.287651 0.445170
v -0.193245 0.300516 0.393646
v -0.175230 0.312259 0.342122
v -0.156503 0.322830 0.290598
v -0.137142 0.332188 0.239074
v -0.117224 0.340294 0.187550
v -0.096830 0.347115 0.136026
v -0.076044 0.352624 0.084502
v -0.054948 0.356799 0.032978
v -0.033630 0.359621 -0.018546
v -0.012175 0.361081 -0.070070
v 0.009329 0.361172 -0.121594
v 0.030795 0.359893 -0.173118
v 0.052136 0.357250 -0.224642
v 0.073266 0.353254 -0.276166
v 0.094098 0.347921 -0.327690
v 0.114549 0.341272 -0.379213
v 0.134535 0.333334 -0.430737
v 0.153974 0.324140 -0.482261
v 0.172789 0.313727 -0.533785
v 0.190903 0.302137 -0.585309
v 0.208242 0.289417 -0.636833
v 0.224736 0.275619 -0.688357
v 0.240318 0.260799 -0.739881
v 0.254925 0.245017 -0.791405
v 0.268498 0.228337 -0.842929
v 0.280980 0.210827 -0.894453
v 0.292323 0.192557 -0.945977
v 0.302479 0.173602 -0.997501
v 0.311408 0.154039 -1.049025
v 0.319073 0.133947 -1.100549
v 0.325444 0.113408 -1.152073
v 0.330493 0.092505 -1.203597
v 0.334202 0.071323 -1.255121
v 0.336554 0.049948 -1.306645
v 0.337541 0.028466 -1.358169
v 0.337158 0.006966 -1.409693
v 0.335407 -0.014467 -1.461217
v 0.332294 -0.035745 -1.512740
v 0.327834 -0.056782 -1.564264
v 0.322042 -0.077492 -1.615788
v 0.314944 -0.097791 -1.667313
v 0.306568 -0.117597 -1.718836
v 0.296948 -0.136829 -1.770360
v 0.286123 -0.155410 -1.821884
v 0.274137 -0.173264 -1.873408
v 0.261038 -0.190319 -1.924932
v 0.246880 -0.206505 -1.976456
v 0.231721 -0.221757 -2.027980
v 0.215621 -0.236012 -2.079504
v 0.198645 -0.249214 -2.131028
v 0.180864 -0.261308 -2.182552
v 0.162349 -0.272245 -2.234076
v 0.143175 -0.281981 -2.285600
v 0.123420 -0.290477 -2.337124
v 0.103164 -0.297698 -2.388648
v 0.082490 -0.303614 -2.440172
v 0.061481 -0.308202 -2.491696
v 0.040222 -0.311443 -2.543220
v 0.056755 -0.312948 2.557648
v 0.035204 -0.315877 2.506124
v 0.013510 -0.317431 2.454600
v -0.008239 -0.317597 2.403076
v -0.029954 -0.316381 2.351552
v -0.051548 -0.313783 2.300029
v -0.072933 -0.309816 2.248505
v -0.094022 -0.304496 2.196981
v -0.114729 -0.297844 2.145457
v -0.134970 -0.289887 2.093933
v -0.154664 -0.280656 2.042409
v -0.173731 -0.270192 1.990886
v -0.192092 -0.258535 1.939362
v -0.209674 -0.245730 1.887838
v -0.226405 -0.231835 1.836314
v -0.242217 -0.216900 1.784790
v -0.257046 -0.200991 1.733266
v -0.270832 -0.184168 1.681742
v -0.283519 -0.166503 1.630219
v -0.295056 -0.148064 1.578695
v -0.305395 -0.128930 1.527171
v -0.314495 -0.109176 1.475647
v -0.322319 -0.088883 1.424123
v -0.328835 -0.068132 1.372599
v -0.334016 -0.047009 1.321075
v -0.337842 -0.025598 1.269552
v -0.340297 -0.003987 1.218028
v -0.341371 0.017736 1.166504
v -0.341060 0.039482 1.114980
v -0.339365 0.061165 1.063456
v -0.336293 0.082697 1.011932
v -0.331856 0.103989 0.960408
v -0.326072 0.124955 0.908884
v -0.318965 0.145511 0.857361
v -0.310564 0.165572 0.805837
v -0.300902 0.185058 0.754313
v -0.290020 0.203889 0.702789
v -0.277960 0.221990 0.651265
v -0.264773 0.239286 0.599741
v -0.250511 0.255706 0.548218
v -0.235233 0.271185 0.496694
v -0.219000 0.285660 0.445170
v -0.201878 0.299072 0.393646
v -0.183937 0.311367 0.342122
v -0.165250 0.322495 0.290598
v -0.145892 0.332410 0.239074
v -0.125942 0.341073 0.187550
v -0.105481 0.348448 0.136026
v -0.084592 0.354505 0.084502
v -0.063359 0.359220 0.032978
v -0.041870 0.362573 -0.018546
v -0.020211 0.364552 -0.070070
v 0.001531 0.365147 -0.121594
v 0.023266 0.364357 -0.173118
v 0.044907 0.362184 -0.224642
v 0.066365 0.358638 -0.276166
v 0.087554 0.353733 -0.327690
v 0.108388 0.347489 -0.379213
v 0.128782 0.339931 -0.430737
v 0.148654 0.331090 -0.482261
v 0.167922 0.321001 -0.533785
v 0.186509 0.309707 -0.585309
v 0.204339 0.297251 -0.636833
v 0.221340 0.283686 -0.688357
v 0.237442 0.269066 -0.739881
v 0.252581 0.253450 -0.791405
v 0.266695 0.236902 -0.842929
v 0.279727 0.219489 -0.894453
v 0.291624 0.201282 -0.945977
v 0.302337 0.182354 -0.997501
v 0.311823 0.162782 -1.049025
v 0.320044 0.142646 -1.100549
v 0.326967 0.122028 -1.152073
v 0.332562 0.101010 -1.203597
v 0.336808 0.079679 -1.255121
v 0.339687 0.058121 -1.306645
v 0.341188 0.036423 -1.358169
v 0.341304 0.014674 -1.409693
v 0.340035 -0.007038 -1.461217
v 0.337386 -0.028626 -1.512740
v 0.333368 -0.050001 -1.564264
v 0.327998 -0.071077 -1.615788
v 0.321296 -0.091769 -1.667313
v 0.313291 -0.111991 -1.718836
v 0.304014 -0.131663 -1.770360
v 0.293503 -0.150704 -1.821884
v 0.281802 -0.169038 -1.873408
v 0.268957 -0.186589 -1.924932
v 0.255020 -0.203287 -1.976456
v 0.240049 -0.219063 -2.027980
v 0.224103 -0.233855 -2.079504
v 0.207248 -0.247601 -2.131028
v 0.189552 -0.260246 -2.182552
v 0.171087 -0.271738 -2.234076
v 0.151928 -0.282032 -2.285600
v 0.132152 -0.291085 -2.337124
v 0.111840 -0.298860 -2.388648
v 0.091073 -0.305326 -2.440172
v 0.069938 -0.310457 -2.491696
v 0.048518 -0.314232 -2.543220
v 0.064610 -0.316809 2.557648
v 0.042797 -0.320232 2.506124
v 0.020810 -0.322259 2.454600
v -0.001261 -0.322882 2.403076
v -0.023327 -0.322099 2.351552
v -0.045299 -0.319912 2.300029
v -0.067086 -0.316330 2.248505
v -0.088601 -0.311369 2.196981
v -0.109757 -0.305048 2.145457
v -0.130468 -0.297392 2.093933
v -0.150648 -0.288433 2.042409
v -0.170218 -0.278209 1.990886
v -0.189097 -0.266759 1.939362
v -0.207208 -0.254129 1.887838
v -0.224479 -0.240373 1.836314
v -0.240839 -0.225545 1.784790
v -0.256221 -0.209705 1.733266
v -0.270564 -0.192916 1.681742
v -0.283809 -0.175250 1.630219
v -0.295902 -0.156777 1.578695
v -0.306794 -0.137571 1.527171
v -0.316441 -0.117710 1.475647
v -0.324804 -0.097274 1.424123
v -0.331849 -0.076348 1.372599
v -0.337548 -0.055018 1.321075
v -0.341877 -0.033366 1.269552
v -0.344818 -0.011483 1.218028
v -0.346360 0.010543 1.166504
v -0.346497 0.032622 1.114980
v -0.345227 0.054666 1.063456
v -0.342557 0.076584 1.011932
v -0.338496 0.098287 0.960408
v -0.333062 0.119688 0.908884
v -0.326277 0.140699 0.857361
v -0.318167 0.161236 0.805837
v -0.308766 0.181215 0.754313
v -0.298112 0.200554 0.702789
v -0.286249 0.219176 0.651265
v -0.273224 0.237006 0.599741
v -0.259090 0.253969 0.548218
v -0.243905 0.269998 0.496694
v -0.227730 0.285027 0.445170
v -0.210631 0.298997 0.393646
v -0.192677 0.311849 0.342122
v -0.173941 0.323532 0.290598
v -0.154499 0.333999 0.239074
v -0.134431 0.343207 0.187550
v -0.113817 0.351117 0.136026
v -0.092741 0.357700 0.084502
v -0.071288 0.362927 0.032978
v -0.049547 0.366778 -0.018546
v -0.027604 0.369236 -0.070070
v -0.005549 0.370293 -0.121594
v 0.016528 0.369943 -0.173118
v 0.038538 0.368188 -0.224642
v 0.060392 0.365036 -0.276166
v 0.082000 0.360498 -0.327690
v 0.103276 0.354594 -0.379213
v 0.124133 0.347347 -0.430737
v 0.144486 0.338787 -0.482261
v 0.164253 0.328948 -0.533785
v 0.183353 0.317871 -0.585309
v 0.201709 0.305600 -0.636833
v 0.219247 0.292185 -0.688357
v 0.235895 0.277681 -0.739881
v 0.251585 0.262146 -0.791405
v 0.266255 0.245644 -0.842929
v 0.279844 0.228241 -0.894453
v 0.292298 0.210008 -0.945977
v 0.303566 0.191020 -0.997501
v 0.313601 0.171352 -1.049025
v 0.322364 0.151086 -1.100549
v 0.329819 0.130302 -1.152073
v 0.335936 0.109087 -1.203597
v 0.340689 0.087524 -1.255121
v 0.344060 0.065703 -1.306645
v 0.346034 0.043712 -1.358169
v 0.346605 0.021639 -1.409693
v 0.345768 -0.000425 -1.461217
v 0.343529 -0.022391 -1.512740
v 0.339896 -0.044170 -1.564264
v 0.334883 -0.065673 -1.615788
v 0.328512 -0.086814 -1.667313
v 0.320807 -0.107506 -1.718836
v 0.311800 -0.127666 -1.770360
v 0.301529 -0.147211 -1.821884
v 0.290033 -0.166062 -1.873408
v 0.277361 -0.184144 -1.924932
v 0.263563 -0.201382 -1.976456
v 0.248695 -0.217706 -2.027980
v 0.232819 -0.233050 -2.079504
v 0.215997 -0.247353 -2.131028
v 0.198299 -0.260556 -2.182552
v 0.179797 -0.272605 -2.234076
v 0.160565 -0.283451 -2.285600
v 0.140681 -0.293051 -2.337124
v 0.120226 -0.301365 -2.388648
v 0.099283 -0.308360 -2.440172
v 0.077938 -0.314008 -2.491696
v 0.056276 -0.318285 -2.543220
v 0.071763 -0.321853 2.557648
v 0.049615 -0.325720 2.506124
v 0.027265 -0.328170 2.454600
v 0.004804 -0.329192 2.403076
v -0.017676 -0.328782 2.351552
v -0.040085 -0.326942 2.300029
v -0.062330 -0.323679 2.248505
v -0.084323 -0.319004 2.196981
v -0.105974 -0.312940 2.145457
v -0.127194 -0.305509 2.093933
v -0.147899 -0.296743 2.042409
v -0.168003 -0.286676 1.990886
v -0.187425 -0.275349 1.939362
v -0.206087 -0.262810 1.887838
v -0.223913 -0.249106 1.836314
v -0.240830 -0.234296 1.784790
v -0.256770 -0.218439 1.733266
v -0.271667 -0.201599 1.681742
v -0.285463 -0.183845 1.630219
v -0.298100 -0.165249 1.578695
v -0.309527 -0.145886 1.527171
v -0.319698 -0.125834 1.475647
v -0.328572 -0.105176 1.424123
v -0.336112 -0.083994 1.372599
v -0.342289 -0.062374 1.321075
v -0.347076 -0.040407 1.269552
v -0.350456 -0.018178 1.218028
v -0.352413 0.004220 1.166504
v -0.352939 0.026698 1.114980
v -0.352034 0.049163 1.063456
v -0.349700 0.071526 1.011932
v -0.345947 0.093695 0.960408
v -0.340791 0.115579 0.908884
v -0.334251 0.137091 0.857361
v -0.326355 0.158142 0.805837
v -0.317134 0.178649 0.754313
v -0.306627 0.198526 0.702789
v -0.294875 0.217696 0.651265
v -0.281927 0.236076 0.599741
v -0.267835 0.253595 0.548218
v -0.252655 0.270182 0.496694
v -0.236451 0.285768 0.445170
v -0.219287 0.300291 0.393646
v -0.201233 0.313692 0.342122
v -0.182363 0.325918 0.290598
v -0.162752 0.336914 0.239074
v -0.142481 0.346641 0.187550
v -0.121632 0.355058 0.136026
v -0.100289 0.362130 0.084502
v -0.078540 0.367829 0.032978
v -0.056471 0.372131 -0.018546
v -0.034174 0.375020 -0.070070
v -0.011737 0.376483 -0.121594
v 0.010746 0.376515 -0.173118
v 0.033187 0.375115 -0.224642
v 0.055492 0.372289 -0.276166
v 0.077573 0.368048 -0.327690
v 0.099338 0.362411 -0.379213
v 0.120701 0.355399 -0.430737
v 0.141573 0.347041 -0.482261
v 0.161872 0.337371 -0.533785
v 0.181513 0.326428 -0.585309
v 0.200418 0.314257 -0.636833
v 0.218509 0.300907 -0.688357
v 0.235714 0.286432 -0.739881
v 0.251962 0.270891 -0.791405
v 0.267188 0.254347 -0.842929
v 0.281329 0.236867 -0.894453
v 0.294329 0.218522 -0.945977
v 0.306135 0.199387 -0.997501
v 0.316698 0.179539 -1.049025
v 0.325976 0.159059 -1.100549
v 0.333931 0.138029 -1.152073
v 0.340531 0.116536 -1.203597
v 0.345749 0.094666 -1.255121
v 0.349565 0.072508 -1.306645
v 0.351961 0.050152 -1.358169
v 0.352930 0.027689 -1.409693
v 0.352466 0.005210 -1.461217
v 0.350572 -0.017194 -1.512740
v 0.347255 -0.039432 -1.564264
v 0.342529 -0.061413 -1.615788
v 0.336413 -0.083049 -1.667313
v 0.328932 -0.104252 -1.718836
v 0.320116 -0.124936 -1.770360
v 0.310002 -0.145016 -1.821884
v 0.298629 -0.164411 -1.873408
v 0.286044 -0.183043 -1.924932
v 0.272299 -0.200836 -1.976456
v 0.257448 -0.217718 -2.027980
v 0.241553 -0.233620 -2.079504
v 0.224678 -0.248477 -2.131028
v 0.206891 -0.262230 -2.182552
v 0.188264 -0.274823 -2.234076
v 0.168873 -0.286204 -2.285600
v 0.148797 -0.296327 -2.337124
v 0.128117 -0.305152 -2.388648
v 0.106918 -0.312642 -2.440172
v 0.085284 -0.318766 -2.491696
v 0.063305 -0.323502 -2.543220
v 0.078040 -0.327953 2.557648
v 0.055490 -0.332208 2.506124
v 0.032715 -0.335019 2.454600
v 0.009807 -0.336374 2.403076
v -0.013140 -0.336268 2.351552
v -0.036035 -0.334701 2.300029
v -0.058783 -0.331679 2.248505
v -0.081292 -0.327215 2.196981
v -0.103472 -0.321328 2.145457
v -0.125231 -0.314040 2.093933
v -0.146483 -0.305380 2.042409
v -0.167140 -0.295386 1.990886
v -0.187119 -0.284098 1.939362
v -0.206338 -0.271558 1.887838
v -0.224720 -0.257823 1.836314
v -0.242190 -0.242943 1.784790
v -0.258678 -0.226982 1.733266
v -0.274116 -0.210003 1.681742
v -0.288441 -0.192076 1.630219
v -0.301596 -0.173272 1.578695
v -0.313527 -0.153670 1.527171
v -0.324186 -0.133349 1.475647
v -0.333529 -0.112389 1.424123
v -0.341519 -0.090876 1.372599
v -0.348122 -0.068900 1.321075
v -0.353314 -0.046548 1.269552
v -0.357071 -0.023909 1.218028
v -0.359380 -0.001078 1.166504
v -0.360230 0.021854 1.114980
v -0.359618 0.044793 1.063456
v -0.357547 0.067648 1.011932
v -0.354025 0.090324 0.960408
v -0.349066 0.112729 0.908884
v -0.342691 0.134775 0.857361
v -0.334926 0.156368 0.805837
v -0.325801 0.177424 0.754313
v -0.315354 0.197856 0.702789
v -0.303627 0.217580 0.651265
v -0.290668 0.236519 0.599741
v -0.276530 0.254594 0.548218
v -0.261270 0.271732 0.496694
v -0.244949 0.287864 0.445170
v -0.227634 0.302924 0.393646
v -0.209396 0.316851 0.342122
v -0.190308 0.329589 0.290598
v -0.170447 0.341085 0.239074
v -0.149895 0.351294 0.187550
v -0.128735 0.360173 0.136026
v -0.107052 0.367687 0.084502
v -0.084935 0.373805 0.032978
v -0.062473 0.378502 -0.018546
v -0.039758 0.381760 -0.070070
v -0.016881 0.383565 -0.121594
v 0.006064 0.383910 -0.173118
v 0.028985 0.382793 -0.224642
v 0.051788 0.380219 -0.276166
v 0.074381 0.376198 -0.327690
v 0.096672 0.370747 -0.379213
v 0.118570 0.363888 -0.430737
v 0.139988 0.355648 -0.482261
v 0.160838 0.346062 -0.533785
v 0.181034 0.335168 -0.585309
v 0.200496 0.323009 -0.636833
v 0.219145 0.309636 -0.688357
v 0.236904 0.295103 -0.739881
v 0.253702 0.279469 -0.791405
v 0.269471 0.262797 -0.842929
v 0.284146 0.245154 -0.894453
v 0.297667 0.226613 -0.945977
v 0.309981 0.207249 -0.997501
v 0.321037 0.187140 -1.049025
v 0.330790 0.166368 -1.100549
v 0.339201 0.145017 -1.152073
v 0.346235 0.123175 -1.203597
v 0.351865 0.100928 -1.255121
v 0.356066 0.078368 -1.306645
v 0.358823 0.055586 -1.358169
v 0.360123 0.032675 -1.409693
v 0.359962 0.009728 -1.461217
v 0.358341 -0.013162 -1.512740
v 0.355265 -0.035903 -1.564264
v 0.350748 -0.058402 -1.615788
v 0.344807 -0.080567 -1.667313
v 0.337467 -0.102310 -1.718836
v 0.328757 -0.123540 -1.770360
v 0.318714 -0.144174 -1.821884
v 0.307377 -0.164125 -1.873408
v 0.294793 -0.183315 -1.924932
v 0.281012 -0.201664 -1.976456
v 0.266091 -0.219099 -2.027980
v 0.250091 -0.235548 -2.079504
v 0.233075 -0.250946 -2.131028
v 0.215114 -0.265228 -2.182552
v 0.196280 -0.278338 -2.234076
v 0.176649 -0.290223 -2.285600
v 0.156301 -0.300833 -2.337124
v 0.135319 -0.310126 -2.388648
v 0.113788 -0.318064 -2.440172
v 0.091796 -0.324616 -2.491696
v 0.069430 -0.329754 -2.543220
v 0.083285 -0.334961 2.557648
v 0.060278 -0.339536 2.506124
v 0.037027 -0.342636 2.454600
v 0.013625 -0.344251 2.403076
v -0.009831 -0.344371 2.351552
v -0.033248 -0.342999 2.300029
v -0.056530 -0.340138 2.248505
v -0.079583 -0.335800 2.196981
v -0.102312 -0.330004 2.145457
v -0.124627 -0.322771 2.093933
v -0.146435 -0.314133 2.042409
v -0.167650 -0.304124 1.990886
v -0.188184 -0.292785 1.939362
v -0.207954 -0.280161 1.887838
v -0.226881 -0.266305 1.836314
v -0.244887 -0.251270 1.784790
v -0.261899 -0.235120 1.733266
v -0.277848 -0.217919 1.681742
v -0.292670 -0.199740 1.630219
v -0.306304 -0.180652 1.578695
v -0.318696 -0.160735 1.527171
v -0.329794 -0.140068 1.475647
v -0.339553 -0.118739 1.424123
v -0.347935 -0.096830 1.372599
v -0.354905 -0.074433 1.321075
v -0.360435 -0.051637 1.269552
v -0.364502 -0.028535 1.218028
v -0.367090 -0.005221 1.166504
v -0.368188 0.018210 1.114980
v -0.367792 0.041664 1.063456
v -0.365904 0.065045 1.011932
v -0.362530 0.088258 0.960408
v -0.357686 0.111210 0.908884
v -0.351390 0.133807 0.857361
v -0.343669 0.155955 0.805837
v -0.334552 0.177569 0.754313
v -0.324078 0.198557 0.702789
v -0.312289 0.218837 0.651265
v -0.299233 0.238324 0.599741
v -0.284962 0.256941 0.548218
v -0.269535 0.274612 0.496694
v -0.253015 0.291264 0.445170
v -0.235467 0.306830 0.393646
v -0.216964 0.321248 0.342122
v -0.197581 0.334459 0.290598
v -0.177395 0.346408 0.239074
v -0.156490 0.357048 0.187550
v -0.134950 0.366336 0.136026
v -0.112862 0.374233 0.084502
v -0.090316 0.380708 0.032978
v -0.067404 0.385734 -0.018546
v -0.044218 0.389291 -0.070070
v -0.020853 0.391365 -0.121594
v 0.002597 0.391946 -0.173118
v 0.026036 0.391034 -0.224642
v 0.049370 0.388631 -0.276166
v 0.072503 0.384747 -0.327690
v 0.095342 0.379398 -0.379213
v 0.117794 0.372606 -0.430737
v 0.139769 0.364398 -0.482261
v 0.161176 0.354808 -0.533785
v 0.181929 0.343874 -0.585309
v 0.201943 0.331641 -0.636833
v 0.221139 0.318159 -0.688357
v 0.239436 0.303481 -0.739881
v 0.256763 0.287669 -0.791405
v 0.273047 0.270785 -0.842929
v 0.288223 0.252899 -0.894453
v 0.302230 0.234083 -0.945977
v 0.315010 0.214413 -0.997501
v 0.326512 0.193969 -1.049025
v 0.336689 0.172835 -1.100549
v 0.345499 0.151096 -1.152073
v 0.352908 0.128839 -1.203597
v 0.358885 0.106156 -1.255121
v 0.363405 0.083139 -1.306645
v 0.366450 0.059880 -1.358169
v 0.368008 0.036475 -1.409693
v 0.368073 0.013018 -1.461217
v 0.366645 -0.010396 -1.512740
v 0.363728 -0.033671 -1.564264
v 0.359336 -0.056713 -1.615788
v 0.353485 -0.079429 -1.667313
v 0.346200 -0.101726 -1.718836
v 0.337510 -0.123514 -1.770360
v 0.327450 -0.144704 -1.821884
v 0.316062 -0.165211 -1.873408
v 0.303391 -0.184952 -1.924932
v 0.289489 -0.203845 -1.976456
v 0.274412 -0.221815 -2.027980
v 0.258221 -0.238789 -2.079504
v 0.240983 -0.254697 -2.131028
v 0.222767 -0.269476 -2.182552
v 0.203647 -0.283064 -2.234076
v 0.183700 -0.295408 -2.285600
v 0.163008 -0.306457 -2.337124
v 0.141654 -0.316166 -2.388648
v 0.119726 -0.324495 -2.440172
v 0.097312 -0.331411 -2.491696
v 0.074503 -0.336887 -2.543220
v 0.087369 -0.342702 2.557648
v 0.063861 -0.347521 2.506124
v 0.040094 -0.350833 2.454600
v 0.016165 -0.352626 2.403076
v -0.007831 -0.352892 2.351552
v -0.031794 -0.351630 2.300029
v -0.055629 -0.348843 2.248505
v -0.079237 -0.344545 2.196981
v -0.102524 -0.338754 2.145457
v -0.125395 -0.331491 2.093933
v -0.147758 -0.322785 2.042409
v -0.169520 -0.312674 1.990886
v -0.190595 -0.301200 1.939362
v -0.210896 -0.288405 1.887838
v -0.230342 -0.274344 1.836314
v -0.248853 -0.259072 1.784790
v -0.266353 -0.242654 1.733266
v -0.282773 -0.225155 1.681742
v -0.298046 -0.206647 1.630219
v -0.312109 -0.187203 1.578695
v -0.324906 -0.166902 1.527171
v -0.336384 -0.145829 1.475647
v -0.346497 -0.124067 1.424123
v -0.355204 -0.101705 1.372599
v -0.362469 -0.078836 1.321075
v -0.368264 -0.055550 1.269552
v -0.372564 -0.031941 1.218028
v -0.375353 -0.008107 1.166504
v -0.376618 0.015856 1.114980
v -0.376355 0.039852 1.063456
v -0.374565 0.063781 1.011932
v -0.371254 0.087548 0.960408
v -0.366438 0.111057 0.908884
v -0.360134 0.134211 0.857361
v -0.352368 0.156916 0.805837
v -0.343173 0.179081 0.754313
v -0.332585 0.200616 0.702789
v -0.320648 0.221433 0.651265
v -0.307410 0.241447 0.599741
v -0.292924 0.260578 0.548218
v -0.277249 0.278748 0.496694
v -0.260449 0.295883 0.445170
v -0.242592 0.311914 0.393646
v -0.223751 0.326775 0.342122
v -0.204002 0.340407 0.290598
v -0.183425 0.352753 0.239074
v -0.162104 0.363764 0.187550
v -0.140125 0.373395 0.136026
v -0.117577 0.381607 0.084502
v -0.094552 0.388367 0.032978
v -0.071143 0.393648 -0.018546
v -0.047446 0.397427 -0.070070
v -0.023556 0.399689 -0.121594
v 0.000429 0.400427 -0.173118
v 0.024413 0.399635 -0.224642
v 0.048297 0.397318 -0.276166
v 0.071986 0.393485 -0.327690
v 0.095382 0.388151 -0.379213
v 0.118392 0.381339 -0.430737
v 0.140921 0.373075 -0.482261
v 0.162878 0.363394 -0.533785
v 0.184174 0.352334 -0.585309
v 0.204723 0.339941 -0.636833
v 0.224441 0.326264 -0.688357
v 0.243248 0.311361 -0.739881
v 0.261068 0.295289 -0.791405
v 0.277829 0.278116 -0.842929
v 0.293462 0.259910 -0.894453
v 0.307905 0.240747 -0.945977
v 0.321098 0.220702 -0.997501
v 0.332988 0.199858 -1.049025
v 0.343526 0.178299 -1.100549
v 0.352671 0.156113 -1.152073
v 0.360385 0.133390 -1.203597
v 0.366636 0.110222 -1.255121
v 0.371399 0.086703 -1.306645
v 0.374655 0.062928 -1.358169
v 0.376391 0.038994 -1.409693
v 0.376599 0.014998 -1.461217
v 0.375279 -0.008962 -1.512740
v 0.372437 -0.032790 -1.564264
v 0.368082 -0.056388 -1.615788
v 0.362235 -0.079662 -1.667313
v 0.354917 -0.102515 -1.718836
v 0.346159 -0.124857 -1.770360
v 0.335996 -0.146595 -1.821884
v 0.324470 -0.167643 -1.873408
v 0.311627 -0.187913 -1.924932
v 0.297520 -0.207325 -1.976456
v 0.282205 -0.225800 -2.027980
v 0.265745 -0.243261 -2.079504
v 0.248207 -0.259640 -2.131028
v 0.229661 -0.274868 -2.182552
v 0.210184 -0.288885 -2.234076
v 0.189853 -0.301633 -2.285600
v 0.168752 -0.313061 -2.337124
v 0.146967 -0.323122 -2.388648
v 0.124585 -0.331776 -2.440172
v 0.101697 -0.338987 -2.491696
v 0.078397 -0.344725 -2.543220
v 0.090192 -0.350987 2.557648
v 0.066151 -0.355969 2.506124
v 0.041841 -0.359410 2.454600
v 0.017362 -0.361297 2.403076
v -0.007188 -0.361621 2.351552
v -0.031708 -0.360381 2.300029
v -0.056100 -0.357583 2.248505
v -0.080264 -0.353238 2.196981
v -0.104103 -0.347362 2.145457
v -0.127519 -0.339981 2.093933
v -0.150417 -0.331124 2.042409
v -0.172705 -0.320828 1.990886
v -0.194293 -0.309132 1.939362
v -0.215092 -0.296086 1.887838
v -0.235018 -0.281742 1.836314
v -0.253990 -0.266159 1.784790
v -0.271932 -0.249400 1.733266
v -0.288770 -0.231532 1.681742
v -0.304436 -0.212628 1.630219
v -0.318867 -0.192764 1.578695
v -0.332004 -0.172022 1.527171
v -0.343794 -0.150488 1.475647
v -0.354189 -0.128245 1.424123
v -0.363146 -0.105384 1.372599
v -0.370630 -0.082002 1.321075
v -0.376609 -0.058189 1.269552
v -0.381061 -0.034043 1.218028
v -0.383966 -0.009664 1.166504
v -0.385313 0.014850 1.114980
v -0.385096 0.039401 1.063456
v -0.383317 0.063888 1.011932
v -0.379982 0.088212 0.960408
v -0.375105 0.112275 0.908884
v -0.368706 0.135979 0.857361
v -0.360811 0.159226 0.805837
v -0.351451 0.181924 0.754313
v -0.340666 0.203981 0.702789
v -0.328498 0.225304 0.651265
v -0.314997 0.245812 0.599741
v -0.300218 0.265416 0.548218
v -0.284220 0.284041 0.496694
v -0.267069 0.301609 0.445170
v -0.248835 0.318049 0.393646
v -0.229590 0.333295 0.342122
v -0.209414 0.347285 0.290598
v -0.188388 0.359962 0.239074
v -0.166598 0.371275 0.187550
v -0.144131 0.381177 0.136026
v -0.121080 0.389629 0.084502
v -0.097537 0.396595 0.032978
v -0.073599 0.402049 -0.018546
v -0.049361 0.405967 -0.070070
v -0.024924 0.408335 -0.121594
v -0.000385 0.409141 -0.173118
v 0.024155 0.408384 -0.224642
v 0.048597 0.406065 -0.276166
v 0.072842 0.402195 -0.327690
v 0.096791 0.396790 -0.379213
v 0.120348 0.389870 -0.430737
v 0.143416 0.381465 -0.482261
v 0.165902 0.371607 -0.533785
v 0.187715 0.360339 -0.585309
v 0.208767 0.347704 -0.636833
v 0.228971 0.333754 -0.688357
v 0.248246 0.318546 -0.739881
v 0.266513 0.302142 -0.791405
v 0.283699 0.284609 -0.842929
v 0.299734 0.266016 -0.894453
v 0.314552 0.246441 -0.945977
v 0.328094 0.225961 -0.997501
v 0.340305 0.204661 -1.049025
v 0.351135 0.182627 -1.100549
v 0.360539 0.159948 -1.152073
v 0.368481 0.136716 -1.203597
v 0.374927 0.113025 -1.255121
v 0.379852 0.088972 -1.306645
v 0.383236 0.064654 -1.358169
v 0.385064 0.040171 -1.409693
v 0.385330 0.015620 -1.461217
v 0.384032 -0.008897 -1.512740
v 0.381175 -0.033282 -1.564264
v 0.376772 -0.057436 -1.615788
v 0.370840 -0.081261 -1.667313
v 0.363403 -0.104659 -1.718836
v 0.354492 -0.127536 -1.770360
v 0.344141 -0.149800 -1.821884
v 0.332395 -0.171359 -1.873408
v 0.319299 -0.192127 -1.924932
v 0.304908 -0.212019 -1.976456
v 0.289279 -0.230954 -2.027980
v 0.272477 -0.248856 -2.079504
v 0.254568 -0.265651 -2.131028
v 0.235627 -0.281273 -2.182552
v 0.215730 -0.295656 -2.234076
v 0.194957 -0.308744 -2.285600
v 0.173393 -0.320482 -2.337124
v 0.151125 -0.330824 -2.388648
v 0.128244 -0.339726 -2.440172
v 0.104843 -0.347154 -2.491696
v 0.081016 -0.353077 -2.543220
v 0.091684 -0.359612 2.557648
v 0.067091 -0.364672 2.506124
v 0.042225 -0.368154 2.454600
v 0.017188 -0.370048 2.403076
v -0.007918 -0.370344 2.351552
v -0.032992 -0.369039 2.300029
v -0.057933 -0.366143 2.248505
v -0.082638 -0.361662 2.196981
v -0.107008 -0.355620 2.145457
v -0.130944 -0.348036 2.093933
v -0.154349 -0.338945 2.042409
v -0.177127 -0.328381 1.990886
v -0.199186 -0.316389 1.939362
v -0.220437 -0.303017 1.887838
v -0.240794 -0.288318 1.836314
v -0.260173 -0.272354 1.784790
v -0.278497 -0.255189 1.733266
v -0.295690 -0.236890 1.681742
v -0.311684 -0.217536 1.630219
v -0.326412 -0.197202 1.578695
v -0.339816 -0.175969 1.527171
v -0.351842 -0.153928 1.475647
v -0.362439 -0.131167 1.424123
v -0.371566 -0.107776 1.372599
v -0.379185 -0.083851 1.321075
v -0.385265 -0.059491 1.269552
v -0.389781 -0.034792 1.218028
v -0.392716 -0.009856 1.166504
v -0.394058 0.015216 1.114980
v -0.393800 0.040323 1.063456
v -0.391944 0.065363 1.011932
v -0.388498 0.090233 0.960408
v -0.383475 0.114834 0.908884
v -0.376896 0.139065 0.857361
v -0.368788 0.162829 0.805837
v -0.359183 0.186027 0.754313
v -0.348121 0.208567 0.702789
v -0.335646 0.230356 0.651265
v -0.321808 0.251309 0.599741
v -0.306665 0.271335 0.548218
v -0.290278 0.290358 0.496694
v -0.272712 0.308299 0.445170
v -0.254040 0.325086 0.393646
v -0.234337 0.340649 0.342122
v -0.213683 0.354926 0.290598
v -0.192162 0.367859 0.239074
v -0.169861 0.379396 0.187550
v -0.146871 0.389490 0.136026
v -0.123285 0.398099 0.084502
v -0.099198 0.405189 0.032978
v -0.074709 0.410731 -0.018546
v -0.049917 0.414702 -0.070070
v -0.024922 0.417087 -0.121594
v 0.000173 0.417876 -0.173118
v 0.025269 0.417065 -0.224642
v 0.050261 0.414658 -0.276166
v 0.075050 0.410665 -0.327690
v 0.099534 0.405101 -0.379213
v 0.123614 0.397990 -0.430737
v 0.147193 0.389360 -0.482261
v 0.170174 0.379247 -0.533785
v 0.192465 0.367690 -0.585309
v 0.213975 0.354738 -0.636833
v 0.234616 0.340443 -0.688357
v 0.254305 0.324862 -0.739881
v 0.272963 0.308060 -0.791405
v 0.290513 0.290103 -0.842929
v 0.306883 0.271065 -0.894453
v 0.322009 0.251024 -0.945977
v 0.335827 0.230061 -0.997501
v 0.348283 0.208260 -1.049025
v 0.359326 0.185711 -1.100549
v 0.368910 0.162503 -1.152073
v 0.376998 0.138733 -1.203597
v 0.383555 0.114497 -1.255121
v 0.388557 0.089891 -1.306645
v 0.391981 0.065018 -1.358169
v 0.393815 0.039976 -1.409693
v 0.394050 0.014869 -1.461217
v 0.392687 -0.010202 -1.512740
v 0.389730 -0.035136 -1.564264
v 0.385191 -0.059830 -1.615788
v 0.379090 -0.084186 -1.667313
v 0.371450 -0.108104 -1.718836
v 0.362302 -0.131486 -1.770360
v 0.351685 -0.154239 -1.821884
v 0.339640 -0.176270 -1.873408
v 0.326217 -0.197489 -1.924932
v 0.311470 -0.217811 -1.976456
v 0.295460 -0.237152 -2.027980
v 0.278250 -0.255434 -2.079504
v 0.259911 -0.272584 -2.131028
v 0.240518 -0.288531 -2.182552
v 0.220148 -0.303212 -2.234076
v 0.198885 -0.316565 -2.285600
v 0.176815 -0.328538 -2.337124
v 0.154028 -0.339081 -2.388648
v 0.130615 -0.348152 -2.440172
v 0.106673 -0.355713 -2.491696
v 0.082297 -0.361735 -2.543220
v 0.091809 -0.368363 2.557648
v 0.066658 -0.373413 2.506124
v 0.041237 -0.376851 2.454600
v 0.015648 -0.378665 2.403076
v -0.010004 -0.378845 2.351552
v -0.035615 -0.377390 2.300029
v -0.061082 -0.374308 2.248505
v -0.086301 -0.369613 2.196981
v -0.111170 -0.363319 2.145457
v -0.135587 -0.355455 2.093933
v -0.159455 -0.346053 2.042409
v -0.182675 -0.335151 1.990886
v -0.205154 -0.322791 1.939362
v -0.226801 -0.309027 1.887838
v -0.247527 -0.293911 1.836314
v -0.267249 -0.277506 1.784790
v -0.285886 -0.259879 1.733266
v -0.303363 -0.241102 1.681742
v -0.319609 -0.221249 1.630219
v -0.334558 -0.200403 1.578695
v -0.348150 -0.178646 1.527171
v -0.360329 -0.156069 1.475647
v -0.371045 -0.132763 1.424123
v -0.380256 -0.108821 1.372599
v -0.387924 -0.084340 1.321075
v -0.394017 -0.059423 1.269552
v -0.398512 -0.034166 1.218028
v -0.401389 -0.008675 1.166504
v -0.402638 0.016946 1.114980
v -0.402253 0.042596 1.063456
v -0.400235 0.068169 1.011932
v -0.396593 0.093562 0.960408
v -0.391342 0.118671 0.908884
v -0.384503 0.143395 0.857361
v -0.376104 0.167634 0.805837
v -0.366178 0.191289 0.754313
v -0.354766 0.214263 0.702789
v -0.341915 0.236464 0.651265
v -0.327676 0.257802 0.599741
v -0.312108 0.278190 0.548218
v -0.295273 0.297546 0.496694
v -0.277239 0.315791 0.445170
v -0.258081 0.332850 0.393646
v -0.237876 0.348655 0.342122
v -0.216705 0.363141 0.290598
v -0.194654 0.376250 0.239074
v -0.171814 0.387928 0.187550
v -0.148277 0.398129 0.136026
v -0.124138 0.406810 0.084502
v -0.099495 0.413936 0.032978
v -0.074448 0.419480 -0.018546
v -0.049100 0.423417 -0.070070
v -0.023552 0.425732 -0.121594
v 0.002092 0.426416 -0.173118
v 0.027727 0.425466 -0.224642
v 0.053249 0.422885 -0.276166
v 0.078556 0.418685 -0.327690
v 0.103544 0.412882 -0.379213
v 0.128111 0.405500 -0.430737
v 0.152159 0.396568 -0.482261
v 0.175589 0.386124 -0.533785
v 0.198306 0.374209 -0.585309
v 0.220219 0.360871 -0.636833
v 0.241239 0.346166 -0.688357
v 0.261279 0.330152 -0.739881
v 0.280259 0.312895 -0.791405
v 0.298102 0.294464 -0.842929
v 0.314735 0.274934 -0.894453
v 0.330090 0.254386 -0.945977
v 0.344107 0.232901 -0.997501
v 0.356727 0.210567 -1.049025
v 0.367899 0.187475 -1.100549
v 0.377578 0.163719 -1.152073
v 0.385726 0.139394 -1.203597
v 0.392308 0.114600 -1.255121
v 0.397298 0.089438 -1.306645
v 0.400675 0.064008 -1.358169
v 0.402427 0.038416 -1.409693
v 0.402546 0.012763 -1.461217
v 0.401031 -0.012845 -1.512740
v 0.397889 -0.038304 -1.564264
v 0.393132 -0.063512 -1.615788
v 0.386780 -0.088366 -1.667313
v 0.378858 -0.112764 -1.718836
v 0.369399 -0.136609 -1.770360
v 0.358441 -0.159804 -1.821884
v 0.346028 -0.182253 -1.873408
v 0.332211 -0.203867 -1.924932
v 0.317046 -0.224557 -1.976456
v 0.300595 -0.244240 -2.027980
v 0.282923 -0.262835 -2.079504
v 0.264104 -0.280267 -2.131028
v 0.244213 -0.296466 -2.182552
v 0.223330 -0.311365 -2.234076
v 0.201542 -0.324905 -2.285600
v 0.178936 -0.337030 -2.337124
v 0.155603 -0.347691 -2.388648
v 0.131639 -0.356844 -2.440172
v 0.107141 -0.364454 -2.491696
v 0.082208 -0.370488 -2.543220
v 0.090562 -0.377026 2.557648
v 0.064863 -0.381980 2.506124
v 0.038900 -0.385286 2.454600
v 0.012779 -0.386933 2.403076
v -0.013394 -0.386913 2.351552
v -0.039512 -0.385228 2.300029
v -0.065470 -0.381882 2.248505
v -0.091162 -0.376890 2.196981
v -0.116485 -0.370273 2.145457
v -0.141334 -0.362058 2.093933
v -0.165610 -0.352276 2.042409
v -0.189214 -0.340968 1.990886
v -0.212051 -0.328182 1.939362
v -0.234026 -0.313967 1.887838
v -0.255052 -0.298380 1.836314
v -0.275044 -0.281488 1.784790
v -0.293918 -0.263357 1.733266
v -0.311601 -0.244061 1.681742
v -0.328018 -0.223678 1.630219
v -0.343105 -0.202290 1.578695
v -0.356799 -0.179987 1.527171
v -0.369046 -0.156855 1.475647
v -0.379795 -0.132993 1.424123
v -0.389002 -0.108493 1.372599
v -0.396632 -0.083457 1.321075
v -0.402651 -0.057985 1.269552
v -0.407037 -0.032184 1.218028
v -0.409771 -0.006153 1.166504
v -0.410842 0.019997 1.114980
v -0.410246 0.046163 1.063456
v -0.407985 0.072237 1.011932
v -0.404068 0.098116 0.960408
v -0.398512 0.123691 0.908884
v -0.391339 0.148862 0.857361
v -0.382577 0.173524 0.805837
v -0.372263 0.197579 0.754313
v -0.360439 0.220929 0.702789
v -0.347151 0.243478 0.651265
v -0.332456 0.265135 0.599741
v -0.316411 0.285812 0.548218
v -0.299082 0.305427 0.496694
v -0.280539 0.323897 0.445170
v -0.260858 0.341150 0.393646
v -0.240118 0.357115 0.342122
v -0.218404 0.371727 0.290598
v -0.195803 0.384927 0.239074
v -0.172408 0.396661 0.187550
v -0.148314 0.406881 0.136026
v -0.123617 0.415547 0.084502
v -0.098419 0.422623 0.032978
v -0.072822 0.428080 -0.018546
v -0.046929 0.431896 -0.070070
v -0.020845 0.434056 -0.121594
v 0.005323 0.434551 -0.173118
v 0.031469 0.433378 -0.224642
v 0.057488 0.430543 -0.276166
v 0.083273 0.426058 -0.327690
v 0.108721 0.419939 -0.379213
v 0.133727 0.412213 -0.430737
v 0.158191 0.402911 -0.482261
v 0.182012 0.392069 -0.533785
v 0.205095 0.379733 -0.585309
v 0.227346 0.365952 -0.636833
v 0.248675 0.350783 -0.688357
v 0.268994 0.334286 -0.739881
v 0.288221 0.316529 -0.791405
v 0.306279 0.297584 -0.842929
v 0.323094 0.277527 -0.894453
v 0.338598 0.256441 -0.945977
v 0.352728 0.234410 -0.997501
v 0.365427 0.211524 -1.049025
v 0.376643 0.187877 -1.100549
v 0.386330 0.163563 -1.152073
v 0.394449 0.138681 -1.203597
v 0.400968 0.113333 -1.255121
v 0.405860 0.087622 -1.306645
v 0.409105 0.061651 -1.358169
v 0.410689 0.035527 -1.409693
v 0.410607 0.009354 -1.461217
v 0.408859 -0.016760 -1.512740
v 0.405452 -0.042710 -1.564264
v 0.400399 -0.068390 -1.615788
v 0.393721 -0.093697 -1.667313
v 0.385446 -0.118527 -1.718836
v 0.375607 -0.142780 -1.770360
v 0.364243 -0.166357 -1.821884
v 0.351401 -0.189163 -1.873408
v 0.337134 -0.211105 -1.924932
v 0.321498 -0.232093 -1.976456
v 0.304558 -0.252044 -2.027980
v 0.286381 -0.270876 -2.079504
v 0.267043 -0.288512 -2.131028
v 0.246621 -0.304881 -2.182552
v 0.225198 -0.319917 -2.234076
v 0.202861 -0.333558 -2.285600
v 0.179701 -0.345749 -2.337124
v 0.155812 -0.356441 -2.388648
v 0.131291 -0.365590 -2.440172
v 0.106236 -0.373160 -2.491696
v 0.080751 -0.379118 -2.543220
v 0.087976 -0.385388 2.557648
v 0.061750 -0.390160 2.506124
v 0.035272 -0.393251 2.454600
v 0.008651 -0.394651 2.403076
v -0.018004 -0.394353 2.351552
v -0.044587 -0.392360 2.300029
v -0.070989 -0.388676 2.248505
v -0.097102 -0.383319 2.196981
v -0.122822 -0.376310 2.145457
v -0.148043 -0.367679 2.093933
v -0.172664 -0.357459 2.042409
v -0.196583 -0.345692 1.990886
v -0.219705 -0.332426 1.939362
v -0.241936 -0.317715 1.887838
v -0.263184 -0.301618 1.836314
v -0.283365 -0.284201 1.784790
v -0.302396 -0.265535 1.733266
v -0.320200 -0.245695 1.681742
v -0.336704 -0.224760 1.630219
v -0.351842 -0.202819 1.578695
v -0.365552 -0.179957 1.527171
v -0.377779 -0.156268 1.475647
v -0.388473 -0.131851 1.424123
v -0.397590 -0.106800 1.372599
v -0.405094 -0.081221 1.321075
v -0.410954 -0.055216 1.269552
v -0.415147 -0.028891 1.218028
v -0.417654 -0.002351 1.166504
v -0.418467 0.024294 1.114980
v -0.417582 0.050937 1.063456
v -0.415002 0.077468 1.011932
v -0.410739 0.103782 0.960408
v -0.404808 0.129772 0.908884
v -0.397235 0.155331 0.857361
v -0.388050 0.180356 0.805837
v -0.377290 0.204745 0.754313
v -0.364999 0.228401 0.702789
v -0.351226 0.251224 0.651265
v -0.336029 0.273125 0.599741
v -0.319468 0.294014 0.548218
v -0.301611 0.313806 0.496694
v -0.282529 0.332421 0.445170
v -0.262301 0.349783 0.393646
v -0.241009 0.365822 0.342122
v -0.218739 0.380473 0.290598
v -0.195581 0.393678 0.239074
v -0.171629 0.405379 0.187550
v -0.146981 0.415532 0.136026
v -0.121737 0.424096 0.084502
v -0.095998 0.431034 0.032978
v -0.069870 0.436320 -0.018546
v -0.043458 0.439931 -0.070070
v -0.016870 0.441854 -0.121594
v 0.009786 0.442080 -0.173118
v 0.036403 0.440608 -0.224642
v 0.062872 0.437444 -0.276166
v 0.089086 0.432602 -0.327690
v 0.114938 0.426100 -0.379213
v 0.140324 0.417966 -0.430737
v 0.165141 0.408231 -0.482261
v 0.189287 0.396936 -0.533785
v 0.212665 0.384127 -0.585309
v 0.235181 0.369856 -0.636833
v 0.256741 0.354179 -0.688357
v 0.277260 0.337162 -0.739881
v 0.296654 0.318873 -0.791405
v 0.314844 0.299386 -0.842929
v 0.331757 0.278781 -0.894453
v 0.347323 0.257140 -0.945977
v 0.361480 0.234552 -0.997501
v 0.374170 0.211109 -1.049025
v 0.385341 0.186905 -1.100549
v 0.394949 0.162040 -1.152073
v 0.402954 0.136613 -1.203597
v 0.409324 0.110727 -1.255121
v 0.414033 0.084489 -1.306645
v 0.417061 0.058004 -1.358169
v 0.418398 0.031381 -1.409693
v 0.418036 0.004726 -1.461217
v 0.415978 -0.021852 -1.512740
v 0.412232 -0.048245 -1.564264
v 0.406813 -0.074346 -1.615788
v 0.399744 -0.100049 -1.667313
v 0.391052 -0.125249 -1.718836
v 0.380773 -0.149845 -1.770360
v 0.368949 -0.173737 -1.821884
v 0.355628 -0.196827 -1.873408
v 0.340864 -0.219023 -1.924932
v 0.324716 -0.240233 -1.976456
v 0.307251 -0.260372 -2.027980
v 0.288539 -0.279358 -2.079504
v 0.268656 -0.297115 -2.131028
v 0.247683 -0.313569 -2.182552
v 0.225705 -0.328655 -2.234076
v 0.202811 -0.342310 -2.285600
v 0.179093 -0.354481 -2.337124
v 0.154650 -0.365116 -2.388648
v 0.129578 -0.374174 -2.440172
v 0.103981 -0.381616 -2.491696
v 0.077962 -0.387415 -2.543220
v 0.084114 -0.393243 2.557648
v 0.057395 -0.397752 2.506124
v 0.030443 -0.400553 2.454600
v 0.003367 -0.401630 2.403076
v -0.023722 -0.400981 2.351552
v -0.050715 -0.398609 2.300029
v -0.077502 -0.394522 2.248505
v -0.103975 -0.388739 2.196981
v -0.130026 -0.381282 2.145457
v -0.155549 -0.372182 2.093933
v -0.180441 -0.361475 2.042409
v -0.204600 -0.349204 1.990886
v -0.227930 -0.335421 1.939362
v -0.250334 -0.320181 1.887838
v -0.271723 -0.303543 1.836314
v -0.292009 -0.285580 1.784790
v -0.311110 -0.266359 1.733266
v -0.328948 -0.245963 1.681742
v -0.345452 -0.224470 1.630219
v -0.360554 -0.201973 1.578695
v -0.374192 -0.178558 1.527171
v -0.386313 -0.154323 1.475647
v -0.396865 -0.129366 1.424123
v -0.405807 -0.103787 1.372599
v -0.413103 -0.077690 1.321075
v -0.418722 -0.051181 1.269552
v -0.422641 -0.024370 1.218028
v -0.424846 0.002637 1.166504
v -0.425327 0.029730 1.114980
v -0.424082 0.056799 1.063456
v -0.421116 0.083732 1.011932
v -0.416441 0.110423 0.960408
v -0.410076 0.136762 0.908884
v -0.402047 0.162643 0.857361
v -0.392386 0.187959 0.805837
v -0.381133 0.212609 0.754313
v -0.368334 0.236492 0.702789
v -0.354039 0.259512 0.651265
v -0.338309 0.281576 0.599741
v -0.321205 0.302592 0.548218
v -0.302798 0.322478 0.496694
v -0.283162 0.341152 0.445170
v -0.262377 0.358537 0.393646
v -0.240527 0.374562 0.342122
v -0.217701 0.389165 0.290598
v -0.193992 0.402284 0.239074
v -0.169496 0.413868 0.187550
v -0.144312 0.423868 0.136026
v -0.118542 0.432244 0.084502
v -0.092291 0.438963 0.032978
v -0.065665 0.443997 -0.018546
v -0.038773 0.447325 -0.070070
v -0.011724 0.448934 -0.121594
v 0.015372 0.448818 -0.173118
v 0.042407 0.446977 -0.224642
v 0.069269 0.443418 -0.276166
v 0.095851 0.438156 -0.327690
v 0.122043 0.431212 -0.379213
v 0.147740 0.422615 -0.430737
v 0.172837 0.412399 -0.482261
v 0.197233 0.400606 -0.533785
v 0.220829 0.387283 -0.585309
v 0.243529 0.372485 -0.636833
v 0.265240 0.356272 -0.688357
v 0.285875 0.338710 -0.739881
v 0.305350 0.319869 -0.791405
v 0.323586 0.299826 -0.842929
v 0.340509 0.278663 -0.894453
v 0.356050 0.256466 -0.945977
v 0.370146 0.233324 -0.997501
v 0.382740 0.209331 -1.049025
v 0.393781 0.184586 -1.100549
v 0.403224 0.159187 -1.152073
v 0.411030 0.133239 -1.203597
v 0.417169 0.106846 -1.255121
v 0.421615 0.080117 -1.306645
v 0.424350 0.053158 -1.358169
v 0.425363 0.026080 -1.409693
v 0.424650 -0.001008 -1.461217
v 0.422213 -0.027995 -1.512740
v 0.418063 -0.054773 -1.564264
v 0.412217 -0.081231 -1.615788
v 0.404698 -0.107264 -1.667313
v 0.395537 -0.132766 -1.718836
v 0.384770 -0.157632 -1.770360
v 0.372442 -0.181762 -1.821884
v 0.358603 -0.205059 -1.873408
v 0.343309 -0.227427 -1.924932
v 0.326621 -0.248776 -1.976456
v 0.308608 -0.269019 -2.027980
v 0.289343 -0.288074 -2.079504
v 0.268904 -0.305864 -2.131028
v 0.247373 -0.322316 -2.182552
v 0.224838 -0.337364 -2.234076
v 0.201391 -0.350947 -2.285600
v 0.177127 -0.363010 -2.337124
v 0.152144 -0.373503 -2.388648
v 0.126544 -0.382384 -2.440172
v 0.100430 -0.389617 -2.491696
v 0.073909 -0.395172 -2.543220
v 0.079071 -0.400396 2.557648
v 0.051906 -0.404570 2.506124
v 0.024531 -0.407007 2.454600
v -0.002943 -0.407694 2.403076
v -0.030406 -0.406632 2.351552
v -0.057745 -0.403822 2.300029
v -0.084850 -0.399278 2.248505
v -0.111611 -0.393017 2.196981
v -0.137918 -0.385067 2.145457
v -0.163666 -0.375455 2.093933
v -0.188750 -0.364225 2.042409
v -0.213068 -0.351420 1.990886
v -0.236521 -0.337092 1.939362
v -0.259015 -0.321302 1.887838
v -0.280457 -0.304109 1.836314
v -0.300761 -0.285587 1.784790
v -0.319845 -0.265811 1.733266
v -0.337631 -0.244859 1.681742
v -0.354047 -0.222817 1.630219
v -0.369026 -0.199775 1.578695
v -0.382507 -0.175825 1.527171
v -0.394437 -0.151065 1.475647
v -0.404766 -0.125598 1.424123
v -0.413452 -0.099523 1.372599
v -0.420460 -0.072949 1.321075
v -0.425762 -0.045982 1.269552
v -0.429337 -0.018732 1.218028
v -0.431169 0.008690 1.166504
v -0.431252 0.036173 1.114980
v -0.429584 0.063605 1.063456
v -0.426173 0.090876 1.011932
v -0.421033 0.117874 0.960408
v -0.414185 0.144491 0.908884
v -0.405655 0.170616 0.857361
v -0.395480 0.196146 0.805837
v -0.383699 0.220977 0.754313
v -0.370362 0.245007 0.702789
v -0.355521 0.268139 0.651265
v -0.339238 0.290279 0.599741
v -0.321579 0.311338 0.548218
v -0.302614 0.331229 0.496694
v -0.282421 0.349872 0.445170
v -0.261083 0.367192 0.393646
v -0.238684 0.383118 0.342122
v -0.215317 0.397586 0.290598
v -0.191077 0.410538 0.239074
v -0.166061 0.421918 0.187550
v -0.140371 0.431683 0.136026
v -0.114111 0.439793 0.084502
v -0.087389 0.446214 0.032978
v -0.060312 0.450921 -0.018546
v -0.032990 0.453894 -0.070070
v -0.005534 0.455122 -0.121594
v 0.021944 0.454599 -0.173118
v 0.049333 0.452328 -0.224642
v 0.076522 0.448317 -0.276166
v 0.103401 0.442583 -0.327690
v 0.129860 0.435150 -0.379213
v 0.155791 0.426047 -0.430737
v 0.181091 0.415311 -0.482261
v 0.205656 0.402987 -0.533785
v 0.229386 0.389123 -0.585309
v 0.252186 0.373777 -0.636833
v 0.273962 0.357010 -0.688357
v 0.294626 0.338890 -0.739881
v 0.314095 0.319492 -0.791405
v 0.332289 0.298894 -0.842929
v 0.349135 0.277178 -0.894453
v 0.364564 0.254434 -0.945977
v 0.378513 0.230755 -0.997501
v 0.390927 0.206235 -1.049025
v 0.401754 0.180974 -1.100549
v 0.410951 0.155075 -1.152073
v 0.418480 0.128644 -1.203597
v 0.424311 0.101786 -1.255121
v 0.428420 0.074612 -1.306645
v 0.430790 0.047231 -1.358169
v 0.431413 0.019755 -1.409693
v 0.430285 -0.007705 -1.461217
v 0.427410 -0.035038 -1.512740
v 0.422802 -0.062132 -1.564264
v 0.416477 -0.088877 -1.615788
v 0.408463 -0.115166 -1.667313
v 0.398791 -0.140891 -1.718836
v 0.387500 -0.165948 -1.770360
v 0.374637 -0.190235 -1.821884
v 0.360254 -0.213654 -1.873408
v 0.344409 -0.236110 -1.924932
v 0.327167 -0.257512 -1.976456
v 0.308596 -0.277772 -2.027980
v 0.288774 -0.296808 -2.079504
v 0.267779 -0.314544 -2.131028
v 0.245698 -0.330907 -2.182552
v 0.222620 -0.345831 -2.234076
v 0.198639 -0.359256 -2.285600
v 0.173851 -0.371126 -2.337124
v 0.148358 -0.381394 -2.388648
v 0.122263 -0.390018 -2.440172
v 0.095672 -0.396963 -2.491696
v 0.068692 -0.402201 -2.543220
v 0.072970 -0.406673 2.557648
v 0.045419 -0.410446 2.506124
v 0.017683 -0.412458 2.454600
v -0.010125 -0.412697 2.403076
v -0.037892 -0.411167 2.351552
v -0.065505 -0.407872 2.300029
v -0.092852 -0.402826 2.248505
v -0.119822 -0.396050 2.196981
v -0.146306 -0.387569 2.145457
v -0.172196 -0.377418 2.093933
v -0.197388 -0.365640 2.042409
v -0.221778 -0.352284 1.990886
v -0.245269 -0.337400 1.939362
v -0.267764 -0.321050 1.887838
v -0.289173 -0.303302 1.836314
v -0.309408 -0.284227 1.784790
v -0.328387 -0.263903 1.733266
v -0.346034 -0.242411 1.681742
v -0.362277 -0.219839 1.630219
v -0.377050 -0.196278 1.578695
v -0.390293 -0.171826 1.527171
v -0.401952 -0.146578 1.475647
v -0.411979 -0.120641 1.424123
v -0.420335 -0.094117 1.372599
v -0.426986 -0.067114 1.321075
v -0.431903 -0.039745 1.269552
v -0.435068 -0.012117 1.218028
v -0.436467 0.015658 1.166504
v -0.436095 0.043464 1.114980
v -0.433954 0.071189 1.063456
v -0.430052 0.098723 1.011932
v -0.424404 0.125953 0.960408
v -0.417034 0.152767 0.908884
v -0.407972 0.179057 0.857361
v -0.397254 0.204717 0.805837
v -0.384925 0.229643 0.754313
v -0.371033 0.253734 0.702789
v -0.355635 0.276892 0.651265
v -0.338795 0.299020 0.599741
v -0.320580 0.320033 0.548218
v -0.301063 0.339843 0.496694
v -0.280325 0.358370 0.445170
v -0.258450 0.375539 0.393646
v -0.235525 0.391281 0.342122
v -0.211645 0.405532 0.290598
v -0.186906 0.418232 0.239074
v -0.161409 0.429332 0.187550
v -0.135256 0.438786 0.136026
v -0.108555 0.446556 0.084502
v -0.081413 0.452609 0.032978
v -0.053941 0.456923 -0.018546
v -0.026250 0.459478 -0.070070
v 0.001548 0.460266 -0.121594
v 0.029339 0.459281 -0.173118
v 0.057012 0.456529 -0.224642
v 0.084452 0.452021 -0.276166
v 0.111551 0.445775 -0.327690
v 0.138196 0.437816 -0.379213
v 0.164281 0.428177 -0.430737
v 0.189699 0.416897 -0.482261
v 0.214347 0.404021 -0.533785
v 0.238126 0.389602 -0.585309
v 0.260938 0.373698 -0.636833
v 0.282691 0.356374 -0.688357
v 0.303298 0.337700 -0.739881
v 0.322673 0.317752 -0.791405
v 0.340739 0.296611 -0.842929
v 0.357422 0.274362 -0.894453
v 0.372655 0.251097 -0.945977
v 0.386375 0.226908 -0.997501
v 0.398528 0.201896 -1.049025
v 0.409063 0.176160 -1.100549
v 0.417939 0.149805 -1.152073
v 0.425118 0.122939 -1.203597
v 0.430573 0.095671 -1.255121
v 0.434280 0.068110 -1.306645
v 0.436224 0.040369 -1.358169
v 0.436399 0.012561 -1.409693
v 0.434803 -0.015202 -1.461217
v 0.431442 -0.042807 -1.512740
v 0.426330 -0.070142 -1.564264
v 0.419489 -0.097096 -1.615788
v 0.410945 -0.123559 -1.667313
v 0.400733 -0.149425 -1.718836
v 0.388896 -0.174589 -1.770360
v 0.375480 -0.198948 -1.821884
v 0.360540 -0.222402 -1.873408
v 0.344138 -0.244859 -1.924932
v 0.326338 -0.266225 -1.976456
v 0.307215 -0.286415 -2.027980
v 0.286845 -0.305346 -2.079504
v 0.265311 -0.322942 -2.131028
v 0.242700 -0.339131 -2.182552
v 0.219105 -0.353847 -2.234076
v 0.194620 -0.367031 -2.285600
v 0.169345 -0.378630 -2.337124
v 0.143384 -0.388596 -2.388648
v 0.116840 -0.396889 -2.440172
v 0.089822 -0.403474 -2.491696
v 0.062440 -0.408327 -2.543220
v 0.065963 -0.411918 2.557648
v 0.038092 -0.415234 2.506124
v 0.010066 -0.416770 2.454600
v -0.018001 -0.416516 2.403076
v -0.045995 -0.414476 2.351552
v -0.073802 -0.410659 2.300029
v -0.101310 -0.405078 2.248505
v -0.128406 -0.397759 2.196981
v -0.154981 -0.388728 2.145457
v -0.180928 -0.378023 2.093933
v -0.206140 -0.365688 2.042409
v -0.230516 -0.351774 1.990886
v -0.253956 -0.336335 1.939362
v -0.276366 -0.319434 1.887838
v -0.297654 -0.301142 1.836314
v -0.317735 -0.281530 1.784790
v -0.336526 -0.260682 1.733266
v -0.353951 -0.238678 1.681742
v -0.369940 -0.215609 1.630219
v -0.384428 -0.191569 1.578695
v -0.397356 -0.166657 1.527171
v -0.408672 -0.140971 1.475647
v -0.418329 -0.114617 1.424123
v -0.426288 -0.087701 1.372599
v -0.432518 -0.060332 1.321075
v -0.436992 -0.032623 1.269552
v -0.439694 -0.004686 1.218028
v -0.440610 0.023367 1.166504
v -0.439739 0.051421 1.114980
v -0.437084 0.079363 1.063456
v -0.432654 0.107079 1.011932
v -0.426470 0.134457 0.960408
v -0.418554 0.161386 0.908884
v -0.408940 0.187756 0.857361
v -0.397666 0.213461 0.805837
v -0.384779 0.238396 0.754313
v -0.370330 0.262458 0.702789
v -0.354379 0.285554 0.651265
v -0.336990 0.307586 0.599741
v -0.318233 0.328465 0.548218
v -0.298184 0.348108 0.496694
v -0.276926 0.366437 0.445170
v -0.254544 0.383372 0.393646
v -0.231128 0.398849 0.342122
v -0.206775 0.412804 0.290598
v -0.181583 0.425180 0.239074
v -0.155654 0.435927 0.187550
v -0.129093 0.445001 0.136026
v -0.102009 0.452366 0.084502
v -0.074510 0.457991 0.032978
v -0.046709 0.461854 -0.018546
v -0.018719 0.463939 -0.070070
v 0.009347 0.464238 -0.121594
v 0.037376 0.462749 -0.173118
v 0.065253 0.459478 -0.224642
v 0.092865 0.454440 -0.276166
v 0.120100 0.447653 -0.327690
v 0.146847 0.439146 -0.379213
v 0.172999 0.428953 -0.430737
v 0.198449 0.417116 -0.482261
v 0.223094 0.403683 -0.533785
v 0.246833 0.388708 -0.585309
v 0.269570 0.372251 -0.636833
v 0.291214 0.354380 -0.688357
v 0.311676 0.335168 -0.739881
v 0.330873 0.314692 -0.791405
v 0.348728 0.293034 -0.842929
v 0.365167 0.270284 -0.894453
v 0.380124 0.246534 -0.945977
v 0.393539 0.221879 -0.997501
v 0.405357 0.196421 -1.049025
v 0.415530 0.170261 -1.100549
v 0.424017 0.143507 -1.152073
v 0.430783 0.116267 -1.203597
v 0.435801 0.088651 -1.255121
v 0.439050 0.060772 -1.306645
v 0.440518 0.032742 -1.358169
v 0.440198 0.004676 -1.409693
v 0.438092 -0.023313 -1.461217
v 0.434208 -0.051111 -1.512740
v 0.428563 -0.078605 -1.564264
v 0.421178 -0.105684 -1.615788
v 0.412083 -0.132238 -1.667313
v 0.401317 -0.158159 -1.718836
v 0.388922 -0.183341 -1.770360
v 0.374949 -0.207684 -1.821884
v 0.359454 -0.231088 -1.873408
v 0.342501 -0.253457 -1.924932
v 0.324158 -0.274702 -1.976456
v 0.304499 -0.294735 -2.027980
v 0.283605 -0.313477 -2.079504
v 0.261559 -0.330850 -2.131028
v 0.238453 -0.346784 -2.182552
v 0.214379 -0.361214 -2.234076
v 0.189434 -0.374083 -2.285600
v 0.163721 -0.385337 -2.337124
v 0.137344 -0.394931 -2.388648
v 0.110409 -0.402826 -2.440172
v 0.083027 -0.408991 -2.491696
v 0.055307 -0.413399 -2.543220
v 0.058222 -0.416003 2.557648
v 0.030106 -0.418817 2.506124
v 0.001868 -0.419836 2.454600
v -0.026378 -0.419056 2.403076
v -0.054516 -0.416478 2.351552
v -0.082433 -0.412113 2.300029
v -0.110016 -0.405980 2.248505
v -0.137152 -0.398104 2.196981
v -0.163732 -0.388516 2.145457
v -0.189647 -0.377255 2.093933
v -0.214792 -0.364365 2.042409
v -0.239066 -0.349902 1.990886
v -0.262370 -0.333923 1.939362
v -0.284610 -0.316492 1.887838
v -0.305694 -0.297680 1.836314
v -0.325538 -0.277566 1.784790
v -0.344060 -0.256226 1.733266
v -0.361187 -0.233753 1.681742
v -0.376848 -0.210234 1.630219
v -0.390979 -0.185764 1.578695
v -0.403524 -0.160447 1.527171
v -0.414432 -0.134380 1.475647
v -0.423658 -0.107673 1.424123
v -0.431164 -0.080432 1.372599
v -0.436921 -0.052768 1.321075
v -0.440905 -0.024794 1.269552
v -0.443100 0.003376 1.218028
v -0.443496 0.031630 1.166504
v -0.442093 0.059851 1.114980
v -0.438896 0.087926 1.063456
v -0.433918 0.115740 1.011932
v -0.427179 0.143181 0.960408
v -0.418707 0.170137 0.908884
v -0.408535 0.196499 0.857361
v -0.396706 0.222160 0.805837
v -0.383266 0.247016 0.754313
v -0.368272 0.270965 0.702789
v -0.351783 0.293912 0.651265
v -0.333867 0.315761 0.599741
v -0.314595 0.336426 0.548218
v -0.294047 0.355822 0.496694
v -0.272306 0.373870 0.445170
v -0.249460 0.390498 0.393646
v -0.225602 0.405636 0.342122
v -0.200827 0.419226 0.290598
v -0.175239 0.431210 0.239074
v -0.148939 0.441541 0.187550
v -0.122034 0.450176 0.136026
v -0.094634 0.457080 0.084502
v -0.066851 0.462227 0.032978
v -0.038796 0.465593 -0.018546
v -0.010583 0.467167 -0.070070
v 0.017672 0.466941 -0.121594
v 0.045856 0.464917 -0.173118
v 0.073853 0.461102 -0.224642
v 0.101551 0.455512 -0.276166
v 0.128837 0.448170 -0.327690
v 0.155600 0.439106 -0.379213
v 0.181732 0.428356 -0.430737
v 0.207126 0.415964 -0.482261
v 0.231679 0.401981 -0.533785
v 0.255293 0.386462 -0.585309
v 0.277870 0.369472 -0.636833
v 0.299320 0.351078 -0.688357
v 0.319555 0.331356 -0.739881
v 0.338493 0.310386 -0.791405
v 0.356058 0.288252 -0.842929
v 0.372178 0.265045 -0.894453
v 0.386788 0.240859 -0.945977
v 0.399828 0.215792 -0.997501
v 0.411246 0.189945 -1.049025
v 0.420994 0.163424 -1.100549
v 0.429035 0.136335 -1.152073
v 0.435334 0.108790 -1.203597
v 0.439867 0.080900 -1.255121
v 0.442614 0.052777 -1.306645
v 0.443566 0.024537 -1.358169
v 0.442718 -0.003706 -1.409693
v 0.440073 -0.031839 -1.461217
v 0.435642 -0.059745 -1.512740
v 0.429443 -0.087313 -1.564264
v 0.421502 -0.114431 -1.615788
v 0.411850 -0.140987 -1.667313
v 0.400527 -0.166876 -1.718836
v 0.387579 -0.191991 -1.770360
v 0.373058 -0.216230 -1.821884
v 0.357023 -0.239496 -1.873408
v 0.339539 -0.261693 -1.924932
v 0.320678 -0.282733 -1.976456
v 0.300515 -0.302529 -2.027980
v 0.279132 -0.321000 -2.079504
v 0.256617 -0.338073 -2.131028
v 0.233060 -0.353678 -2.182552
v 0.208558 -0.367751 -2.234076
v 0.183210 -0.380236 -2.285600
v 0.157117 -0.391081 -2.337124
v 0.130388 -0.400243 -2.388648
v 0.103129 -0.407685 -2.440172
v 0.075452 -0.413376 -2.491696
v 0.047468 -0.417293 -2.543220
v 0.049937 -0.418825 2.557648
v 0.021658 -0.421107 2.506124
v -0.006708 -0.421583 2.454600
v -0.035048 -0.420252 2.403076
v -0.063245 -0.417121 2.351552
v -0.091185 -0.412200 2.300029
v -0.118756 -0.405508 2.248505
v -0.145844 -0.397076 2.196981
v -0.172341 -0.386937 2.145457
v -0.198138 -0.375131 2.093933
v -0.223131 -0.361707 2.042409
v -0.247219 -0.346717 1.990886
v -0.270304 -0.330226 1.939362
v -0.292291 -0.312296 1.887838
v -0.313093 -0.293005 1.836314
v -0.332624 -0.272427 1.784790
v -0.350805 -0.250649 1.733266
v -0.367563 -0.227757 1.681742
v -0.382829 -0.203843 1.630219
v -0.396542 -0.179006 1.578695
v -0.408645 -0.153348 1.527171
v -0.419090 -0.126969 1.475647
v -0.427835 -0.099980 1.424123
v -0.434843 -0.072490 1.372599
v -0.440087 -0.044608 1.321075
v -0.443545 -0.016449 1.269552
v -0.445203 0.011873 1.218028
v -0.445054 0.040243 1.166504
v -0.443099 0.068546 1.114980
v -0.439347 0.096667 1.063456
v -0.433811 0.124492 1.011932
v -0.426515 0.151909 0.960408
v -0.417488 0.178805 0.908884
v -0.406768 0.205072 0.857361
v -0.394396 0.230604 0.805837
v -0.380424 0.255294 0.754313
v -0.364908 0.279046 0.702789
v -0.347911 0.301762 0.651265
v -0.329503 0.323350 0.599741
v -0.309758 0.343720 0.548218
v -0.288755 0.362793 0.496694
v -0.266581 0.380490 0.445170
v -0.243325 0.396740 0.393646
v -0.219081 0.411476 0.342122
v -0.193948 0.424638 0.290598
v -0.168029 0.436173 0.239074
v -0.141428 0.446035 0.187550
v -0.114252 0.454182 0.136026
v -0.086613 0.460584 0.084502
v -0.058623 0.465212 0.032978
v -0.030394 0.468048 -0.018546
v -0.002042 0.469082 -0.070070
v 0.026317 0.468309 -0.121594
v 0.054571 0.465731 -0.173118
v 0.082602 0.461360 -0.224642
v 0.110299 0.455212 -0.276166
v 0.137548 0.447314 -0.327690
v 0.164239 0.437697 -0.379213
v 0.190263 0.426400 -0.430737
v 0.215515 0.413469 -0.482261
v 0.239893 0.398956 -0.533785
v 0.263297 0.382921 -0.585309
v 0.285633 0.365428 -0.636833
v 0.306809 0.346548 -0.688357
v 0.326741 0.326359 -0.739881
v 0.345347 0.304941 -0.791405
v 0.362551 0.282382 -0.842929
v 0.378284 0.258774 -0.894453
v 0.392482 0.234212 -0.945977
v 0.405087 0.208795 -0.997501
v 0.416049 0.182628 -1.049025
v 0.425322 0.155815 -1.100549
v 0.432869 0.128467 -1.152073
v 0.438659 0.100694 -1.203597
v 0.442670 0.072608 -1.255121
v 0.444884 0.044324 -1.306645
v 0.445293 0.015957 -1.358169
v 0.443894 -0.012380 -1.409693
v 0.440695 -0.040569 -1.461217
v 0.435707 -0.068498 -1.512740
v 0.428951 -0.096052 -1.564264
v 0.420454 -0.123120 -1.615788
v 0.410252 -0.149593 -1.667313
v 0.398384 -0.175362 -1.718836
v 0.384900 -0.200323 -1.770360
v 0.369853 -0.224375 -1.821884
v 0.353306 -0.247420 -1.873408
v 0.335325 -0.269365 -1.924932
v 0.315984 -0.290121 -1.976456
v 0.295360 -0.309603 -2.027980
v 0.273538 -0.327732 -2.079504
v 0.250605 -0.344435 -2.131028
v 0.226656 -0.359644 -2.182552
v 0.201787 -0.373297 -2.234076
v 0.176099 -0.385340 -2.285600
v 0.149696 -0.395722 -2.337124
v 0.122686 -0.404402 -2.388648
v 0.095178 -0.411345 -2.440172
v 0.067284 -0.416522 -2.491696
v 0.039117 -0.419913 -2.543220
v 0.041312 -0.420317 2.557648
v 0.012956 -0.422047 2.506124
v -0.015453 -0.421968 2.454600
v -0.043799 -0.420080 2.403076
v -0.071967 -0.416390 2.351552
v -0.099843 -0.410915 2.300029
v -0.127314 -0.403675 2.248505
v -0.154269 -0.394702 2.196981
v -0.180597 -0.384031 2.145457
v -0.206193 -0.371705 2.093933
v -0.230951 -0.357775 2.042409
v -0.254773 -0.342295 1.990886
v -0.277561 -0.325332 1.939362
v -0.299222 -0.306951 1.887838
v -0.319669 -0.287229 1.836314
v -0.338819 -0.266245 1.784790
v -0.356594 -0.244084 1.733266
v -0.372922 -0.220837 1.681742
v -0.387737 -0.196597 1.630219
v -0.400978 -0.171461 1.578695
v -0.412592 -0.145536 1.527171
v -0.422532 -0.118923 1.475647
v -0.430757 -0.091730 1.424123
v -0.437234 -0.064070 1.372599
v -0.441937 -0.036053 1.321075
v -0.444846 -0.007794 1.269552
v -0.445951 0.020594 1.218028
v -0.445245 0.048993 1.166504
v -0.442733 0.077291 1.114980
v -0.438424 0.105372 1.063456
v -0.432337 0.133120 1.011932
v -0.424494 0.160425 0.960408
v -0.414929 0.187175 0.908884
v -0.403681 0.213262 0.857361
v -0.390794 0.238581 0.805837
v -0.376321 0.263027 0.754313
v -0.360321 0.286501 0.702789
v -0.342859 0.308909 0.651265
v -0.324006 0.330160 0.599741
v -0.303838 0.350168 0.548218
v -0.282437 0.368851 0.496694
v -0.259890 0.386134 0.445170
v -0.236288 0.401945 0.393646
v -0.211728 0.416223 0.342122
v -0.186308 0.428907 0.290598
v -0.160132 0.439947 0.239074
v -0.133306 0.449298 0.187550
v -0.105939 0.456922 0.136026
v -0.078143 0.462788 0.084502
v -0.050029 0.466873 0.032978
v -0.021712 0.469159 -0.018546
v 0.006693 0.469638 -0.070070
v 0.035070 0.468307 -0.121594
v 0.063305 0.465172 -0.173118
v 0.091284 0.460246 -0.224642
v 0.118892 0.453548 -0.276166
v 0.146018 0.445106 -0.327690
v 0.172550 0.434954 -0.379213
v 0.198383 0.423133 -0.430737
v 0.223411 0.409692 -0.482261
v 0.247532 0.394684 -0.533785
v 0.270649 0.378171 -0.585309
v 0.292667 0.360220 -0.636833
v 0.313498 0.340903 -0.688357
v 0.333057 0.320299 -0.739881
v 0.351264 0.298491 -0.791405
v 0.368045 0.275569 -0.842929
v 0.383333 0.251624 -0.894453
v 0.397066 0.226755 -0.945977
v 0.409187 0.201062 -0.997501
v 0.419648 0.174649 -1.049025
v 0.428406 0.147624 -1.100549
v 0.435425 0.120096 -1.152073
v 0.440677 0.092177 -1.203597
v 0.444141 0.063980 -1.255121
v 0.445803 0.035620 -1.306645
v 0.445656 0.007211 -1.358169
v 0.443700 -0.021130 -1.409693
v 0.439944 -0.049289 -1.461217
v 0.434402 -0.077153 -1.512740
v 0.427098 -0.104606 -1.564264
v 0.418060 -0.131539 -1.615788
v 0.407326 -0.157842 -1.667313
v 0.394939 -0.183408 -1.718836
v 0.380950 -0.208134 -1.770360
v 0.365414 -0.231918 -1.821884
v 0.348396 -0.254666 -1.873408
v 0.329964 -0.276283 -1.924932
v 0.310192 -0.296683 -1.976456
v 0.289162 -0.315783 -2.027980
v 0.266959 -0.333505 -2.079504
v 0.243673 -0.349778 -2.131028
v 0.219397 -0.364535 -2.182552
v 0.194231 -0.377716 -2.234076
v 0.168277 -0.389268 -2.285600
v 0.141640 -0.399144 -2.337124
v 0.114429 -0.407305 -2.388648
v 0.086753 -0.413716 -2.440172
v 0.058725 -0.418352 -2.491696
v 0.030458 -0.421194 -2.543220
v 0.032560 -0.420442 2.557648
v 0.004214 -0.421614 2.506124
v -0.024149 -0.420978 2.454600
v -0.052415 -0.418538 2.403076
v -0.080468 -0.414305 2.351552
v -0.108194 -0.408292 2.300029
v -0.135481 -0.400526 2.248505
v -0.162218 -0.391039 2.196981
v -0.188297 -0.379870 2.145457
v -0.213612 -0.367062 2.093933
v -0.238060 -0.352668 2.042409
v -0.261542 -0.336747 1.990886
v -0.283963 -0.319363 1.939362
v -0.305231 -0.300588 1.887838
v -0.325261 -0.280495 1.836314
v -0.343971 -0.259168 1.784790
v -0.361285 -0.236694 1.733266
v -0.377133 -0.213163 1.681742
v -0.391451 -0.188671 1.630219
v -0.404180 -0.163315 1.578695
v -0.415269 -0.137201 1.527171
v -0.424672 -0.110436 1.475647
v -0.432353 -0.083125 1.424123
v -0.438279 -0.055380 1.372599
v -0.442426 -0.027314 1.321075
v -0.444778 0.000959 1.269552
v -0.445325 0.029324 1.218028
v -0.444065 0.057666 1.166504
v -0.441003 0.085872 1.114980
v -0.436152 0.113824 1.063456
v -0.429530 0.141411 1.011932
v -0.421166 0.168521 0.960408
v -0.411092 0.195042 0.908884
v -0.399351 0.220868 0.857361
v -0.385988 0.245895 0.805837
v -0.371059 0.270020 0.754313
v -0.354625 0.293146 0.702789
v -0.336752 0.315179 0.651265
v -0.317512 0.336028 0.599741
v -0.296983 0.355610 0.548218
v -0.275250 0.373846 0.496694
v -0.252399 0.390660 0.445170
v -0.228524 0.405986 0.393646
v -0.203722 0.419761 0.342122
v -0.178093 0.431928 0.290598
v -0.151741 0.442439 0.239074
v -0.124774 0.451251 0.187550
v -0.097300 0.458328 0.136026
v -0.069432 0.463641 0.084502
v -0.041281 0.467169 0.032978
v -0.012963 0.468898 -0.018546
v 0.015407 0.468820 -0.070070
v 0.043715 0.466936 -0.121594
v 0.071845 0.463254 -0.173118
v 0.099684 0.457787 -0.224642
v 0.127119 0.450560 -0.276166
v 0.154037 0.441600 -0.327690
v 0.180331 0.430945 -0.379213
v 0.205893 0.418637 -0.430737
v 0.230619 0.404726 -0.482261
v 0.254409 0.389270 -0.533785
v 0.277167 0.372330 -0.585309
v 0.298800 0.353975 -0.636833
v 0.319221 0.334280 -0.688357
v 0.338346 0.313326 -0.739881
v 0.356099 0.291196 -0.791405
v 0.372406 0.267980 -0.842929
v 0.387202 0.243773 -0.894453
v 0.400427 0.218673 -0.945977
v 0.412027 0.192783 -0.997501
v 0.421954 0.166206 -1.049025
v 0.430170 0.139051 -1.100549
v 0.436640 0.111428 -1.152073
v 0.441338 0.083449 -1.203597
v 0.444245 0.055228 -1.255121
v 0.445349 0.026879 -1.306645
v 0.444646 -0.001483 -1.358169
v 0.442139 -0.029742 -1.409693
v 0.437838 -0.057785 -1.461217
v 0.431759 -0.085497 -1.512740
v 0.423929 -0.112765 -1.564264
v 0.414378 -0.139480 -1.615788
v 0.403146 -0.165532 -1.667313
v 0.390278 -0.190817 -1.718836
v 0.375826 -0.215231 -1.770360
v 0.359849 -0.238675 -1.821884
v 0.342412 -0.261054 -1.873408
v 0.323585 -0.282277 -1.924932
v 0.303446 -0.302259 -1.976456
v 0.282074 -0.320918 -2.027980
v 0.259558 -0.338179 -2.079504
v 0.235989 -0.353970 -2.131028
v 0.211462 -0.368230 -2.182552
v 0.186077 -0.380898 -2.234076
v 0.159937 -0.391925 -2.285600
v 0.133148 -0.401265 -2.337124
v 0.105819 -0.408880 -2.388648
v 0.078060 -0.414739 -2.440172
v 0.049985 -0.418820 -2.491696
v 0.021706 -0.421105 -2.543220
v 0.023897 -0.419195 2.557648
v -0.004353 -0.419818 2.506124
v -0.032584 -0.418641 2.454600
v -0.060684 -0.415670 2.403076
v -0.088537 -0.410914 2.351552
v -0.116031 -0.404395 2.300029
v -0.143054 -0.396138 2.248505
v -0.169497 -0.386179 2.196981
v -0.195252 -0.374554 2.145457
v -0.220214 -0.361316 2.093933
v -0.244283 -0.346512 2.042409
v -0.267360 -0.330208 1.990886
v -0.289353 -0.312467 1.939362
v -0.310171 -0.293362 1.887838
v -0.329731 -0.272971 1.836314
v -0.347953 -0.251375 1.784790
v -0.364762 -0.228661 1.733266
v -0.380092 -0.204925 1.681742
v -0.393879 -0.180261 1.630219
v -0.406067 -0.154769 1.578695
v -0.416608 -0.128553 1.527171
v -0.425459 -0.101719 1.475647
v -0.432582 -0.074375 1.424123
v -0.437951 -0.046632 1.372599
v -0.441542 -0.018606 1.321075
v -0.443342 0.009593 1.269552
v -0.443342 0.037850 1.218028
v -0.441543 0.066048 1.166504
v -0.437953 0.094076 1.114980
v -0.432585 0.121817 1.063456
v -0.425462 0.149160 1.011932
v -0.416612 0.175995 0.960408
v -0.406072 0.202211 0.908884
v -0.393884 0.227704 0.857361
v -0.380097 0.252369 0.805837
v -0.364768 0.276106 0.754313
v -0.347959 0.298819 0.702789
v -0.329738 0.320415 0.651265
v -0.310179 0.340807 0.599741
v -0.289361 0.359913 0.548218
v -0.267369 0.377655 0.496694
v -0.244292 0.393961 0.445170
v -0.220223 0.408763 0.393646
v -0.195261 0.422003 0.342122
v -0.169507 0.433627 0.290598
v -0.143064 0.443588 0.239074
v -0.116041 0.451845 0.187550
v -0.088548 0.458365 0.136026
v -0.060694 0.463121 0.084502
v -0.032595 0.466094 0.032978
v -0.004363 0.467272 -0.018546
v 0.023886 0.466649 -0.070070
v 0.052039 0.464230 -0.121594
v 0.079980 0.460023 -0.173118
v 0.107597 0.454045 -0.224642
v 0.134777 0.446321 -0.276166
v 0.161410 0.436883 -0.327690
v 0.187388 0.425768 -0.379213
v 0.212606 0.413021 -0.430737
v 0.236961 0.398694 -0.482261
v 0.260355 0.382846 -0.533785
v 0.282692 0.365541 -0.585309
v 0.303881 0.346848 -0.636833
v 0.323838 0.326844 -0.688357
v 0.342480 0.305611 -0.739881
v 0.359733 0.283233 -0.791405
v 0.375526 0.259802 -0.842929
v 0.389795 0.235413 -0.894453
v 0.402482 0.210165 -0.945977
v 0.413536 0.184161 -0.997501
v 0.422912 0.157506 -1.049025
v 0.430572 0.130307 -1.100549
v 0.436484 0.102677 -1.152073
v 0.440625 0.074726 -1.203597
v 0.442978 0.046567 -1.255121
v 0.443534 0.018317 -1.306645
v 0.442289 -0.009912 -1.358169
v 0.439250 -0.038005 -1.409693
v 0.434428 -0.065847 -1.461217
v 0.427844 -0.093325 -1.512740
v 0.419523 -0.120328 -1.564264
v 0.409500 -0.146747 -1.615788
v 0.397815 -0.172474 -1.667313
v 0.384516 -0.197405 -1.718836
v 0.369656 -0.221438 -1.770360
v 0.353296 -0.244477 -1.821884
v 0.335503 -0.266427 -1.873408
v 0.316348 -0.287200 -1.924932
v 0.295910 -0.306711 -1.976456
v 0.274270 -0.324881 -2.027980
v 0.251518 -0.341637 -2.079504
v 0.227745 -0.356909 -2.131028
v 0.203047 -0.370638 -2.182552
v 0.177526 -0.382765 -2.234076
v 0.151285 -0.393244 -2.285600
v 0.124429 -0.402030 -2.337124
v 0.097069 -0.409088 -2.388648
v 0.069314 -0.414391 -2.440172
v 0.041279 -0.417915 -2.491696
v 0.013076 -0.419647 -2.543220
v 0.015535 -0.416611 2.557648
v -0.012533 -0.416705 2.506124
v -0.040550 -0.415015 2.454600
v -0.068402 -0.411542 2.403076
v -0.095977 -0.406303 2.351552
v -0.123163 -0.399320 2.300029
v -0.149848 -0.390621 2.248505
v -0.175925 -0.380238 2.196981
v -0.201289 -0.368218 2.145457
v -0.225836 -0.354606 2.093933
v -0.249466 -0.339460 2.042409
v -0.272084 -0.322840 1.990886
v -0.293597 -0.304813 1.939362
v -0.313920 -0.285452 1.887838
v -0.332968 -0.264839 1.836314
v -0.350666 -0.243053 1.784790
v -0.366940 -0.220184 1.733266
v -0.381725 -0.196327 1.681742
v -0.394962 -0.171575 1.630219
v -0.406595 -0.146031 1.578695
v -0.416579 -0.119799 1.527171
v -0.424872 -0.092986 1.475647
v -0.431441 -0.065697 1.424123
v -0.436259 -0.038046 1.372599
v -0.439307 -0.010143 1.321075
v -0.440572 0.017897 1.269552
v -0.440049 0.045960 1.218028
v -0.437741 0.073932 1.166504
v -0.433656 0.101700 1.114980
v -0.427812 0.129153 1.063456
v -0.420231 0.156179 1.011932
v -0.410945 0.182665 0.960408
v -0.399992 0.208508 0.908884
v -0.387415 0.233600 0.857361
v -0.373266 0.257841 0.805837
v -0.357603 0.281133 0.754313
v -0.340488 0.303378 0.702789
v -0.321992 0.324490 0.651265
v -0.302189 0.344381 0.599741
v -0.281160 0.362971 0.548218
v -0.258990 0.380184 0.496694
v -0.235768 0.395950 0.445170
v -0.211591 0.410207 0.393646
v -0.186554 0.422895 0.342122
v -0.160760 0.433962 0.290598
v -0.134314 0.443366 0.239074
v -0.107323 0.451066 0.187550
v -0.079897 0.457032 0.136026
v -0.052146 0.461240 0.084502
v -0.024184 0.463673 0.032978
v 0.003877 0.464320 -0.018546
v 0.031922 0.463179 -0.070070
v 0.059837 0.460255 -0.121594
v 0.087509 0.455559 -0.173118
v 0.114826 0.449112 -0.224642
v 0.141678 0.440937 -0.276166
v 0.167954 0.431070 -0.327690
v 0.193549 0.419550 -0.379213
v 0.218358 0.406424 -0.430737
v 0.242282 0.391744 -0.482261
v 0.265222 0.375571 -0.533785
v 0.287086 0.357971 -0.585309
v 0.307785 0.339014 -0.636833
v 0.327235 0.318777 -0.688357
v 0.345356 0.297344 -0.739881
v 0.362077 0.274800 -0.791405
v 0.377328 0.251237 -0.842929
v 0.391048 0.226750 -0.894453
v 0.403181 0.201441 -0.945977
v 0.413678 0.175409 -0.997501
v 0.422497 0.148763 -1.049025
v 0.429601 0.121609 -1.100549
v 0.434961 0.094057 -1.152073
v 0.438556 0.066221 -1.203597
v 0.440372 0.038211 -1.255121
v 0.440401 0.010144 -1.306645
v 0.438643 -0.017869 -1.358169
v 0.435104 -0.045713 -1.409693
v 0.429800 -0.073275 -1.461217
v 0.422752 -0.100444 -1.512740
v 0.413988 -0.127109 -1.564264
v 0.403545 -0.153161 -1.615788
v 0.391463 -0.178496 -1.667313
v 0.377793 -0.203010 -1.718836
v 0.362591 -0.226605 -1.770360
v 0.345916 -0.249183 -1.821884
v 0.327838 -0.270654 -1.873408
v 0.308430 -0.290930 -1.924932
v 0.287770 -0.309929 -1.976456
v 0.265942 -0.327574 -2.027980
v 0.243035 -0.343794 -2.079504
v 0.219142 -0.358523 -2.131028
v 0.194359 -0.371700 -2.182552
v 0.168788 -0.383272 -2.234076
v 0.142532 -0.393193 -2.285600
v 0.115698 -0.401422 -2.337124
v 0.088393 -0.407926 -2.388648
v 0.060731 -0.412678 -2.440172
v 0.032822 -0.415660 -2.491696
v 0.004779 -0.416858 -2.543220
v 0.007680 -0.412747 2.557648
v -0.020126 -0.412351 2.506124
v -0.047850 -0.410184 2.454600
v -0.075380 -0.406257 2.403076
v -0.102604 -0.400585 2.351552
v -0.129412 -0.393192 2.300029
v -0.155695 -0.384106 2.248505
v -0.181346 -0.373365 2.196981
v -0.206261 -0.361014 2.145457
v -0.230338 -0.347101 2.093933
v -0.253482 -0.331683 2.042409
v -0.275596 -0.314823 1.990886
v -0.296592 -0.296589 1.939362
v -0.316385 -0.277054 1.887838
v -0.334894 -0.256300 1.836314
v -0.352044 -0.234408 1.784790
v -0.367765 -0.211470 1.733266
v -0.381994 -0.187578 1.681742
v -0.394672 -0.162828 1.630219
v -0.405749 -0.137320 1.578695
v -0.415180 -0.111159 1.527171
v -0.422926 -0.084452 1.475647
v -0.428955 -0.057305 1.424123
v -0.433244 -0.029828 1.372599
v -0.435775 -0.002134 1.321075
v -0.436538 0.025663 1.269552
v -0.435528 0.053454 1.218028
v -0.432752 0.081123 1.166504
v -0.428219 0.108560 1.114980
v -0.421949 0.135653 1.063456
v -0.413967 0.162291 1.011932
v -0.404304 0.188367 0.960408
v -0.393001 0.213775 0.908884
v -0.380104 0.238412 0.857361
v -0.365663 0.262178 0.805837
v -0.349739 0.284977 0.754313
v -0.332396 0.306713 0.702789
v -0.313703 0.327303 0.651265
v -0.293738 0.346660 0.599741
v -0.272581 0.364708 0.548218
v -0.250318 0.381371 0.496694
v -0.227039 0.396583 0.445170
v -0.202838 0.410282 0.393646
v -0.177815 0.422413 0.342122
v -0.152069 0.432925 0.290598
v -0.125707 0.441777 0.239074
v -0.098835 0.448933 0.187550
v -0.071561 0.454363 0.136026
v -0.043997 0.458045 0.084502
v -0.016255 0.459965 0.032978
v 0.011554 0.460115 -0.018546
v 0.039315 0.458494 -0.070070
v 0.066917 0.455109 -0.121594
v 0.094247 0.449973 -0.173118
v 0.121195 0.443107 -0.224642
v 0.147651 0.434540 -0.276166
v 0.173508 0.424306 -0.327690
v 0.198661 0.412445 -0.379213
v 0.223008 0.399008 -0.430737
v 0.246450 0.384048 -0.482261
v 0.268891 0.367625 -0.533785
v 0.290242 0.349807 -0.585309
v 0.310414 0.330665 -0.636833
v 0.329327 0.310279 -0.688357
v 0.346904 0.288729 -0.739881
v 0.363073 0.266104 -0.791405
v 0.377768 0.242495 -0.842929
v 0.390931 0.217999 -0.894453
v 0.402507 0.192714 -0.945977
v 0.412450 0.166743 -0.997501
v 0.420719 0.140193 -1.049025
v 0.427281 0.113169 -1.100549
v 0.432108 0.085783 -1.152073
v 0.435183 0.058144 -1.203597
v 0.436491 0.030366 -1.255121
v 0.436028 0.002561 -1.306645
v 0.433796 -0.025158 -1.358169
v 0.429803 -0.052678 -1.409693
v 0.424067 -0.079889 -1.461217
v 0.416609 -0.106679 -1.512740
v 0.407461 -0.132940 -1.564264
v 0.396659 -0.158565 -1.615788
v 0.384248 -0.183451 -1.667313
v 0.370277 -0.207495 -1.718836
v 0.354804 -0.230602 -1.770360
v 0.337891 -0.252676 -1.821884
v 0.319607 -0.273629 -1.873408
v 0.300026 -0.293375 -1.924932
v 0.279227 -0.311834 -1.976456
v 0.257295 -0.328932 -2.027980
v 0.234319 -0.344598 -2.079504
v 0.210393 -0.358770 -2.131028
v 0.185612 -0.371390 -2.182552
v 0.160078 -0.382406 -2.234076
v 0.133895 -0.391774 -2.285600
v 0.107169 -0.399456 -2.337124
v 0.080007 -0.405421 -2.388648
v 0.052521 -0.409644 -2.440172
v 0.024821 -0.412109 -2.491696
v -0.002979 -0.412805 -2.543220
v 0.000527 -0.407704 2.557648
v -0.026944 -0.406863 2.506124
v -0.054305 -0.404274 2.454600
v -0.081445 -0.399947 2.403076
v -0.108255 -0.393901 2.351552
v -0.134626 -0.386162 2.300029
v -0.160451 -0.376758 2.248505
v -0.185624 -0.365730 2.196981
v -0.210044 -0.353121 2.145457
v -0.233612 -0.338983 2.093933
v -0.256231 -0.323373 2.042409
v -0.277811 -0.306354 1.990886
v -0.298264 -0.287996 1.939362
v -0.317506 -0.268374 1.887838
v -0.335460 -0.247566 1.836314
v -0.352052 -0.225657 1.784790
v -0.367216 -0.202736 1.733266
v -0.380890 -0.178894 1.681742
v -0.393018 -0.154233 1.630219
v -0.403551 -0.128847 1.578695
v -0.412447 -0.102845 1.527171
v -0.419669 -0.076326 1.475647
v -0.425188 -0.049404 1.424123
v -0.428981 -0.022184 1.372599
v -0.431034 0.005222 1.321075
v -0.431338 0.032704 1.269552
v -0.429891 0.060150 1.218028
v -0.426700 0.087447 1.166504
v -0.421777 0.114485 1.114980
v -0.415142 0.141156 1.063456
v -0.406823 0.167349 1.011932
v -0.396853 0.192960 0.960408
v -0.385273 0.217884 0.908884
v -0.372129 0.242021 0.857361
v -0.357476 0.265271 0.805837
v -0.341371 0.287542 0.754313
v -0.323881 0.308742 0.702789
v -0.305077 0.328785 0.651265
v -0.285035 0.347591 0.599741
v -0.263836 0.365081 0.548218
v -0.241567 0.381187 0.496694
v -0.218317 0.395842 0.445170
v -0.194182 0.408989 0.393646
v -0.169258 0.420570 0.342122
v -0.143647 0.430541 0.290598
v -0.117454 0.438861 0.239074
v -0.090784 0.445498 0.187550
v -0.063746 0.450422 0.136026
v -0.036449 0.453615 0.084502
v -0.009004 0.455063 0.032978
v 0.018478 0.454762 -0.018546
v 0.045885 0.452711 -0.070070
v 0.073105 0.448919 -0.121594
v 0.100029 0.443401 -0.173118
v 0.126546 0.436181 -0.224642
v 0.152551 0.427287 -0.276166
v 0.177936 0.416755 -0.327690
v 0.202599 0.404629 -0.379213
v 0.226440 0.390956 -0.430737
v 0.249362 0.375794 -0.482261
v 0.271272 0.359202 -0.533785
v 0.292082 0.341250 -0.585309
v 0.311706 0.322009 -0.636833
v 0.330065 0.301557 -0.688357
v 0.347085 0.279978 -0.739881
v 0.362696 0.257359 -0.791405
v 0.376836 0.233792 -0.842929
v 0.389446 0.209373 -0.894453
v 0.400476 0.184200 -0.945977
v 0.409881 0.158376 -0.997501
v 0.417622 0.132006 -1.049025
v 0.423669 0.105196 -1.100549
v 0.427997 0.078056 -1.152073
v 0.430587 0.050695 -1.203597
v 0.431431 0.023225 -1.255121
v 0.430523 -0.004243 -1.306645
v 0.427869 -0.031598 -1.358169
v 0.423478 -0.058728 -1.409693
v 0.417369 -0.085524 -1.461217
v 0.409566 -0.111876 -1.512740
v 0.400102 -0.137678 -1.564264
v 0.389013 -0.162825 -1.615788
v 0.376346 -0.187215 -1.667313
v 0.362152 -0.210749 -1.718836
v 0.346488 -0.233332 -1.770360
v 0.329418 -0.254871 -1.821884
v 0.311011 -0.275280 -1.873408
v 0.291342 -0.294475 -1.924932
v 0.270491 -0.312379 -1.976456
v 0.248542 -0.328920 -2.027980
v 0.225585 -0.344029 -2.079504
v 0.201712 -0.357646 -2.131028
v 0.177021 -0.369715 -2.182552
v 0.151612 -0.380188 -2.234076
v 0.125587 -0.389021 -2.285600
v 0.099052 -0.396180 -2.337124
v 0.072116 -0.401634 -2.388648
v 0.044886 -0.405363 -2.440172
v 0.017475 -0.407350 -2.491696
v -0.010007 -0.407588 -2.543220
v -0.005750 -0.401604 2.557648
v -0.032819 -0.400374 2.506124
v -0.059755 -0.397425 2.454600
v -0.086449 -0.392765 2.403076
v -0.112791 -0.386416 2.351552
v -0.138676 -0.378403 2.300029
v -0.163998 -0.368758 2.248505
v -0.188655 -0.357519 2.196981
v -0.212546 -0.344734 2.145457
v -0.235575 -0.330453 2.093933
v -0.257647 -0.314736 2.042409
v -0.278675 -0.297644 1.990886
v -0.298571 -0.279250 1.939362
v -0.317255 -0.259625 1.887838
v -0.334653 -0.238849 1.836314
v -0.350692 -0.217009 1.784790
v -0.365308 -0.194193 1.733266
v -0.378442 -0.170492 1.681742
v -0.390040 -0.146002 1.630219
v -0.400055 -0.120824 1.578695
v -0.408447 -0.095060 1.527171
v -0.415181 -0.068812 1.475647
v -0.420231 -0.042189 1.424123
v -0.423575 -0.015301 1.372599
v -0.425201 0.011747 1.321075
v -0.425101 0.038844 1.269552
v -0.423275 0.065880 1.218028
v -0.419733 0.092744 1.166504
v -0.414487 0.119330 1.114980
v -0.407559 0.145526 1.063456
v -0.398977 0.171228 1.011932
v -0.388776 0.196331 0.960408
v -0.376997 0.220734 0.908884
v -0.363689 0.244337 0.857361
v -0.348905 0.267047 0.805837
v -0.332704 0.288767 0.754313
v -0.315154 0.309413 0.702789
v -0.296325 0.328899 0.651265
v -0.276294 0.347148 0.599741
v -0.255141 0.364082 0.548218
v -0.232953 0.379636 0.496694
v -0.209819 0.393746 0.445170
v -0.185834 0.406355 0.393646
v -0.161095 0.417410 0.342122
v -0.135702 0.426869 0.290598
v -0.109759 0.434691 0.239074
v -0.083370 0.440845 0.187550
v -0.056643 0.445307 0.136026
v -0.029686 0.448058 0.084502
v -0.002608 0.449087 0.032978
v 0.024480 0.448391 -0.018546
v 0.051469 0.445970 -0.070070
v 0.078248 0.441837 -0.121594
v 0.104711 0.436006 -0.173118
v 0.130748 0.428503 -0.224642
v 0.156255 0.419357 -0.276166
v 0.181128 0.408605 -0.327690
v 0.205265 0.396292 -0.379213
v 0.228570 0.382467 -0.430737
v 0.250948 0.367186 -0.482261
v 0.272307 0.350511 -0.533785
v 0.292560 0.332510 -0.585309
v 0.311627 0.313256 -0.636833
v 0.329429 0.292827 -0.688357
v 0.345894 0.271307 -0.739881
v 0.360956 0.248781 -0.791405
v 0.374553 0.225343 -0.842929
v 0.386630 0.201085 -0.894453
v 0.397138 0.176109 -0.945977
v 0.406034 0.150514 -0.997501
v 0.413283 0.124405 -1.049025
v 0.418855 0.097886 -1.100549
v 0.422727 0.071067 -1.152073
v 0.424883 0.044056 -1.203597
v 0.425315 0.016963 -1.255121
v 0.424022 -0.010103 -1.306645
v 0.421008 -0.037032 -1.358169
v 0.416285 -0.063715 -1.409693
v 0.409873 -0.090042 -1.461217
v 0.401797 -0.115908 -1.512740
v 0.392092 -0.141207 -1.564264
v 0.380795 -0.165837 -1.615788
v 0.367953 -0.189697 -1.667313
v 0.353617 -0.212692 -1.718836
v 0.337847 -0.234727 -1.770360
v 0.320706 -0.255713 -1.821884
v 0.302263 -0.275566 -1.873408
v 0.282594 -0.294204 -1.924932
v 0.261778 -0.311551 -1.976456
v 0.239899 -0.327539 -2.027980
v 0.217048 -0.342100 -2.079504
v 0.193315 -0.355177 -2.131028
v 0.168798 -0.366717 -2.182552
v 0.143596 -0.376672 -2.234076
v 0.117811 -0.385003 -2.285600
v 0.091548 -0.391674 -2.337124
v 0.064914 -0.396660 -2.388648
v 0.038016 -0.399940 -2.440172
v 0.010964 -0.401501 -2.491696
v -0.016133 -0.401337 -2.543220
v -0.010995 -0.394596 2.557648
v -0.037607 -0.393047 2.506124
v -0.064067 -0.389808 2.454600
v -0.090267 -0.384889 2.403076
v -0.116100 -0.378313 2.351552
v -0.141463 -0.370106 2.300029
v -0.166251 -0.360299 2.248505
v -0.190364 -0.348934 2.196981
v -0.213705 -0.336058 2.145457
v -0.236179 -0.321721 2.093933
v -0.257695 -0.305983 2.042409
v -0.278165 -0.288906 1.990886
v -0.297506 -0.270562 1.939362
v -0.315639 -0.251022 1.887838
v -0.332492 -0.230368 1.836314
v -0.347996 -0.208682 1.784790
v -0.362087 -0.186055 1.733266
v -0.374709 -0.162574 1.681742
v -0.385811 -0.138339 1.630219
v -0.395347 -0.113445 1.578695
v -0.403278 -0.087995 1.527171
v -0.409573 -0.062092 1.475647
v -0.414206 -0.035841 1.424123
v -0.417159 -0.009348 1.372599
v -0.418418 0.017280 1.321075
v -0.417979 0.043934 1.269552
v -0.415845 0.070505 1.218028
v -0.412023 0.096887 1.166504
v -0.406528 0.122972 1.114980
v -0.399385 0.148656 1.063456
v -0.390620 0.173830 1.011932
v -0.380270 0.198397 0.960408
v -0.368378 0.222254 0.908885
v -0.354990 0.245305 0.857361
v -0.340162 0.267458 0.805837
v -0.323953 0.288622 0.754313
v -0.306430 0.308710 0.702789
v -0.287663 0.327643 0.651265
v -0.267729 0.345342 0.599741
v -0.246709 0.361735 0.548218
v -0.224687 0.376757 0.496694
v -0.201754 0.390348 0.445170
v -0.178002 0.402449 0.393646
v -0.153527 0.413014 0.342122
v -0.128430 0.421999 0.290598
v -0.102811 0.429368 0.239074
v -0.076775 0.435091 0.187550
v -0.050428 0.439144 0.136026
v -0.023876 0.441512 0.084502
v 0.002773 0.442185 0.032978
v 0.029411 0.441159 -0.018546
v 0.055929 0.438440 -0.070070
v 0.082221 0.434037 -0.121594
v 0.108178 0.427970 -0.173118
v 0.133697 0.420262 -0.224642
v 0.158673 0.410945 -0.276166
v 0.183005 0.400056 -0.327690
v 0.206595 0.387641 -0.379213
v 0.229346 0.373748 -0.430737
v 0.251167 0.358436 -0.482261
v 0.271968 0.341765 -0.533785
v 0.291666 0.323803 -0.585309
v 0.310180 0.304624 -0.636833
v 0.327436 0.284305 -0.688357
v 0.343362 0.262928 -0.739881
v 0.357896 0.240581 -0.791405
v 0.370977 0.217354 -0.842929
v 0.382552 0.193341 -0.894453
v 0.392575 0.168640 -0.945977
v 0.401005 0.143350 -0.997501
v 0.407808 0.117576 -1.049025
v 0.412956 0.091420 -1.100549
v 0.416428 0.064990 -1.152073
v 0.418211 0.038392 -1.203597
v 0.418296 0.011735 -1.255121
v 0.416684 -0.014874 -1.306645
v 0.413380 -0.041326 -1.358169
v 0.408400 -0.067514 -1.409693
v 0.401762 -0.093332 -1.461217
v 0.393494 -0.118674 -1.512740
v 0.383628 -0.143439 -1.564264
v 0.372207 -0.167526 -1.615788
v 0.359274 -0.190836 -1.667313
v 0.344884 -0.213276 -1.718836
v 0.329094 -0.234754 -1.770360
v 0.311969 -0.255183 -1.821884
v 0.293578 -0.274480 -1.873408
v 0.273996 -0.292567 -1.924932
v 0.253301 -0.309370 -1.976456
v 0.231579 -0.324822 -2.027980
v 0.208917 -0.338860 -2.079504
v 0.185407 -0.351426 -2.131028
v 0.161145 -0.362470 -2.182552
v 0.136229 -0.371946 -2.234076
v 0.110760 -0.379817 -2.285600
v 0.084841 -0.386050 -2.337124
v 0.058579 -0.390621 -2.388648
v 0.032078 -0.393510 -2.440172
v 0.005448 -0.394705 -2.491696
v -0.021205 -0.394203 -2.543220
v -0.015079 -0.386855 2.557648
v -0.041190 -0.385063 2.506124
v -0.067134 -0.381610 2.454600
v -0.092806 -0.376514 2.403076
v -0.118101 -0.369793 2.351552
v -0.142917 -0.361475 2.300029
v -0.167152 -0.351594 2.248505
v -0.190710 -0.340190 2.196981
v -0.213493 -0.327309 2.145457
v -0.235411 -0.313002 2.093933
v -0.256372 -0.297330 2.042409
v -0.276294 -0.280356 1.990886
v -0.295094 -0.262148 1.939362
v -0.312697 -0.242780 1.887838
v -0.329031 -0.222329 1.836314
v -0.344030 -0.200880 1.784790
v -0.357633 -0.178521 1.733266
v -0.369784 -0.155340 1.681742
v -0.380435 -0.131431 1.630219
v -0.389542 -0.106895 1.578695
v -0.397068 -0.081828 1.527171
v -0.402983 -0.056332 1.475647
v -0.407263 -0.030512 1.424123
v -0.409890 -0.004471 1.372599
v -0.410853 0.021684 1.321075
v -0.410150 0.047846 1.269552
v -0.407782 0.073912 1.218028
v -0.403759 0.099773 1.166504
v -0.398098 0.125326 1.114980
v -0.390822 0.150467 1.063456
v -0.381959 0.175094 1.011932
v -0.371546 0.199107 0.960408
v -0.359626 0.222406 0.908885
v -0.346247 0.244901 0.857361
v -0.331462 0.266497 0.805837
v -0.315332 0.287109 0.754313
v -0.297923 0.306652 0.702789
v -0.279304 0.325047 0.651265
v -0.259553 0.342219 0.599741
v -0.238747 0.358098 0.548218
v -0.216974 0.372620 0.496694
v -0.194319 0.385727 0.445170
v -0.170876 0.397365 0.393646
v -0.146740 0.407487 0.342122
v -0.122008 0.416051 0.290598
v -0.096781 0.423023 0.239074
v -0.071162 0.428375 0.187550
v -0.045253 0.432085 0.136026
v -0.019161 0.434138 0.084502
v 0.007009 0.434525 0.032978
v 0.033150 0.433245 -0.018546
v 0.059157 0.430304 -0.070070
v 0.084924 0.425712 -0.121594
v 0.110346 0.419489 -0.173118
v 0.135320 0.411661 -0.224642
v 0.159746 0.402258 -0.276166
v 0.183523 0.391319 -0.327690
v 0.206555 0.378888 -0.379213
v 0.228749 0.365016 -0.430737
v 0.250015 0.349759 -0.482261
v 0.270266 0.333179 -0.533785
v 0.289421 0.315343 -0.585309
v 0.307401 0.296324 -0.636833
v 0.324133 0.276199 -0.688357
v 0.339550 0.255049 -0.739881
v 0.353590 0.232961 -0.791405
v 0.366194 0.210023 -0.842929
v 0.377313 0.186329 -0.894453
v 0.386900 0.161976 -0.945977
v 0.394918 0.137061 -0.997501
v 0.401332 0.111687 -1.049025
v 0.406119 0.085956 -1.100549
v 0.409257 0.059972 -1.152073
v 0.410734 0.033841 -1.203597
v 0.410545 0.007669 -1.255121
v 0.408689 -0.018438 -1.306645
v 0.405175 -0.044374 -1.358169
v 0.400017 -0.070033 -1.409693
v 0.393236 -0.095312 -1.461217
v 0.384859 -0.120108 -1.512740
v 0.374920 -0.144320 -1.564264
v 0.363460 -0.167850 -1.615788
v 0.350525 -0.190603 -1.667313
v 0.336167 -0.212486 -1.718836
v 0.320445 -0.233411 -1.770360
v 0.303423 -0.253292 -1.821884
v 0.285170 -0.272049 -1.873408
v 0.265759 -0.289605 -1.924932
v 0.245270 -0.305890 -1.976456
v 0.223786 -0.320838 -2.027980
v 0.201393 -0.334387 -2.079504
v 0.178183 -0.346483 -2.131028
v 0.154250 -0.357077 -2.182552
v 0.129692 -0.366126 -2.234076
v 0.104607 -0.373592 -2.285600
v 0.079097 -0.379446 -2.337124
v 0.053266 -0.383664 -2.388648
v 0.027220 -0.386229 -2.440172
v 0.001063 -0.387130 -2.491696
v -0.025099 -0.386364 -2.543220
v -0.017902 -0.378570 2.557648
v -0.043480 -0.376614 2.506124
v -0.068881 -0.373033 2.454600
v -0.094003 -0.367842 2.403076
v -0.118744 -0.361064 2.351552
v -0.143003 -0.352722 2.300029
v -0.166681 -0.342853 2.248505
v -0.189683 -0.331497 2.196981
v -0.211915 -0.318698 2.145457
v -0.233287 -0.304511 2.093933
v -0.253713 -0.288992 2.042409
v -0.273109 -0.272204 1.990886
v -0.291397 -0.254214 1.939362
v -0.308502 -0.235097 1.887838
v -0.324355 -0.214929 1.836314
v -0.338892 -0.193793 1.784790
v -0.352054 -0.171775 1.733266
v -0.363788 -0.148964 1.681742
v -0.374045 -0.125450 1.630219
v -0.382784 -0.101333 1.578695
v -0.389970 -0.076707 1.527171
v -0.395573 -0.051674 1.475647
v -0.399571 -0.026334 1.424123
v -0.401948 -0.000793 1.372599
v -0.402693 0.024850 1.321075
v -0.401805 0.050486 1.269552
v -0.399286 0.076016 1.218028
v -0.395146 0.101332 1.166504
v -0.389403 0.126334 1.114980
v -0.382080 0.150918 1.063456
v -0.373207 0.174987 1.011932
v -0.362819 0.198443 0.960408
v -0.350959 0.221188 0.908885
v -0.337674 0.243133 0.857361
v -0.323019 0.264187 0.805837
v -0.307054 0.284267 0.754313
v -0.289842 0.303289 0.702789
v -0.271454 0.321175 0.651265
v -0.251965 0.337855 0.599741
v -0.231453 0.353260 0.548218
v -0.210002 0.367328 0.496694
v -0.187699 0.380002 0.445170
v -0.164634 0.391230 0.393646
v -0.140901 0.400966 0.342122
v -0.116596 0.409172 0.290598
v -0.091818 0.415814 0.239074
v -0.066668 0.420864 0.187550
v -0.041247 0.424303 0.136026
v -0.015658 0.426117 0.084502
v 0.009994 0.426297 0.032978
v 0.035605 0.424844 -0.018546
v 0.061072 0.421763 -0.070070
v 0.086291 0.417067 -0.121594
v 0.111160 0.410775 -0.173118
v 0.135578 0.402912 -0.224642
v 0.159446 0.393510 -0.276166
v 0.182667 0.382608 -0.327690
v 0.205146 0.370250 -0.379213
v 0.226793 0.356485 -0.430737
v 0.247520 0.341370 -0.482261
v 0.267242 0.324966 -0.533785
v 0.285879 0.307339 -0.585309
v 0.303357 0.288562 -0.636833
v 0.319604 0.268710 -0.688357
v 0.334553 0.247863 -0.739881
v 0.348145 0.226108 -0.791405
v 0.360324 0.203530 -0.842929
v 0.371042 0.180224 -0.894453
v 0.380253 0.156282 -0.945977
v 0.387921 0.131802 -0.997501
v 0.394015 0.106884 -1.049025
v 0.398510 0.081628 -1.100549
v 0.401388 0.056138 -1.152073
v 0.402638 0.030516 -1.203597
v 0.402253 0.004866 -1.255121
v 0.400236 -0.020707 -1.306645
v 0.396595 -0.046101 -1.358169
v 0.391344 -0.071210 -1.409693
v 0.384506 -0.095934 -1.461217
v 0.376107 -0.120173 -1.512740
v 0.366181 -0.143828 -1.564264
v 0.354770 -0.166803 -1.615788
v 0.341919 -0.189004 -1.667313
v 0.327681 -0.210343 -1.718836
v 0.312113 -0.230731 -1.770360
v 0.295278 -0.250087 -1.821884
v 0.277245 -0.268332 -1.873408
v 0.258087 -0.285391 -1.924932
v 0.237882 -0.301197 -1.976456
v 0.216712 -0.315683 -2.027980
v 0.194662 -0.328793 -2.079504
v 0.171822 -0.340472 -2.131028
v 0.148285 -0.350673 -2.182552
v 0.124146 -0.359354 -2.234076
v 0.099503 -0.366481 -2.285600
v 0.074456 -0.372025 -2.337124
v 0.049108 -0.375963 -2.388648
v 0.023560 -0.378278 -2.440172
v -0.002084 -0.378963 -2.491696
v -0.027719 -0.378013 -2.543220
v -0.019394 -0.369945 2.557648
v -0.044420 -0.367912 2.506124
v -0.069265 -0.364289 2.454600
v -0.093830 -0.359091 2.403076
v -0.118014 -0.352341 2.351552
v -0.141718 -0.344063 2.300029
v -0.164848 -0.334294 2.248505
v -0.187309 -0.323072 2.196981
v -0.209009 -0.310443 2.145457
v -0.229862 -0.296456 2.093933
v -0.249781 -0.281171 2.042409
v -0.268688 -0.264649 1.990886
v -0.286503 -0.246957 1.939362
v -0.303156 -0.228166 1.887838
v -0.318579 -0.208353 1.836314
v -0.332709 -0.187599 1.784790
v -0.345489 -0.165986 1.733266
v -0.356867 -0.143603 1.681742
v -0.366797 -0.120542 1.630219
v -0.375239 -0.096897 1.578695
v -0.382157 -0.072760 1.527171
v -0.387525 -0.048231 1.475647
v -0.391321 -0.023413 1.424123
v -0.393528 0.001598 1.372599
v -0.394138 0.026699 1.321075
v -0.393149 0.051788 1.269552
v -0.390565 0.076763 1.218028
v -0.386396 0.101523 1.166504
v -0.380658 0.125966 1.114980
v -0.373376 0.149995 1.063456
v -0.364579 0.173513 1.011932
v -0.354303 0.196421 0.960408
v -0.342588 0.218629 0.908884
v -0.329484 0.240046 0.857361
v -0.315042 0.260585 0.805837
v -0.299322 0.280165 0.754313
v -0.282387 0.298701 0.702789
v -0.264307 0.316123 0.651265
v -0.245154 0.332358 0.599741
v -0.225006 0.347341 0.548218
v -0.203945 0.361010 0.496694
v -0.182056 0.373311 0.445170
v -0.159428 0.384193 0.393646
v -0.136154 0.393613 0.342122
v -0.112327 0.401531 0.290598
v -0.088044 0.407917 0.239074
v -0.063404 0.412743 0.187550
v -0.038507 0.415990 0.136026
v -0.013453 0.417646 0.084502
v 0.011655 0.417704 0.032978
v 0.036716 0.416162 -0.018546
v 0.061628 0.413028 -0.070070
v 0.086290 0.408314 -0.121594
v 0.110601 0.402040 -0.173118
v 0.134464 0.394230 -0.224642
v 0.157782 0.384917 -0.276166
v 0.180459 0.374138 -0.327690
v 0.202403 0.361938 -0.379213
v 0.223526 0.348364 -0.430737
v 0.243743 0.333474 -0.482261
v 0.262970 0.317326 -0.533785
v 0.281130 0.299987 -0.585309
v 0.298149 0.281527 -0.636833
v 0.313958 0.262021 -0.688357
v 0.328493 0.241548 -0.739881
v 0.341695 0.220191 -0.791405
v 0.353511 0.198036 -0.842929
v 0.363892 0.175174 -0.894453
v 0.372796 0.151698 -0.945977
v 0.380188 0.127702 -0.997501
v 0.386037 0.103285 -1.049025
v 0.390319 0.078544 -1.100549
v 0.393017 0.053582 -1.152073
v 0.394121 0.028498 -1.203597
v 0.393625 0.003394 -1.255121
v 0.391532 -0.021627 -1.306645
v 0.387850 -0.046464 -1.358169
v 0.382594 -0.071015 -1.409693
v 0.375785 -0.095183 -1.461217
v 0.367452 -0.118868 -1.512740
v 0.357627 -0.141974 -1.564264
v 0.346351 -0.164408 -1.615788
v 0.333670 -0.186079 -1.667313
v 0.319634 -0.206898 -1.718836
v 0.304302 -0.226781 -1.770360
v 0.287735 -0.245648 -1.821884
v 0.270000 -0.263421 -1.873408
v 0.251169 -0.280030 -1.924932
v 0.231320 -0.295405 -1.976456
v 0.210531 -0.309486 -2.027980
v 0.188888 -0.322214 -2.079504
v 0.166479 -0.333539 -2.131028
v 0.143394 -0.343414 -2.182552
v 0.119727 -0.351799 -2.234076
v 0.095574 -0.358660 -2.285600
v 0.071034 -0.363969 -2.337124
v 0.046205 -0.367705 -2.388648
v 0.021189 -0.369853 -2.440172
v -0.003913 -0.370403 -2.491696
v -0.029000 -0.369355 -2.543220
v -0.019519 -0.361193 2.557648
v -0.043987 -0.359170 2.506124
v -0.068277 -0.355593 2.454600
v -0.092290 -0.350475 2.403076
v -0.115928 -0.343840 2.351552
v -0.139095 -0.335713 2.300029
v -0.161699 -0.326127 2.248505
v -0.183646 -0.315122 2.196981
v -0.204848 -0.302743 2.145457
v -0.225218 -0.289038 2.093933
v -0.244675 -0.274062 2.042409
v -0.263139 -0.257881 1.990886
v -0.280535 -0.240555 1.939362
v -0.296793 -0.222158 1.887838
v -0.311846 -0.202762 1.836314
v -0.325634 -0.182447 1.784790
v -0.338100 -0.161296 1.733266
v -0.349194 -0.139392 1.681742
v -0.358872 -0.116829 1.630219
v -0.367093 -0.093695 1.578695
v -0.373824 -0.070084 1.527171
v -0.379038 -0.046091 1.475647
v -0.382715 -0.021817 1.424123
v -0.384838 0.002643 1.372599
v -0.385399 0.027188 1.321075
v -0.384397 0.051720 1.269552
v -0.381835 0.076137 1.218028
v -0.377723 0.100342 1.166504
v -0.372078 0.124236 1.114980
v -0.364924 0.147724 1.063456
v -0.356289 0.170706 1.011932
v -0.346208 0.193092 0.960408
v -0.334722 0.214792 0.908884
v -0.321877 0.235716 0.857361
v -0.307727 0.255781 0.805837
v -0.292327 0.274902 0.754313
v -0.275742 0.293006 0.702789
v -0.258037 0.310015 0.651265
v -0.239286 0.325863 0.599741
v -0.219563 0.340486 0.548218
v -0.198950 0.353823 0.496694
v -0.177529 0.365820 0.445170
v -0.155388 0.376429 0.393646
v -0.132616 0.385608 0.342122
v -0.109306 0.393317 0.290598
v -0.085552 0.399526 0.239074
v -0.061451 0.404211 0.187550
v -0.037101 0.407351 0.136026
v -0.012600 0.408935 0.084502
v 0.011952 0.408956 0.032978
v 0.036455 0.407413 -0.018546
v 0.060810 0.404314 -0.070070
v 0.084919 0.399670 -0.121594
v 0.108683 0.393500 -0.173118
v 0.132006 0.385830 -0.224642
v 0.154793 0.376691 -0.276166
v 0.176953 0.366119 -0.327690
v 0.198394 0.354157 -0.379213
v 0.219030 0.340855 -0.430737
v 0.238777 0.326266 -0.482261
v 0.257555 0.310449 -0.533785
v 0.275288 0.293469 -0.585309
v 0.291904 0.275394 -0.636833
v 0.307336 0.256298 -0.688357
v 0.321520 0.236258 -0.739881
v 0.334399 0.215356 -0.791405
v 0.345922 0.193675 -0.842929
v 0.356041 0.171306 -0.894453
v 0.364715 0.148337 -0.945977
v 0.371909 0.124863 -0.997501
v 0.377593 0.100978 -1.049025
v 0.381746 0.076780 -1.100549
v 0.384349 0.052366 -1.152073
v 0.385393 0.027837 -1.203597
v 0.384873 0.003291 -1.255121
v 0.382791 -0.021173 -1.306645
v 0.379155 -0.045454 -1.358169
v 0.373981 -0.069455 -1.409693
v 0.367289 -0.093077 -1.461217
v 0.359107 -0.116225 -1.512740
v 0.349468 -0.138806 -1.564264
v 0.338410 -0.160727 -1.615788
v 0.325980 -0.181899 -1.667313
v 0.312226 -0.202237 -1.718836
v 0.297205 -0.221658 -1.770360
v 0.280979 -0.240083 -1.821884
v 0.263612 -0.257438 -1.873408
v 0.245175 -0.273651 -1.924932
v 0.225744 -0.288659 -1.976456
v 0.205396 -0.302398 -2.027980
v 0.184215 -0.314814 -2.079504
v 0.162286 -0.325856 -2.131028
v 0.139699 -0.335479 -2.182552
v 0.116545 -0.343645 -2.234076
v 0.092918 -0.350320 -2.285600
v 0.068914 -0.355477 -2.337124
v 0.044630 -0.359095 -2.388648
v 0.020165 -0.361160 -2.440172
v -0.004382 -0.361663 -2.491696
v -0.028911 -0.360602 -2.543220
v -0.018272 -0.352531 2.557648
v -0.042192 -0.350603 2.506124
v -0.065940 -0.347158 2.454600
v -0.089420 -0.342207 2.403076
v -0.112538 -0.335770 2.351552
v -0.135199 -0.327875 2.300029
v -0.157311 -0.318554 2.248505
v -0.178785 -0.307844 2.196981
v -0.199533 -0.295788 2.145457
v -0.219472 -0.282436 2.093933
v -0.238520 -0.267840 2.042409
v -0.256600 -0.252062 1.990886
v -0.273639 -0.235165 1.939362
v -0.289567 -0.217218 1.887838
v -0.304320 -0.198291 1.836314
v -0.317839 -0.178465 1.784790
v -0.330067 -0.157818 1.733266
v -0.340957 -0.136434 1.681742
v -0.350462 -0.114401 1.630219
v -0.358546 -0.091807 1.578695
v -0.365174 -0.068744 1.527171
v -0.370321 -0.045306 1.475647
v -0.373965 -0.021587 1.424123
v -0.376091 0.002315 1.372599
v -0.376691 0.026304 1.321075
v -0.375763 0.050284 1.269552
v -0.373310 0.074154 1.218028
v -0.369341 0.097820 1.166504
v -0.363874 0.121186 1.114980
v -0.356931 0.144157 1.063456
v -0.348539 0.166637 1.011932
v -0.338733 0.188539 0.960408
v -0.327552 0.209772 0.908884
v -0.315042 0.230249 0.857361
v -0.301253 0.249889 0.805837
v -0.286242 0.268611 0.754313
v -0.270069 0.286339 0.702789
v -0.252801 0.303002 0.651265
v -0.234507 0.318531 0.599741
v -0.215261 0.332864 0.548218
v -0.195141 0.345942 0.496694
v -0.174230 0.357713 0.445170
v -0.152611 0.368128 0.393646
v -0.130373 0.377147 0.342122
v -0.107606 0.384730 0.290598
v -0.084403 0.390849 0.239074
v -0.060857 0.395478 0.187550
v -0.037064 0.398599 0.136026
v -0.013121 0.400198 0.084502
v 0.010876 0.400269 0.032978
v 0.034828 0.398813 -0.018546
v 0.058640 0.395835 -0.070070
v 0.082213 0.391346 -0.121594
v 0.105452 0.385366 -0.173118
v 0.128264 0.377918 -0.224642
v 0.150555 0.369032 -0.276166
v 0.172235 0.358746 -0.327690
v 0.193217 0.347100 -0.379213
v 0.213414 0.334142 -0.430737
v 0.232745 0.319924 -0.482261
v 0.251132 0.304504 -0.533785
v 0.268499 0.287945 -0.585309
v 0.284777 0.270313 -0.636833
v 0.299900 0.251681 -0.688357
v 0.313805 0.232124 -0.739881
v 0.326437 0.211721 -0.791405
v 0.337744 0.190555 -0.842929
v 0.347681 0.168712 -0.894453
v 0.356207 0.146282 -0.945977
v 0.363287 0.123353 -0.997501
v 0.368893 0.100021 -1.049025
v 0.373002 0.076378 -1.100549
v 0.375598 0.052522 -1.152073
v 0.376669 0.028550 -1.203597
v 0.376212 0.004557 -1.255121
v 0.374228 -0.019357 -1.306645
v 0.370726 -0.043097 -1.358169
v 0.365719 -0.066566 -1.409693
v 0.359228 -0.089668 -1.461217
v 0.351279 -0.112310 -1.512740
v 0.341905 -0.134400 -1.564264
v 0.331143 -0.155848 -1.615788
v 0.319038 -0.176567 -1.667313
v 0.305638 -0.196474 -1.718836
v 0.290998 -0.215488 -1.770360
v 0.275176 -0.233530 -1.821884
v 0.258238 -0.250529 -1.873408
v 0.240253 -0.266414 -1.924932
v 0.221292 -0.281122 -1.976456
v 0.201433 -0.294593 -2.027980
v 0.180757 -0.306773 -2.079504
v 0.159347 -0.317611 -2.131028
v 0.137291 -0.327064 -2.182552
v 0.114677 -0.335094 -2.234076
v 0.091599 -0.341667 -2.285600
v 0.068148 -0.346758 -2.337124
v 0.044421 -0.350345 -2.388648
v 0.020514 -0.352414 -2.440172
v -0.003477 -0.352957 -2.491696
v -0.027453 -0.351972 -2.543220
v -0.015686 -0.344168 2.557648
v -0.039078 -0.342423 2.506124
v -0.062312 -0.339192 2.454600
v -0.085293 -0.334488 2.403076
v -0.107927 -0.328330 2.351552
v -0.130124 -0.320745 2.300029
v -0.151792 -0.311760 2.248505
v -0.172845 -0.301416 2.196981
v -0.193196 -0.289750 2.145457
v -0.212763 -0.276815 2.093933
v -0.231467 -0.262657 2.042409
v -0.249231 -0.247340 1.990886
v -0.265984 -0.230920 1.939362
v -0.281658 -0.213468 1.887838
v -0.296188 -0.195054 1.836314
v -0.309517 -0.175753 1.784790
v -0.321590 -0.155640 1.733266
v -0.332358 -0.134801 1.681742
v -0.341777 -0.113318 1.630219
v -0.349809 -0.091278 1.578695
v -0.356422 -0.068774 1.527171
v -0.361588 -0.045893 1.475647
v -0.365287 -0.022729 1.424123
v -0.367504 0.000624 1.372599
v -0.368229 0.024069 1.321075
v -0.367460 0.047513 1.269552
v -0.365200 0.070861 1.218028
v -0.361458 0.094019 1.166504
v -0.356249 0.116890 1.114980
v -0.349594 0.139382 1.063456
v -0.341521 0.161408 1.011932
v -0.332062 0.182872 0.960408
v -0.321256 0.203692 0.908884
v -0.309145 0.223781 0.857361
v -0.295781 0.243059 0.805837
v -0.281216 0.261445 0.754313
v -0.265509 0.278868 0.702789
v -0.248726 0.295255 0.651265
v -0.230933 0.310541 0.599741
v -0.212203 0.324662 0.548218
v -0.192612 0.337563 0.496694
v -0.172239 0.349191 0.445170
v -0.151167 0.359496 0.393646
v -0.129482 0.368439 0.342122
v -0.107271 0.375984 0.290598
v -0.084626 0.382099 0.239074
v -0.061636 0.386760 0.187550
v -0.038397 0.389948 0.136026
v -0.015001 0.391650 0.084502
v 0.008455 0.391858 0.032978
v 0.031877 0.390573 -0.018546
v 0.055169 0.387799 -0.070070
v 0.078238 0.383548 -0.121594
v 0.100989 0.377836 -0.173118
v 0.123330 0.370688 -0.224642
v 0.145171 0.362131 -0.276166
v 0.166423 0.352202 -0.327690
v 0.186999 0.340939 -0.379213
v 0.206817 0.328389 -0.430737
v 0.225795 0.314603 -0.482261
v 0.243857 0.299637 -0.533785
v 0.260929 0.283550 -0.585309
v 0.276943 0.266410 -0.636833
v 0.291833 0.248284 -0.688357
v 0.305538 0.229248 -0.739881
v 0.318004 0.209377 -0.791405
v 0.329179 0.188753 -0.842929
v 0.339018 0.167459 -0.894453
v 0.347482 0.145582 -0.945977
v 0.354536 0.123211 -0.997501
v 0.360150 0.100436 -1.049025
v 0.364304 0.077350 -1.100549
v 0.366979 0.054045 -1.152073
v 0.368165 0.030618 -1.203597
v 0.367856 0.007163 -1.255121
v 0.366055 -0.016225 -1.306645
v 0.362769 -0.039450 -1.358169
v 0.358010 -0.062420 -1.409693
v 0.351799 -0.085040 -1.461217
v 0.344160 -0.107218 -1.512740
v 0.335125 -0.128865 -1.564264
v 0.324729 -0.149893 -1.615788
v 0.313016 -0.170216 -1.667313
v 0.300032 -0.189752 -1.718836
v 0.285831 -0.208422 -1.770360
v 0.270471 -0.226150 -1.821884
v 0.254012 -0.242864 -1.873408
v 0.236523 -0.258496 -1.924932
v 0.218074 -0.272983 -1.976456
v 0.198740 -0.286265 -2.027980
v 0.178599 -0.298290 -2.079504
v 0.157734 -0.309008 -2.131028
v 0.136229 -0.318376 -2.182552
v 0.114171 -0.326356 -2.234076
v 0.091649 -0.332915 -2.285600
v 0.068756 -0.338026 -2.337124
v 0.045584 -0.341670 -2.388648
v 0.022226 -0.343831 -2.440172
v -0.001221 -0.344500 -2.491696
v -0.024664 -0.343676 -2.543220
v -0.011824 -0.336314 2.557648
v -0.034724 -0.334830 2.506124
v -0.057483 -0.331893 2.454600
v -0.080009 -0.327510 2.403076
v -0.102209 -0.321703 2.351552
v -0.123996 -0.314495 2.300029
v -0.145279 -0.305914 2.248505
v -0.165972 -0.295996 2.196981
v -0.185992 -0.284779 2.145457
v -0.205257 -0.272312 2.093933
v -0.223689 -0.258642 2.042409
v -0.241214 -0.243826 1.990886
v -0.257760 -0.227925 1.939362
v -0.273259 -0.211003 1.887838
v -0.287650 -0.193128 1.836314
v -0.300874 -0.174373 1.784790
v -0.312876 -0.154816 1.733266
v -0.323609 -0.134533 1.681742
v -0.333029 -0.113608 1.630219
v -0.341097 -0.092125 1.578695
v -0.347781 -0.070171 1.527171
v -0.353054 -0.047839 1.475647
v -0.356894 -0.025214 1.424123
v -0.359286 -0.002391 1.372599
v -0.360220 0.020537 1.321075
v -0.359692 0.043480 1.269552
v -0.357705 0.066341 1.218028
v -0.354266 0.089029 1.166504
v -0.349389 0.111453 1.114980
v -0.343095 0.133520 1.063456
v -0.335408 0.155142 1.011932
v -0.326360 0.176231 0.960408
v -0.315988 0.196701 0.908884
v -0.304334 0.216469 0.857361
v -0.291444 0.235455 0.805837
v -0.277372 0.253583 0.754313
v -0.262174 0.270776 0.702789
v -0.245913 0.286967 0.651265
v -0.228653 0.302090 0.599741
v -0.210466 0.316084 0.548218
v -0.191425 0.328891 0.496694
v -0.171606 0.340460 0.445170
v -0.151092 0.350743 0.393646
v -0.129964 0.359700 0.342122
v -0.108309 0.367293 0.290598
v -0.086214 0.373493 0.239074
v -0.063770 0.378271 0.187550
v -0.041066 0.381612 0.136026
v -0.018196 0.383501 0.084502
v 0.004748 0.383929 0.032978
v 0.027672 0.382896 -0.018546
v 0.050484 0.380406 -0.070070
v 0.073092 0.376468 -0.121594
v 0.095402 0.371098 -0.173118
v 0.117326 0.364319 -0.224642
v 0.138774 0.356158 -0.276166
v 0.159658 0.346648 -0.327690
v 0.179894 0.335827 -0.379213
v 0.199401 0.323740 -0.430737
v 0.218098 0.310435 -0.482261
v 0.235911 0.295967 -0.533785
v 0.252765 0.280394 -0.585309
v 0.268595 0.263780 -0.636833
v 0.283334 0.246192 -0.688357
v 0.296923 0.227700 -0.739881
v 0.309308 0.208381 -0.791405
v 0.320437 0.188313 -0.842929
v 0.330267 0.167577 -0.894453
v 0.338755 0.146257 -0.945977
v 0.345869 0.124440 -0.997501
v 0.351580 0.102214 -1.049025
v 0.355864 0.079669 -1.100549
v 0.358704 0.056898 -1.152073
v 0.360088 0.033992 -1.203597
v 0.360011 0.011044 -1.255121
v 0.358473 -0.011852 -1.306645
v 0.355481 -0.034604 -1.358169
v 0.351045 -0.057119 -1.409693
v 0.345186 -0.079306 -1.461217
v 0.337925 -0.101075 -1.512740
v 0.329293 -0.122337 -1.564264
v 0.319325 -0.143007 -1.615788
v 0.308062 -0.163000 -1.667313
v 0.295547 -0.182236 -1.718836
v 0.281834 -0.200636 -1.770360
v 0.266977 -0.218125 -1.821884
v 0.251037 -0.234632 -1.873408
v 0.234078 -0.250092 -1.924932
v 0.216169 -0.264440 -1.976456
v 0.197383 -0.277619 -2.027980
v 0.177795 -0.289575 -2.079504
v 0.157487 -0.300259 -2.131028
v 0.136539 -0.309629 -2.182552
v 0.115037 -0.317646 -2.234076
v 0.093068 -0.324278 -2.285600
v 0.070722 -0.329497 -2.337124
v 0.048089 -0.333284 -2.388648
v 0.025260 -0.335621 -2.440172
v 0.002329 -0.336500 -2.491696
v -0.020611 -0.335918 -2.543220
v -0.006781 -0.329161 2.557648
v -0.029235 -0.328013 2.506124
v -0.051571 -0.325437 2.454600
v -0.073698 -0.321446 2.403076
v -0.095525 -0.316052 2.351552
v -0.116965 -0.309281 2.300029
v -0.137931 -0.301158 2.248505
v -0.158336 -0.291717 2.196981
v -0.178099 -0.280995 2.145457
v -0.197140 -0.269038 2.093933
v -0.215380 -0.255893 2.042409
v -0.232746 -0.241612 1.990886
v -0.249168 -0.226255 1.939362
v -0.264579 -0.209883 1.887838
v -0.278916 -0.192562 1.836314
v -0.292121 -0.174365 1.784790
v -0.304141 -0.155363 1.733266
v -0.314926 -0.135635 1.681742
v -0.324434 -0.115261 1.630219
v -0.332625 -0.094323 1.578695
v -0.339466 -0.072904 1.527171
v -0.344930 -0.051094 1.475647
v -0.348994 -0.028982 1.424123
v -0.351642 -0.006655 1.372599
v -0.352863 0.015797 1.321075
v -0.352652 0.038279 1.269552
v -0.351010 0.060703 1.218028
v -0.347943 0.082977 1.166504
v -0.343465 0.105010 1.114980
v -0.337592 0.126713 1.063456
v -0.330350 0.147999 1.011932
v -0.321768 0.168780 0.960408
v -0.311879 0.188974 0.908884
v -0.300725 0.208495 0.857361
v -0.288351 0.227267 0.805837
v -0.274806 0.245215 0.754313
v -0.260146 0.262261 0.702789
v -0.244431 0.278341 0.651265
v -0.227724 0.293387 0.599741
v -0.210093 0.307339 0.548218
v -0.191609 0.320140 0.496694
v -0.172347 0.331739 0.445170
v -0.152386 0.342087 0.393646
v -0.131807 0.351143 0.342122
v -0.110693 0.358871 0.290598
v -0.089130 0.365239 0.239074
v -0.067205 0.370221 0.187550
v -0.045007 0.373797 0.136026
v -0.022627 0.375952 0.084502
v -0.000154 0.376678 0.032978
v 0.022318 0.375972 -0.018546
v 0.044701 0.373836 -0.070070
v 0.066901 0.370280 -0.121594
v 0.088831 0.365317 -0.173118
v 0.110400 0.358968 -0.224642
v 0.131520 0.351259 -0.276166
v 0.152108 0.342220 -0.327690
v 0.172078 0.331889 -0.379213
v 0.191349 0.320308 -0.430737
v 0.209844 0.307523 -0.482261
v 0.227488 0.293586 -0.533785
v 0.244208 0.278555 -0.585309
v 0.259938 0.262489 -0.636833
v 0.274612 0.245454 -0.688357
v 0.288173 0.227519 -0.739881
v 0.300563 0.208758 -0.791405
v 0.311734 0.189246 -0.842929
v 0.321641 0.169062 -0.894453
v 0.330242 0.148288 -0.945977
v 0.337502 0.127009 -0.997501
v 0.343394 0.105310 -1.049025
v 0.347891 0.083281 -1.100549
v 0.350977 0.061010 -1.152073
v 0.352639 0.038587 -1.203597
v 0.352870 0.016105 -1.255121
v 0.351668 -0.006347 -1.306645
v 0.349040 -0.028677 -1.358169
v 0.344995 -0.050794 -1.409693
v 0.339551 -0.072609 -1.461217
v 0.332728 -0.094032 -1.512740
v 0.324555 -0.114978 -1.564264
v 0.315065 -0.135361 -1.615788
v 0.304297 -0.155099 -1.667313
v 0.292294 -0.174110 -1.718836
v 0.279104 -0.192319 -1.770360
v 0.264782 -0.209652 -1.821884
v 0.249386 -0.226037 -1.873408
v 0.232977 -0.241408 -1.924932
v 0.215623 -0.255704 -1.976456
v 0.197395 -0.268866 -2.027980
v 0.178365 -0.280840 -2.079504
v 0.158611 -0.291579 -2.131028
v 0.138214 -0.301038 -2.182552
v 0.117255 -0.309179 -2.234076
v 0.095821 -0.315969 -2.285600
v 0.073998 -0.321381 -2.337124
v 0.051875 -0.325392 -2.388648
v 0.029541 -0.327987 -2.440172
v 0.007088 -0.329154 -2.491696
v -0.015394 -0.328889 -2.543220
v -0.000680 -0.322883 2.557648
v -0.022748 -0.322137 2.506124
v -0.044723 -0.319986 2.454600
v -0.066516 -0.316443 2.403076
v -0.088040 -0.311516 2.351552
v -0.109206 -0.305231 2.300029
v -0.129929 -0.297610 2.248505
v -0.150125 -0.288685 2.196981
v -0.169712 -0.278493 2.145457
v -0.188610 -0.267074 2.093933
v -0.206742 -0.254475 2.042409
v -0.224036 -0.240748 1.990886
v -0.240421 -0.225947 1.939362
v -0.255830 -0.210132 1.887838
v -0.270200 -0.193369 1.836314
v -0.283475 -0.175726 1.784790
v -0.295599 -0.157272 1.733266
v -0.306523 -0.138085 1.681742
v -0.316204 -0.118240 1.630219
v -0.324601 -0.097818 1.578695
v -0.331681 -0.076904 1.527171
v -0.337415 -0.055582 1.475647
v -0.341780 -0.033939 1.424123
v -0.344758 -0.012061 1.372599
v -0.346337 0.009963 1.321075
v -0.346511 0.032042 1.269552
v -0.345279 0.054087 1.218028
v -0.342645 0.076011 1.166504
v -0.338621 0.097720 1.114980
v -0.333223 0.119130 1.063456
v -0.326472 0.140153 1.011932
v -0.318397 0.160703 0.960408
v -0.309030 0.180698 0.908884
v -0.298408 0.200054 0.857361
v -0.286576 0.218696 0.805837
v -0.273581 0.236548 0.754313
v -0.259475 0.253534 0.702789
v -0.244317 0.269589 0.651265
v -0.228167 0.284645 0.599741
v -0.211092 0.298643 0.548218
v -0.193159 0.311526 0.496694
v -0.174443 0.323240 0.445170
v -0.155019 0.333739 0.393646
v -0.134966 0.342980 0.342122
v -0.114365 0.350926 0.290598
v -0.093300 0.357544 0.239074
v -0.071857 0.362807 0.187550
v -0.050122 0.366694 0.136026
v -0.028183 0.369189 0.084502
v -0.006130 0.370283 0.032978
v 0.015947 0.369970 -0.018546
v 0.037960 0.368252 -0.070070
v 0.059819 0.365136 -0.121594
v 0.081436 0.360635 -0.173118
v 0.102721 0.354766 -0.224642
v 0.123590 0.347554 -0.276166
v 0.143958 0.339028 -0.327690
v 0.163741 0.329223 -0.379213
v 0.182860 0.318178 -0.430737
v 0.201236 0.305937 -0.482261
v 0.218796 0.292552 -0.533785
v 0.235469 0.278076 -0.585309
v 0.251185 0.262567 -0.636833
v 0.265883 0.246090 -0.688357
v 0.279501 0.228710 -0.739881
v 0.291985 0.210498 -0.791405
v 0.303285 0.191528 -0.842929
v 0.313353 0.171878 -0.894453
v 0.322150 0.151626 -0.945977
v 0.329640 0.130855 -0.997501
v 0.335792 0.109650 -1.049025
v 0.340581 0.088095 -1.100549
v 0.343989 0.066280 -1.152073
v 0.346000 0.044292 -1.203597
v 0.346608 0.022220 -1.255121
v 0.345808 0.000155 -1.306645
v 0.343606 -0.021815 -1.358169
v 0.340009 -0.043600 -1.409693
v 0.335033 -0.065112 -1.461217
v 0.328696 -0.086263 -1.512740
v 0.321026 -0.106968 -1.564264
v 0.312054 -0.127143 -1.615788
v 0.301815 -0.146705 -1.667313
v 0.290351 -0.165576 -1.718836
v 0.277709 -0.183679 -1.770360
v 0.263940 -0.200940 -1.821884
v 0.249100 -0.217289 -1.873408
v 0.233249 -0.232660 -1.924932
v 0.216451 -0.246991 -1.976456
v 0.198776 -0.260223 -2.027980
v 0.180293 -0.272303 -2.079504
v 0.161079 -0.283181 -2.131028
v 0.141212 -0.292815 -2.182552
v 0.120771 -0.301163 -2.234076
v 0.099840 -0.308194 -2.285600
v 0.078504 -0.313877 -2.337124
v 0.056849 -0.318190 -2.388648
v 0.034964 -0.321116 -2.440172
v 0.012937 -0.322643 -2.491696
v -0.009143 -0.322764 -2.543220
v 0.006327 -0.317638 2.557648
v -0.015421 -0.317349 2.506124
v -0.037106 -0.315676 2.454600
v -0.058640 -0.312624 2.403076
v -0.079937 -0.308208 2.351552
v -0.100909 -0.302445 2.300029
v -0.121471 -0.295358 2.248505
v -0.141541 -0.286976 2.196981
v -0.161036 -0.277335 2.145457
v -0.179878 -0.266471 2.093933
v -0.197990 -0.254428 2.042409
v -0.215298 -0.241258 1.990886
v -0.231733 -0.227012 1.939362
v -0.247227 -0.211749 1.887838
v -0.261718 -0.195531 1.836314
v -0.275148 -0.178423 1.784790
v -0.287460 -0.160493 1.733266
v -0.298606 -0.141816 1.681742
v -0.308540 -0.122469 1.630219
v -0.317223 -0.102527 1.578695
v -0.324618 -0.082074 1.527171
v -0.330695 -0.061190 1.475647
v -0.335431 -0.039962 1.424123
v -0.338805 -0.018477 1.372599
v -0.340805 0.003180 1.321075
v -0.341422 0.024922 1.269552
v -0.340653 0.046657 1.218028
v -0.338502 0.068300 1.166504
v -0.334977 0.089763 1.114980
v -0.330093 0.110957 1.063456
v -0.323869 0.131796 1.011932
v -0.316331 0.152197 0.960408
v -0.307510 0.172077 0.908884
v -0.297440 0.191356 0.857361
v -0.286164 0.209953 0.805837
v -0.273726 0.227795 0.754313
v -0.260178 0.244810 0.702789
v -0.245573 0.260927 0.651265
v -0.229973 0.276081 0.599741
v -0.213439 0.290211 0.548218
v -0.196038 0.303260 0.496694
v -0.177843 0.315175 0.445170
v -0.158925 0.325907 0.393646
v -0.139363 0.335412 0.342122
v -0.119235 0.343653 0.290598
v -0.098623 0.350596 0.239074
v -0.077612 0.356212 0.187550
v -0.056285 0.360479 0.136026
v -0.034729 0.363379 0.084502
v -0.013033 0.364901 0.032978
v 0.008716 0.365039 -0.018546
v 0.030430 0.363792 -0.070070
v 0.052020 0.361164 -0.121594
v 0.073399 0.357167 -0.173118
v 0.094480 0.351817 -0.224642
v 0.115178 0.345136 -0.276166
v 0.135409 0.337151 -0.327690
v 0.155090 0.327893 -0.379213
v 0.174141 0.317402 -0.430737
v 0.192486 0.305718 -0.482261
v 0.210050 0.292890 -0.533785
v 0.226762 0.278970 -0.585309
v 0.242553 0.264014 -0.636833
v 0.257360 0.248083 -0.688357
v 0.271123 0.231242 -0.739881
v 0.283785 0.213559 -0.791405
v 0.295296 0.195105 -0.842929
v 0.305609 0.175955 -0.894453
v 0.314681 0.156189 -0.945977
v 0.322476 0.135884 -0.997501
v 0.328963 0.115124 -1.049025
v 0.334115 0.093994 -1.100549
v 0.337911 0.072578 -1.152073
v 0.340336 0.050964 -1.203597
v 0.341379 0.029240 -1.255121
v 0.341038 0.007493 -1.306645
v 0.339312 -0.014188 -1.358169
v 0.336210 -0.035715 -1.409693
v 0.331743 -0.057001 -1.461217
v 0.325930 -0.077959 -1.512740
v 0.318794 -0.098505 -1.564264
v 0.310365 -0.118555 -1.615788
v 0.300676 -0.138027 -1.667313
v 0.289767 -0.156843 -1.718836
v 0.277682 -0.174926 -1.770360
v 0.264471 -0.192203 -1.821884
v 0.250186 -0.208604 -1.873408
v 0.234886 -0.224062 -1.924932
v 0.218632 -0.238514 -1.976456
v 0.201492 -0.251902 -2.027980
v 0.183534 -0.264172 -2.079504
v 0.164831 -0.275273 -2.131028
v 0.145459 -0.285162 -2.182552
v 0.125497 -0.293796 -2.234076
v 0.105026 -0.301142 -2.285600
v 0.084128 -0.307170 -2.337124
v 0.062889 -0.311855 -2.388648
v 0.041395 -0.315179 -2.440172
v 0.019733 -0.317126 -2.491696
v -0.002009 -0.317691 -2.543220
v 0.014068 -0.313554 2.557648
v -0.007435 -0.313765 2.506124
v -0.028908 -0.312607 2.454600
v -0.050264 -0.310084 2.403076
v -0.071416 -0.306207 2.351552
v -0.092278 -0.300990 2.300029
v -0.112765 -0.294457 2.248505
v -0.132795 -0.286631 2.196981
v -0.152286 -0.277546 2.145457
v -0.171159 -0.267238 2.093933
v -0.189338 -0.255751 2.042409
v -0.206748 -0.243128 1.990886
v -0.223319 -0.229423 1.939362
v -0.238984 -0.214691 1.887838
v -0.253679 -0.198991 1.836314
v -0.267345 -0.182387 1.784790
v -0.279926 -0.164948 1.733266
v -0.291371 -0.146742 1.681742
v -0.301633 -0.127844 1.630219
v -0.310672 -0.108333 1.578695
v -0.318449 -0.088283 1.527171
v -0.324935 -0.067781 1.475647
v -0.330102 -0.046907 1.424123
v -0.333929 -0.025746 1.372599
v -0.336402 -0.004383 1.321075
v -0.337509 0.017091 1.269552
v -0.337247 0.038594 1.218028
v -0.335616 0.060037 1.166504
v -0.332623 0.081331 1.114980
v -0.328280 0.102393 1.063456
v -0.322606 0.123134 1.011932
v -0.315622 0.143473 0.960408
v -0.307357 0.163326 0.908884
v -0.297845 0.182612 0.857361
v -0.287125 0.201253 0.805837
v -0.275239 0.219174 0.754313
v -0.262236 0.236302 0.702789
v -0.248169 0.252568 0.651265
v -0.233096 0.267904 0.599741
v -0.217076 0.282250 0.548218
v -0.200175 0.295547 0.496694
v -0.182462 0.307740 0.445170
v -0.164009 0.318781 0.393646
v -0.144890 0.328625 0.342122
v -0.125183 0.337232 0.290598
v -0.104968 0.344566 0.239074
v -0.084327 0.350598 0.187550
v -0.063344 0.355304 0.136026
v -0.042104 0.358665 0.084502
v -0.020693 0.360666 0.032978
v 0.000802 0.361300 -0.018546
v 0.022294 0.360564 -0.070070
v 0.043695 0.358461 -0.121594
v 0.064919 0.355000 -0.173118
v 0.085879 0.350194 -0.224642
v 0.106491 0.344064 -0.276166
v 0.126671 0.336633 -0.327690
v 0.146337 0.327933 -0.379213
v 0.165409 0.317999 -0.430737
v 0.183810 0.306870 -0.482261
v 0.201465 0.294592 -0.533785
v 0.218302 0.281216 -0.585309
v 0.234253 0.266794 -0.636833
v 0.249254 0.251386 -0.688357
v 0.263244 0.235054 -0.739881
v 0.276165 0.217864 -0.791405
v 0.287965 0.199887 -0.842929
v 0.298597 0.181195 -0.894453
v 0.308017 0.161863 -0.945977
v 0.316187 0.141972 -0.997501
v 0.323075 0.121600 -1.049025
v 0.328651 0.100831 -1.100549
v 0.332893 0.079750 -1.152073
v 0.335785 0.058441 -1.203597
v 0.337314 0.036991 -1.255121
v 0.337474 0.015487 -1.306645
v 0.336264 -0.005983 -1.358169
v 0.333690 -0.027333 -1.409693
v 0.329762 -0.048475 -1.461217
v 0.324496 -0.069325 -1.512740
v 0.317913 -0.089797 -1.564264
v 0.310040 -0.109808 -1.615788
v 0.300909 -0.129277 -1.667313
v 0.290557 -0.148126 -1.718836
v 0.279025 -0.166277 -1.770360
v 0.266362 -0.183657 -1.821884
v 0.252617 -0.200195 -1.873408
v 0.237847 -0.215825 -1.924932
v 0.222112 -0.230483 -1.976456
v 0.205476 -0.244109 -2.027980
v 0.188006 -0.256648 -2.079504
v 0.169773 -0.268050 -2.131028
v 0.150851 -0.278267 -2.182552
v 0.131317 -0.287259 -2.234076
v 0.111250 -0.294989 -2.285600
v 0.090732 -0.301426 -2.337124
v 0.069845 -0.306543 -2.388648
v 0.048675 -0.310320 -2.440172
v 0.027308 -0.312741 -2.491696
v 0.005829 -0.313797 -2.543220
v 0.022353 -0.310731 2.557648
v 0.001013 -0.311477 2.506124
v -0.020331 -0.310860 2.454600
v -0.041593 -0.308888 2.403076
v -0.062687 -0.305564 2.351552
v -0.083525 -0.300905 2.300029
v -0.104025 -0.294927 2.248505
v -0.124103 -0.287659 2.196981
v -0.143677 -0.279125 2.145457
v -0.162668 -0.269363 2.093933
v -0.180999 -0.258411 2.042409
v -0.198595 -0.246313 1.990886
v -0.215386 -0.233121 1.939362
v -0.231302 -0.218886 1.887838
v -0.246280 -0.203668 1.836314
v -0.260258 -0.187526 1.784790
v -0.273181 -0.170527 1.733266
v -0.284995 -0.152738 1.681742
v -0.295652 -0.134236 1.630219
v -0.305109 -0.115090 1.578695
v -0.313329 -0.095383 1.527171
v -0.320277 -0.075190 1.475647
v -0.325925 -0.054598 1.424123
v -0.330251 -0.033687 1.372599
v -0.333236 -0.012545 1.321075
v -0.334869 0.008746 1.269552
v -0.335144 0.030099 1.218028
v -0.334058 0.051423 1.166504
v -0.331617 0.072636 1.114980
v -0.327830 0.093651 1.063456
v -0.322713 0.114382 1.011932
v -0.316286 0.134746 0.960408
v -0.308575 0.154658 0.908884
v -0.299613 0.174039 0.857361
v -0.289434 0.192811 0.805837
v -0.278081 0.210896 0.754313
v -0.265600 0.228222 0.702789
v -0.252041 0.244718 0.651265
v -0.237459 0.260317 0.599741
v -0.221914 0.274956 0.548218
v -0.205468 0.288575 0.496694
v -0.188188 0.301120 0.445170
v -0.170144 0.312539 0.393646
v -0.151410 0.322786 0.342122
v -0.132062 0.331820 0.290598
v -0.112177 0.339603 0.239074
v -0.091838 0.346104 0.187550
v -0.071126 0.351298 0.136026
v -0.050125 0.355162 0.084502
v -0.028921 0.357681 0.032978
v -0.007599 0.358844 -0.018546
v 0.013753 0.358648 -0.070070
v 0.035050 0.357093 -0.121594
v 0.056204 0.354185 -0.173118
v 0.077131 0.349936 -0.224642
v 0.097744 0.344363 -0.276166
v 0.117961 0.337489 -0.327690
v 0.137699 0.329342 -0.379213
v 0.156878 0.319955 -0.430737
v 0.175420 0.309365 -0.482261
v 0.193251 0.297617 -0.533785
v 0.210298 0.284757 -0.585309
v 0.226491 0.270837 -0.636833
v 0.241765 0.255916 -0.688357
v 0.256058 0.240051 -0.739881
v 0.269312 0.223309 -0.791405
v 0.281473 0.205757 -0.842929
v 0.292491 0.187466 -0.894453
v 0.302323 0.168511 -0.945977
v 0.310928 0.148968 -0.997501
v 0.318272 0.128917 -1.049025
v 0.324323 0.108440 -1.100549
v 0.329059 0.087618 -1.152073
v 0.332459 0.066537 -1.203597
v 0.334510 0.045282 -1.255121
v 0.335204 0.023940 -1.306645
v 0.334538 0.002598 -1.358169
v 0.332514 -0.018659 -1.409693
v 0.329140 -0.039745 -1.461217
v 0.324431 -0.060572 -1.512740
v 0.318406 -0.081058 -1.564264
v 0.311088 -0.101118 -1.615788
v 0.302508 -0.120672 -1.667313
v 0.292700 -0.139640 -1.718836
v 0.281705 -0.157944 -1.770360
v 0.269566 -0.175512 -1.821884
v 0.256334 -0.192271 -1.873408
v 0.242061 -0.208153 -1.924932
v 0.226806 -0.223095 -1.976456
v 0.210631 -0.237035 -2.027980
v 0.193601 -0.249917 -2.079504
v 0.175785 -0.261688 -2.131028
v 0.157256 -0.272301 -2.182552
v 0.138089 -0.281713 -2.234076
v 0.118361 -0.289885 -2.285600
v 0.098153 -0.296785 -2.337124
v 0.077547 -0.302384 -2.388648
v 0.056626 -0.306660 -2.440172
v 0.035475 -0.309595 -2.491696
v 0.014181 -0.311177 -2.543220
vn -0.0927 0.9957 -0.0000
vn -0.1086 0.7197 0.6857
vn 0.0051 0.7015 0.7126
vn 0.0639 0.9951 0.0751
vn 0.1109 0.6656 0.7380
vn 0.2169 0.9651 0.1471
vn 0.2062 0.6151 0.7610
vn 0.3606 0.9080 0.2136
vn 0.2896 0.5533 0.7810
vn 0.4906 0.8277 0.2724
vn 0.3607 0.4830 0.7979
vn 0.6040 0.7288 0.3225
vn 0.4197 0.4067 0.8115
vn 0.6994 0.6155 0.3633
vn 0.4671 0.3262 0.8219
vn 0.7763 0.4915 0.3947
vn 0.5035 0.2428 0.8292
vn 0.8346 0.3600 0.4170
vn 0.5296 0.1574 0.8335
vn 0.8747 0.2234 0.4302
vn 0.5457 0.0704 0.8350
vn 0.8967 0.0834 0.4346
vn 0.5520 -0.0178 0.8336
vn 0.9008 -0.0582 0.4303
vn 0.5483 -0.1070 0.8294
vn 0.8865 -0.1999 0.4173
vn 0.5341 -0.1969 0.8222
vn 0.8534 -0.3399 0.3952
vn 0.5085 -0.2867 0.8119
vn 0.8007 -0.4759 0.3638
vn 0.4707 -0.3754 0.7984
vn 0.7279 -0.6048 0.3231
vn 0.4197 -0.4615 0.7816
vn 0.6346 -0.7230 0.2730
vn 0.3546 -0.5424 0.7616
vn 0.5217 -0.8258 0.2141
vn 0.2751 -0.6154 0.7386
vn 0.3911 -0.9085 0.1475
vn 0.1818 -0.6769 0.7133
vn 0.2463 -0.9663 0.0753
vn 0.0763 -0.7234 0.6862
vn 0.0926 -0.9957 -0.0000
vn -0.0389 -0.7515 0.6586
vn -0.0639 -0.9951 -0.0753
vn -0.1600 -0.7588 0.6314
vn -0.2167 -0.9650 -0.1475
vn -0.2829 -0.7438 0.6056
vn -0.3604 -0.9079 -0.2141
vn -0.4031 -0.7061 0.5822
vn -0.4904 -0.8277 -0.2730
vn -0.5160 -0.6468 0.5616
vn -0.6038 -0.7287 -0.3231
vn -0.6178 -0.5673 0.5445
vn -0.6992 -0.6154 -0.3638
vn -0.7047 -0.4705 0.5311
vn -0.7761 -0.4915 -0.3952
vn -0.7740 -0.3594 0.5214
vn -0.8345 -0.3600 -0.4173
vn -0.8233 -0.2375 0.5155
vn -0.8746 -0.2234 -0.4303
vn -0.8511 -0.1087 0.5136
vn -0.8967 -0.0834 -0.4346
vn -0.8566 0.0229 0.5155
vn -0.9009 0.0582 -0.4302
vn -0.8395 0.1533 0.5213
vn -0.8867 0.1999 -0.4170
vn -0.8004 0.2782 0.5310
vn -0.8536 0.3399 -0.3947
vn -0.7407 0.3938 0.5444
vn -0.8010 0.4759 -0.3633
vn -0.6622 0.4962 0.5615
vn -0.7281 0.6049 -0.3225
vn -0.5679 0.5822 0.5819
vn -0.6348 0.7231 -0.2724
vn -0.4611 0.6488 0.6053
vn -0.5218 0.8259 -0.2135
vn -0.3461 0.6943 0.6310
vn -0.3912 0.9085 -0.1471
vn -0.2271 0.7179 0.6581
vn -0.2464 0.9663 -0.0751
vn -0.0082 0.7278 -0.6857
vn 0.1090 0.7450 -0.6581
vn 0.2302 0.7409 -0.6310
vn 0.3511 0.7144 -0.6053
vn 0.4671 0.6657 -0.5819
vn 0.5740 0.5960 -0.5615
vn 0.6679 0.5075 -0.5444
vn 0.7454 0.4030 -0.5310
vn 0.8040 0.2859 -0.5213
vn 0.8418 0.1600 -0.5155
vn 0.8576 0.0292 -0.5136
vn 0.8507 -0.1024 -0.5155
vn 0.8216 -0.2306 -0.5213
vn 0.7711 -0.3514 -0.5310
vn 0.7008 -0.4609 -0.5445
vn 0.6131 -0.5556 -0.5616
vn 0.5112 -0.6323 -0.5821
vn 0.3986 -0.6888 -0.6056
vn 0.2797 -0.7233 -0.6313
vn 0.1589 -0.7355 -0.6586
vn 0.0408 -0.7263 -0.6862
vn -0.0709 -0.6973 -0.7133
vn -0.1728 -0.6516 -0.7386
vn -0.2630 -0.5923 -0.7616
vn -0.3402 -0.5228 -0.7816
vn -0.4044 -0.4461 -0.7984
vn -0.4559 -0.3646 -0.8119
vn -0.4956 -0.2800 -0.8222
vn -0.5240 -0.1936 -0.8294
vn -0.5420 -0.1061 -0.8336
vn -0.5500 -0.0180 -0.8350
vn -0.5480 0.0704 -0.8335
vn -0.5359 0.1589 -0.8292
vn -0.5133 0.2470 -0.8219
vn -0.4795 0.3341 -0.8115
vn -0.4335 0.4189 -0.7979
vn -0.3746 0.4997 -0.7810
vn -0.3022 0.5741 -0.7610
vn -0.2162 0.6392 -0.7380
vn -0.1176 0.6916 -0.7126
vn -0.0926 0.9957 -0.0000
vn -0.0763 0.7234 0.6862
vn 0.0389 0.7515 0.6586
vn 0.0639 0.9951 -0.0753
vn 0.1600 0.7588 0.6314
vn 0.2167 0.9650 -0.1475
vn 0.2829 0.7438 0.6056
vn 0.3604 0.9079 -0.2141
vn 0.4031 0.7061 0.5821
vn 0.4904 0.8277 -0.2730
vn 0.5160 0.6468 0.5616
vn 0.6038 0.7287 -0.3231
vn 0.6178 0.5674 0.5445
vn 0.6992 0.6154 -0.3638
vn 0.7047 0.4705 0.5311
vn 0.7761 0.4914 -0.3952
vn 0.7740 0.3594 0.5214
vn 0.8345 0.3600 -0.4172
vn 0.8233 0.2375 0.5155
vn 0.8746 0.2234 -0.4303
vn 0.8511 0.1088 0.5136
vn 0.8967 0.0834 -0.4346
vn 0.8566 -0.0229 0.5155
vn 0.9009 -0.0582 -0.4302
vn 0.8395 -0.1533 0.5213
vn 0.8867 -0.1999 -0.4169
vn 0.8004 -0.2782 0.5310
vn 0.8536 -0.3399 -0.3947
vn 0.7406 -0.3938 0.5444
vn 0.8010 -0.4759 -0.3633
vn 0.6622 -0.4962 0.5615
vn 0.7281 -0.6049 -0.3225
vn 0.5679 -0.5821 0.5819
vn 0.6348 -0.7230 -0.2724
vn 0.4611 -0.6488 0.6053
vn 0.5218 -0.8259 -0.2135
vn 0.3461 -0.6943 0.6310
vn 0.3912 -0.9085 -0.1471
vn 0.2271 -0.7179 0.6581
vn 0.2464 -0.9663 -0.0751
vn 0.1086 -0.7197 0.6857
vn -0.0052 -0.7015 0.7127
vn -0.0639 -0.9951 0.0751
vn -0.1109 -0.6656 0.7380
vn -0.2169 -0.9651 0.1471
vn -0.2061 -0.6152 0.7610
vn -0.3605 -0.9080 0.2135
vn -0.2896 -0.5533 0.7810
vn -0.4906 -0.8277 0.2724
vn -0.3607 -0.4830 0.7979
vn -0.6040 -0.7288 0.3225
vn -0.4197 -0.4067 0.8115
vn -0.6994 -0.6155 0.3633
vn -0.4670 -0.3262 0.8219
vn -0.7763 -0.4915 0.3947
vn -0.5035 -0.2428 0.8292
vn -0.8346 -0.3600 0.4170
vn -0.5296 -0.1574 0.8335
vn -0.8747 -0.2234 0.4302
vn -0.5458 -0.0704 0.8350
vn -0.8967 -0.0834 0.4346
vn -0.5520 0.0178 0.8336
vn -0.9008 0.0582 0.4303
vn -0.5483 0.1070 0.8294
vn -0.8865 0.1999 0.4173
vn -0.5341 0.1969 0.8222
vn -0.8534 0.3399 0.3952
vn -0.5085 0.2867 0.8119
vn -0.8008 0.4758 0.3638
vn -0.4708 0.3755 0.7984
vn -0.7279 0.6048 0.3231
vn -0.4197 0.4615 0.7816
vn -0.6346 0.7230 0.2730
vn -0.3546 0.5424 0.7616
vn -0.5217 0.8258 0.2141
vn -0.2751 0.6154 0.7386
vn -0.3911 0.9085 0.1475
vn -0.1818 0.6769 0.7132
vn -0.2463 0.9663 0.0753
vn -0.0407 0.7262 -0.6862
vn 0.0709 0.6973 -0.7132
vn 0.1728 0.6516 -0.7386
vn 0.2629 0.5923 -0.7616
vn 0.3402 0.5228 -0.7816
vn 0.4044 0.4461 -0.7984
vn 0.4560 0.3646 -0.8119
vn 0.4956 0.2800 -0.8222
vn 0.5240 0.1936 -0.8294
vn 0.5420 0.1061 -0.8336
vn 0.5500 0.0180 -0.8350
vn 0.5480 -0.0704 -0.8335
vn 0.5359 -0.1589 -0.8292
vn 0.5133 -0.2470 -0.8219
vn 0.4795 -0.3340 -0.8115
vn 0.4335 -0.4188 -0.7979
vn 0.3746 -0.4997 -0.7811
vn 0.3022 -0.5741 -0.7610
vn 0.2162 -0.6392 -0.7380
vn 0.1176 -0.6916 -0.7126
vn 0.0083 -0.7278 -0.6857
vn -0.1090 -0.7450 -0.6581
vn -0.2302 -0.7409 -0.6310
vn -0.3511 -0.7144 -0.6053
vn -0.4671 -0.6657 -0.5819
vn -0.5740 -0.5961 -0.5615
vn -0.6679 -0.5075 -0.5444
vn -0.7454 -0.4030 -0.5310
vn -0.8040 -0.2859 -0.5213
vn -0.8418 -0.1600 -0.5155
vn -0.8575 -0.0292 -0.5136
vn -0.8507 0.1024 -0.5155
vn -0.8216 0.2306 -0.5214
vn -0.7710 0.3514 -0.5311
vn -0.7008 0.4609 -0.5445
vn -0.6131 0.5556 -0.5616
vn -0.5112 0.6323 -0.5821
vn -0.3986 0.6887 -0.6056
vn -0.2797 0.7233 -0.6313
vn -0.1589 0.7355 -0.6586
vn 0.2450 -0.6489 0.7203
vn 0.1297 -0.6775 0.7240
vn 0.0242 -0.7032 0.7106
vn -0.0710 -0.7257 0.6843
vn -0.1568 -0.7452 0.6481
vn -0.2342 -0.7619 0.6038
vn -0.3045 -0.7761 0.5522
vn -0.3683 -0.7880 0.4934
vn -0.4262 -0.7976 0.4269
vn -0.4780 -0.8050 0.3515
vn -0.5226 -0.8100 0.2661
vn -0.5581 -0.8123 0.1695
vn -0.5815 -0.8113 0.0605
vn -0.5882 -0.8064 -0.0602
vn -0.5732 -0.7971 -0.1901
vn -0.5311 -0.7833 -0.3231
vn -0.4597 -0.7658 -0.4497
vn -0.3607 -0.7468 -0.5587
vn -0.2424 -0.7280 -0.6413
vn -0.1156 -0.7102 -0.6945
vn 0.0098 -0.6936 -0.7203
vn 0.1275 -0.6779 -0.7240
vn 0.2350 -0.6632 -0.7106
vn 0.3319 -0.6493 -0.6843
vn 0.4189 -0.6360 -0.6481
vn 0.4970 -0.6232 -0.6038
vn 0.5676 -0.6106 -0.5523
vn 0.6313 -0.5983 -0.4934
vn 0.6887 -0.5860 -0.4269
vn 0.7396 -0.5740 -0.3515
vn 0.7830 -0.5623 -0.2661
vn 0.8169 -0.5514 -0.1694
vn 0.8382 -0.5419 -0.0605
vn 0.8427 -0.5349 0.0602
vn 0.8253 -0.5317 0.1901
vn 0.7812 -0.5342 0.3231
vn 0.7082 -0.5443 0.4496
vn 0.6092 -0.5628 0.5587
vn 0.4922 -0.5886 0.6413
vn 0.3677 -0.6186 0.6944
vn -0.1297 0.6775 0.7240
vn -0.0242 0.7032 0.7106
vn 0.0710 0.7257 0.6843
vn 0.1568 0.7452 0.6481
vn 0.2342 0.7619 0.6038
vn 0.3045 0.7761 0.5522
vn 0.3683 0.7880 0.4934
vn 0.4262 0.7976 0.4269
vn 0.4780 0.8050 0.3515
vn 0.5226 0.8100 0.2661
vn 0.5581 0.8123 0.1695
vn 0.5815 0.8113 0.0605
vn 0.5882 0.8065 -0.0602
vn 0.5732 0.7971 -0.1901
vn 0.5312 0.7832 -0.3231
vn 0.4597 0.7658 -0.4497
vn 0.3607 0.7469 -0.5587
vn 0.2424 0.7280 -0.6413
vn 0.1156 0.7102 -0.6944
vn -0.0098 0.6936 -0.7203
vn -0.1275 0.6779 -0.7240
vn -0.2350 0.6632 -0.7106
vn -0.3319 0.6493 -0.6843
vn -0.4189 0.6360 -0.6481
vn -0.4971 0.6232 -0.6038
vn -0.5676 0.6107 -0.5522
vn -0.6313 0.5983 -0.4934
vn -0.6888 0.5860 -0.4269
vn -0.7396 0.5740 -0.3515
vn -0.7830 0.5623 -0.2661
vn -0.8169 0.5514 -0.1694
vn -0.8382 0.5419 -0.0605
vn -0.8427 0.5349 0.0602
vn -0.8253 0.5317 0.1901
vn -0.7812 0.5342 0.3231
vn -0.7083 0.5442 0.4497
vn -0.6092 0.5628 0.5587
vn -0.4921 0.5886 0.6413
vn -0.3677 0.6186 0.6944
vn -0.2450 0.6490 0.7203
vn 0.4791 -0.5016 0.7203
vn 0.3842 -0.5729 0.7240
vn 0.2972 -0.6378 0.7106
vn 0.2183 -0.6958 0.6843
vn 0.1470 -0.7472 0.6481
vn 0.0823 -0.7929 0.6038
vn 0.0232 -0.8334 0.5522
vn -0.0310 -0.8692 0.4934
vn -0.0805 -0.9007 0.4268
vn -0.1253 -0.9278 0.3515
vn -0.1644 -0.9498 0.2661
vn -0.1962 -0.9658 0.1694
vn -0.2181 -0.9740 0.0605
vn -0.2262 -0.9722 -0.0602
vn -0.2160 -0.9577 -0.1900
vn -0.1828 -0.9286 -0.3230
vn -0.1237 -0.8846 -0.4497
vn -0.0402 -0.8284 -0.5587
vn 0.0615 -0.7648 -0.6413
vn 0.1713 -0.6989 -0.6944
vn 0.2801 -0.6346 -0.7203
vn 0.3824 -0.5742 -0.7240
vn 0.4756 -0.5186 -0.7106
vn 0.5593 -0.4679 -0.6843
vn 0.6341 -0.4217 -0.6481
vn 0.7011 -0.3793 -0.6038
vn 0.7611 -0.3402 -0.5522
vn 0.8150 -0.3039 -0.4934
vn 0.8630 -0.2702 -0.4268
vn 0.9051 -0.2392 -0.3515
vn 0.9404 -0.2115 -0.2661
vn 0.9674 -0.1882 -0.1695
vn 0.9834 -0.1712 -0.0605
vn 0.9848 -0.1629 0.0602
vn 0.9675 -0.1669 0.1900
vn 0.9278 -0.1863 0.3231
vn 0.8646 -0.2241 0.4497
vn 0.7807 -0.2799 0.5587
vn 0.6831 -0.3494 0.6413
vn 0.5802 -0.4256 0.6944
vn -0.3842 0.5730 0.7240
vn -0.2972 0.6378 0.7106
vn -0.2183 0.6958 0.6843
vn -0.1470 0.7472 0.6481
vn -0.0822 0.7929 0.6038
vn -0.0231 0.8334 0.5522
vn 0.0310 0.8692 0.4934
vn 0.0806 0.9007 0.4268
vn 0.1253 0.9278 0.3515
vn 0.1644 0.9498 0.2661
vn 0.1962 0.9658 0.1694
vn 0.2182 0.9740 0.0605
vn 0.2262 0.9722 -0.0602
vn 0.2160 0.9577 -0.1900
vn 0.1828 0.9286 -0.3231
vn 0.1237 0.8846 -0.4497
vn 0.0401 0.8284 -0.5587
vn -0.0615 0.7648 -0.6413
vn -0.1713 0.6989 -0.6944
vn -0.2801 0.6346 -0.7203
vn -0.3824 0.5742 -0.7240
vn -0.4756 0.5186 -0.7106
vn -0.5593 0.4679 -0.6843
vn -0.6341 0.4217 -0.6481
vn -0.7011 0.3793 -0.6038
vn -0.7611 0.3402 -0.5522
vn -0.8150 0.3039 -0.4934
vn -0.8630 0.2702 -0.4268
vn -0.9051 0.2392 -0.3515
vn -0.9404 0.2115 -0.2662
vn -0.9674 0.1882 -0.1694
vn -0.9834 0.1711 -0.0605
vn -0.9848 0.1630 0.0602
vn -0.9675 0.1668 0.1901
vn -0.9278 0.1864 0.3231
vn -0.8646 0.2241 0.4497
vn -0.7807 0.2799 0.5587
vn -0.6831 0.3495 0.6413
vn -0.5802 0.4256 0.6944
vn -0.4791 0.5015 0.7203
vn 0.6371 -0.2743 0.7203
vn 0.5775 -0.3772 0.7240
vn 0.5228 -0.4709 0.7106
vn 0.4729 -0.5551 0.6843
vn 0.4274 -0.6303 0.6481
vn 0.3856 -0.6976 0.6038
vn 0.3470 -0.7580 0.5523
vn 0.3112 -0.8122 0.4934
vn 0.2779 -0.8606 0.4269
vn 0.2473 -0.9029 0.3515
vn 0.2199 -0.9385 0.2661
vn 0.1969 -0.9657 0.1694
vn 0.1800 -0.9818 0.0605
vn 0.1718 -0.9833 -0.0602
vn 0.1756 -0.9659 -0.1901
vn 0.1947 -0.9261 -0.3231
vn 0.2319 -0.8626 -0.4496
vn 0.2869 -0.7782 -0.5587
vn 0.3555 -0.6799 -0.6413
vn 0.4308 -0.5764 -0.6944
vn 0.5058 -0.4746 -0.7203
vn 0.5763 -0.3790 -0.7240
vn 0.6404 -0.2914 -0.7106
vn 0.6977 -0.2120 -0.6843
vn 0.7485 -0.1403 -0.6481
vn 0.7936 -0.0751 -0.6038
vn 0.8335 -0.0157 -0.5522
vn 0.8689 0.0388 -0.4934
vn 0.9000 0.0886 -0.4268
vn 0.9266 0.1336 -0.3515
vn 0.9483 0.1729 -0.2662
vn 0.9640 0.2049 -0.1694
vn 0.9721 0.2268 -0.0605
vn 0.9701 0.2350 0.0602
vn 0.9557 0.2246 0.1901
vn 0.9269 0.1911 0.3231
vn 0.8834 0.1317 0.4497
vn 0.8280 0.0476 0.5587
vn 0.7653 -0.0546 0.6414
vn 0.7004 -0.1650 0.6944
vn -0.5775 0.3772 0.7240
vn -0.5228 0.4709 0.7105
vn -0.4729 0.5550 0.6843
vn -0.4274 0.6303 0.6481
vn -0.3856 0.6977 0.6038
vn -0.3471 0.7580 0.5522
vn -0.3112 0.8122 0.4934
vn -0.2779 0.8606 0.4268
vn -0.2473 0.9029 0.3515
vn -0.2200 0.9385 0.2662
vn -0.1969 0.9657 0.1694
vn -0.1800 0.9818 0.0605
vn -0.1718 0.9833 -0.0602
vn -0.1755 0.9660 -0.1901
vn -0.1947 0.9261 -0.3231
vn -0.2319 0.8626 -0.4497
vn -0.2869 0.7782 -0.5587
vn -0.3555 0.6800 -0.6413
vn -0.4308 0.5764 -0.6944
vn -0.5058 0.4746 -0.7203
vn -0.5764 0.3790 -0.7240
vn -0.6404 0.2914 -0.7106
vn -0.6977 0.2120 -0.6843
vn -0.7485 0.1402 -0.6481
vn -0.7936 0.0751 -0.6038
vn -0.8336 0.0157 -0.5522
vn -0.8689 -0.0388 -0.4935
vn -0.9000 -0.0887 -0.4269
vn -0.9266 -0.1336 -0.3515
vn -0.9483 -0.1729 -0.2661
vn -0.9640 -0.2049 -0.1694
vn -0.9720 -0.2269 -0.0605
vn -0.9701 -0.2349 0.0602
vn -0.9557 -0.2246 0.1901
vn -0.9269 -0.1911 0.3231
vn -0.8834 -0.1317 0.4497
vn -0.8280 -0.0475 0.5587
vn -0.7653 0.0546 0.6413
vn -0.7004 0.1650 0.6944
vn -0.6371 0.2743 0.7203
vn 0.6936 -0.0035 0.7203
vn 0.6790 -0.1214 0.7240
vn 0.6653 -0.2291 0.7106
vn 0.6522 -0.3261 0.6843
vn 0.6398 -0.4131 0.6481
vn 0.6276 -0.4914 0.6038
vn 0.6157 -0.5621 0.5522
vn 0.6039 -0.6259 0.4934
vn 0.5922 -0.6835 0.4268
vn 0.5806 -0.7344 0.3515
vn 0.5693 -0.7779 0.2661
vn 0.5587 -0.8119 0.1694
vn 0.5495 -0.8333 0.0605
vn 0.5424 -0.8379 -0.0602
vn 0.5392 -0.8205 -0.1901
vn 0.5412 -0.7764 -0.3230
vn 0.5506 -0.7033 -0.4496
vn 0.5682 -0.6041 -0.5587
vn 0.5931 -0.4868 -0.6413
vn 0.6218 -0.3621 -0.6944
vn 0.6511 -0.2391 -0.7203
vn 0.6787 -0.1236 -0.7240
vn 0.7034 -0.0179 -0.7106
vn 0.7251 0.0775 -0.6843
vn 0.7438 0.1635 -0.6481
vn 0.7598 0.2411 -0.6038
vn 0.7734 0.3114 -0.5522
vn 0.7846 0.3754 -0.4934
vn 0.7937 0.4334 -0.4268
vn 0.8006 0.4852 -0.3515
vn 0.8052 0.5299 -0.2662
vn 0.8072 0.5654 -0.1694
vn 0.8060 0.5887 -0.0605
vn 0.8011 0.5955 0.0602
vn 0.7919 0.5803 0.1901
vn 0.7785 0.5382 0.3231
vn 0.7617 0.4665 0.4497
vn 0.7435 0.3675 0.5587
vn 0.7258 0.2489 0.6413
vn 0.7092 0.1220 0.6944
vn -0.6791 0.1214 0.7240
vn -0.6653 0.2291 0.7106
vn -0.6522 0.3261 0.6843
vn -0.6398 0.4131 0.6481
vn -0.6276 0.4914 0.6038
vn -0.6157 0.5620 0.5522
vn -0.6039 0.6259 0.4934
vn -0.5922 0.6835 0.4268
vn -0.5806 0.7344 0.3515
vn -0.5693 0.7779 0.2662
vn -0.5587 0.8119 0.1694
vn -0.5494 0.8333 0.0605
vn -0.5425 0.8379 -0.0602
vn -0.5391 0.8205 -0.1901
vn -0.5412 0.7763 -0.3231
vn -0.5506 0.7033 -0.4496
vn -0.5682 0.6041 -0.5587
vn -0.5931 0.4868 -0.6413
vn -0.6218 0.3622 -0.6944
vn -0.6511 0.2391 -0.7203
vn -0.6787 0.1236 -0.7240
vn -0.7034 0.0179 -0.7106
vn -0.7251 -0.0775 -0.6843
vn -0.7438 -0.1635 -0.6481
vn -0.7598 -0.2411 -0.6038
vn -0.7734 -0.3114 -0.5522
vn -0.7846 -0.3754 -0.4934
vn -0.7937 -0.4334 -0.4269
vn -0.8007 -0.4851 -0.3515
vn -0.8053 -0.5298 -0.2662
vn -0.8072 -0.5654 -0.1694
vn -0.8061 -0.5887 -0.0605
vn -0.8011 -0.5955 0.0602
vn -0.7919 -0.5803 0.1901
vn -0.7784 -0.5382 0.3231
vn -0.7617 -0.4665 0.4497
vn -0.7435 -0.3674 0.5587
vn -0.7258 -0.2488 0.6413
vn -0.7092 -0.1220 0.6944
vn -0.6936 0.0035 0.7203
vn 0.6398 0.2679 0.7203
vn 0.6725 0.1537 0.7240
vn 0.7019 0.0492 0.7106
vn 0.7278 -0.0451 0.6843
vn 0.7503 -0.1302 0.6481
vn 0.7698 -0.2070 0.6038
vn 0.7864 -0.2767 0.5522
vn 0.8006 -0.3401 0.4934
vn 0.8122 -0.3976 0.4269
vn 0.8215 -0.4491 0.3515
vn 0.8281 -0.4935 0.2661
vn 0.8316 -0.5289 0.1694
vn 0.8315 -0.5523 0.0605
vn 0.8268 -0.5592 -0.0602
vn 0.8170 -0.5445 -0.1901
vn 0.8016 -0.5030 -0.3231
vn 0.7817 -0.4322 -0.4497
vn 0.7592 -0.3339 -0.5587
vn 0.7362 -0.2163 -0.6413
vn 0.7139 -0.0903 -0.6944
vn 0.6928 0.0344 -0.7203
vn 0.6729 0.1515 -0.7240
vn 0.6545 0.2585 -0.7105
vn 0.6371 0.3547 -0.6843
vn 0.6207 0.4412 -0.6481
vn 0.6052 0.5189 -0.6038
vn 0.5901 0.5889 -0.5522
vn 0.5755 0.6522 -0.4934
vn 0.5612 0.7091 -0.4268
vn 0.5473 0.7596 -0.3515
vn 0.5341 0.8024 -0.2661
vn 0.5220 0.8360 -0.1694
vn 0.5118 0.8570 -0.0605
vn 0.5047 0.8612 0.0602
vn 0.5021 0.8437 0.1901
vn 0.5061 0.7996 0.3231
vn 0.5187 0.7271 0.4497
vn 0.5408 0.6289 0.5587
vn 0.5707 0.5128 0.6413
vn 0.6051 0.3894 0.6944
vn -0.6725 -0.1537 0.7240
vn -0.7019 -0.0492 0.7106
vn -0.7278 0.0451 0.6843
vn -0.7503 0.1302 0.6481
vn -0.7698 0.2070 0.6038
vn -0.7865 0.2767 0.5522
vn -0.8006 0.3400 0.4934
vn -0.8122 0.3976 0.4269
vn -0.8215 0.4491 0.3515
vn -0.8281 0.4935 0.2661
vn -0.8316 0.5289 0.1694
vn -0.8315 0.5523 0.0605
vn -0.8268 0.5593 -0.0602
vn -0.8170 0.5444 -0.1901
vn -0.8016 0.5031 -0.3230
vn -0.7817 0.4322 -0.4497
vn -0.7592 0.3339 -0.5587
vn -0.7362 0.2164 -0.6413
vn -0.7139 0.0903 -0.6945
vn -0.6928 -0.0344 -0.7203
vn -0.6729 -0.1515 -0.7240
vn -0.6544 -0.2585 -0.7106
vn -0.6371 -0.3547 -0.6843
vn -0.6207 -0.4412 -0.6481
vn -0.6051 -0.5189 -0.6038
vn -0.5901 -0.5889 -0.5522
vn -0.5755 -0.6522 -0.4934
vn -0.5612 -0.7092 -0.4268
vn -0.5473 -0.7595 -0.3515
vn -0.5341 -0.8024 -0.2662
vn -0.5220 -0.8360 -0.1694
vn -0.5118 -0.8570 -0.0605
vn -0.5047 -0.8612 0.0602
vn -0.5021 -0.8437 0.1901
vn -0.5061 -0.7997 0.3231
vn -0.5187 -0.7271 0.4497
vn -0.5408 -0.6288 0.5587
vn -0.5708 -0.5128 0.6413
vn -0.6051 -0.3894 0.6944
vn -0.6398 -0.2679 0.7203
vn 0.4842 0.4967 0.7203
vn 0.5589 0.4043 0.7240
vn 0.6268 0.3197 0.7106
vn 0.6875 0.2429 0.6843
vn 0.7415 0.1735 0.6481
vn 0.7894 0.1104 0.6038
vn 0.8320 0.0528 0.5522
vn 0.8698 -0.0001 0.4934
vn 0.9030 -0.0485 0.4268
vn 0.9316 -0.0922 0.3515
vn 0.9550 -0.1305 0.2662
vn 0.9722 -0.1618 0.1694
vn 0.9812 -0.1834 0.0605
vn 0.9796 -0.1915 -0.0602
vn 0.9648 -0.1819 -0.1901
vn 0.9345 -0.1496 -0.3231
vn 0.8884 -0.0923 -0.4497
vn 0.8293 -0.0106 -0.5587
vn 0.7622 0.0887 -0.6413
vn 0.6924 0.1959 -0.6944
vn 0.6242 0.3025 -0.7203
vn 0.5602 0.4025 -0.7240
vn 0.5013 0.4937 -0.7106
vn 0.4477 0.5756 -0.6843
vn 0.3989 0.6487 -0.6481
vn 0.3542 0.7141 -0.6038
vn 0.3130 0.7727 -0.5522
vn 0.2747 0.8252 -0.4934
vn 0.2393 0.8721 -0.4268
vn 0.2069 0.9130 -0.3515
vn 0.1779 0.9474 -0.2662
vn 0.1537 0.9735 -0.1694
vn 0.1361 0.9888 -0.0605
vn 0.1279 0.9900 0.0602
vn 0.1323 0.9728 0.1900
vn 0.1533 0.9339 0.3231
vn 0.1932 0.8720 0.4497
vn 0.2520 0.7902 0.5587
vn 0.3249 0.6951 0.6413
vn 0.4047 0.5950 0.6944
vn -0.5589 -0.4043 0.7240
vn -0.6268 -0.3196 0.7106
vn -0.6876 -0.2429 0.6843
vn -0.7415 -0.1735 0.6481
vn -0.7894 -0.1103 0.6038
vn -0.8320 -0.0528 0.5522
vn -0.8698 0.0001 0.4934
vn -0.9030 0.0485 0.4268
vn -0.9316 0.0922 0.3515
vn -0.9551 0.1306 0.2661
vn -0.9722 0.1618 0.1694
vn -0.9812 0.1833 0.0605
vn -0.9796 0.1915 -0.0602
vn -0.9648 0.1818 -0.1900
vn -0.9345 0.1497 -0.3230
vn -0.8884 0.0922 -0.4497
vn -0.8293 0.0106 -0.5587
vn -0.7621 -0.0887 -0.6413
vn -0.6924 -0.1959 -0.6944
vn -0.6242 -0.3024 -0.7203
vn -0.5602 -0.4025 -0.7240
vn -0.5013 -0.4937 -0.7106
vn -0.4477 -0.5756 -0.6843
vn -0.3989 -0.6487 -0.6481
vn -0.3542 -0.7141 -0.6038
vn -0.3130 -0.7727 -0.5522
vn -0.2747 -0.8253 -0.4934
vn -0.2394 -0.8721 -0.4268
vn -0.2068 -0.9130 -0.3515
vn -0.1780 -0.9474 -0.2661
vn -0.1536 -0.9735 -0.1694
vn -0.1362 -0.9888 -0.0605
vn -0.1278 -0.9900 0.0602
vn -0.1324 -0.9728 0.1900
vn -0.1532 -0.9339 0.3230
vn -0.1933 -0.8720 0.4496
vn -0.2519 -0.7902 0.5587
vn -0.3249 -0.6951 0.6413
vn -0.4047 -0.5950 0.6944
vn -0.4842 -0.4967 0.7203
vn 0.2515 0.6464 0.7203
vn 0.3564 0.5906 0.7240
vn 0.4520 0.5392 0.7106
vn 0.5379 0.4924 0.6843
vn 0.6147 0.4495 0.6481
vn 0.6835 0.4102 0.6038
vn 0.7452 0.3738 0.5522
vn 0.8006 0.3399 0.4934
vn 0.8501 0.3083 0.4268
vn 0.8936 0.2793 0.3515
vn 0.9301 0.2531 0.2662
vn 0.9581 0.2311 0.1694
vn 0.9748 0.2148 0.0605
vn 0.9766 0.2067 -0.0602
vn 0.9591 0.2098 -0.1901
vn 0.9186 0.2275 -0.3230
vn 0.8538 0.2624 -0.4497
vn 0.7675 0.3144 -0.5587
vn 0.6669 0.3795 -0.6413
vn 0.5607 0.4511 -0.6944
vn 0.4564 0.5224 -0.7203
vn 0.3583 0.5895 -0.7240
vn 0.2685 0.6504 -0.7106
vn 0.1872 0.7048 -0.6843
vn 0.1136 0.7530 -0.6481
vn 0.0469 0.7957 -0.6038
vn -0.0140 0.8336 -0.5522
vn -0.0697 0.8670 -0.4934
vn -0.1206 0.8962 -0.4269
vn -0.1664 0.9213 -0.3515
vn -0.2066 0.9415 -0.2661
vn -0.2391 0.9561 -0.1694
vn -0.2612 0.9634 -0.0605
vn -0.2693 0.9612 0.0602
vn -0.2584 0.9471 0.1901
vn -0.2240 0.9195 0.3231
vn -0.1630 0.8782 0.4497
vn -0.0770 0.8258 0.5587
vn 0.0274 0.7668 0.6413
vn 0.1400 0.7058 0.6944
vn -0.3564 -0.5906 0.7240
vn -0.4520 -0.5392 0.7106
vn -0.5379 -0.4924 0.6843
vn -0.6147 -0.4495 0.6481
vn -0.6835 -0.4102 0.6038
vn -0.7452 -0.3738 0.5522
vn -0.8006 -0.3399 0.4934
vn -0.8501 -0.3083 0.4269
vn -0.8936 -0.2793 0.3515
vn -0.9301 -0.2532 0.2661
vn -0.9581 -0.2311 0.1694
vn -0.9748 -0.2148 0.0605
vn -0.9766 -0.2066 -0.0602
vn -0.9591 -0.2098 -0.1901
vn -0.9186 -0.2275 -0.3231
vn -0.8538 -0.2624 -0.4497
vn -0.7675 -0.3143 -0.5587
vn -0.6669 -0.3795 -0.6413
vn -0.5607 -0.4510 -0.6944
vn -0.4564 -0.5224 -0.7203
vn -0.3583 -0.5894 -0.7240
vn -0.2685 -0.6504 -0.7105
vn -0.1871 -0.7048 -0.6843
vn -0.1136 -0.7530 -0.6481
vn -0.0469 -0.7957 -0.6038
vn 0.0140 -0.8336 -0.5522
vn 0.0697 -0.8670 -0.4934
vn 0.1206 -0.8962 -0.4269
vn 0.1665 -0.9213 -0.3515
vn 0.2065 -0.9416 -0.2661
vn 0.2390 -0.9561 -0.1694
vn 0.2613 -0.9634 -0.0605
vn 0.2693 -0.9612 0.0602
vn 0.2584 -0.9472 0.1901
vn 0.2240 -0.9195 0.3231
vn 0.1630 -0.8782 0.4497
vn 0.0770 -0.8258 0.5587
vn -0.0274 -0.7668 0.6413
vn -0.1399 -0.7058 0.6945
vn -0.2516 -0.6464 0.7203
vn -0.0211 0.6933 0.7203
vn 0.0972 0.6829 0.7240
vn 0.2053 0.6730 0.7106
vn 0.3027 0.6634 0.6843
vn 0.3901 0.6541 0.6481
vn 0.4688 0.6447 0.6038
vn 0.5398 0.6353 0.5522
vn 0.6041 0.6258 0.4934
vn 0.6620 0.6161 0.4268
vn 0.7133 0.6064 0.3515
vn 0.7571 0.5966 0.2662
vn 0.7915 0.5872 0.1694
vn 0.8133 0.5787 0.0605
vn 0.8181 0.5719 -0.0602
vn 0.8008 0.5680 -0.1900
vn 0.7566 0.5685 -0.3231
vn 0.6833 0.5753 -0.4496
vn 0.5836 0.5893 -0.5587
vn 0.4654 0.6100 -0.6413
vn 0.3398 0.6343 -0.6944
vn 0.2158 0.6592 -0.7203
vn 0.0994 0.6826 -0.7240
vn -0.0071 0.7036 -0.7106
vn -0.1033 0.7219 -0.6843
vn -0.1898 0.7375 -0.6481
vn -0.2679 0.7507 -0.6038
vn -0.3387 0.7618 -0.5522
vn -0.4030 0.7708 -0.4934
vn -0.4613 0.7778 -0.4268
vn -0.5133 0.7829 -0.3515
vn -0.5582 0.7859 -0.2662
vn -0.5937 0.7866 -0.1694
vn -0.6170 0.7846 -0.0605
vn -0.6236 0.7794 0.0602
vn -0.6081 0.7708 0.1900
vn -0.5656 0.7588 0.3231
vn -0.4933 0.7446 0.4497
vn -0.3936 0.7300 0.5587
vn -0.2745 0.7165 0.6413
vn -0.1471 0.7044 0.6944
vn -0.0972 -0.6829 0.7240
vn -0.2053 -0.6730 0.7106
vn -0.3027 -0.6634 0.6843
vn -0.3901 -0.6541 0.6481
vn -0.4688 -0.6447 0.6038
vn -0.5398 -0.6353 0.5522
vn -0.6041 -0.6258 0.4934
vn -0.6620 -0.6161 0.4268
vn -0.7133 -0.6063 0.3516
vn -0.7572 -0.5966 0.2662
vn -0.7915 -0.5872 0.1694
vn -0.8133 -0.5787 0.0605
vn -0.8181 -0.5719 -0.0602
vn -0.8008 -0.5680 -0.1900
vn -0.7567 -0.5684 -0.3231
vn -0.6833 -0.5753 -0.4497
vn -0.5835 -0.5893 -0.5587
vn -0.4655 -0.6100 -0.6413
vn -0.3398 -0.6343 -0.6944
vn -0.2158 -0.6592 -0.7203
vn -0.0994 -0.6826 -0.7240
vn 0.0071 -0.7036 -0.7106
vn 0.1033 -0.7219 -0.6843
vn 0.1898 -0.7375 -0.6481
vn 0.2679 -0.7507 -0.6038
vn 0.3387 -0.7618 -0.5522
vn 0.4030 -0.7708 -0.4934
vn 0.4613 -0.7778 -0.4268
vn 0.5133 -0.7829 -0.3515
vn 0.5582 -0.7859 -0.2661
vn 0.5938 -0.7866 -0.1694
vn 0.6170 -0.7846 -0.0605
vn 0.6236 -0.7795 0.0602
vn 0.6081 -0.7708 0.1900
vn 0.5655 -0.7588 0.3231
vn 0.4933 -0.7446 0.4497
vn 0.3936 -0.7300 0.5587
vn 0.2745 -0.7165 0.6413
vn 0.1471 -0.7044 0.6944
vn 0.0212 -0.6933 0.7203
vn -0.2905 0.6299 0.7203
vn -0.1775 0.6666 0.7240
vn -0.0741 0.6997 0.7106
vn 0.0192 0.7289 0.6843
vn 0.1034 0.7545 0.6481
vn 0.1795 0.7767 0.6038
vn 0.2485 0.7958 0.5522
vn 0.3114 0.8121 0.4934
vn 0.3685 0.8258 0.4268
vn 0.4195 0.8369 0.3515
vn 0.4637 0.8451 0.2661
vn 0.4990 0.8499 0.1694
vn 0.5224 0.8506 0.0606
vn 0.5295 0.8462 -0.0602
vn 0.5151 0.8358 -0.1901
vn 0.4742 0.8190 -0.3230
vn 0.4041 0.7965 -0.4497
vn 0.3067 0.7706 -0.5587
vn 0.1900 0.7434 -0.6413
vn 0.0648 0.7167 -0.6944
vn -0.0590 0.6912 -0.7203
vn -0.1753 0.6671 -0.7240
vn -0.2816 0.6448 -0.7106
vn -0.3772 0.6241 -0.6843
vn -0.4630 0.6046 -0.6481
vn -0.5400 0.5863 -0.6038
vn -0.6095 0.5688 -0.5523
vn -0.6723 0.5519 -0.4934
vn -0.7286 0.5356 -0.4269
vn -0.7785 0.5200 -0.3515
vn -0.8209 0.5052 -0.2661
vn -0.8540 0.4920 -0.1694
vn -0.8746 0.4810 -0.0605
vn -0.8786 0.4737 0.0602
vn -0.8610 0.4718 0.1900
vn -0.8171 0.4774 0.3231
vn -0.7451 0.4926 0.4497
vn -0.6477 0.5181 0.5586
vn -0.5327 0.5521 0.6414
vn -0.4107 0.5909 0.6944
vn 0.1775 -0.6666 0.7240
vn 0.0741 -0.6997 0.7106
vn -0.0192 -0.7289 0.6843
vn -0.1034 -0.7545 0.6481
vn -0.1795 -0.7766 0.6038
vn -0.2485 -0.7958 0.5522
vn -0.3114 -0.8121 0.4934
vn -0.3685 -0.8258 0.4269
vn -0.4196 -0.8369 0.3515
vn -0.4637 -0.8451 0.2661
vn -0.4990 -0.8499 0.1694
vn -0.5224 -0.8506 0.0605
vn -0.5294 -0.8462 -0.0602
vn -0.5151 -0.8358 -0.1901
vn -0.4742 -0.8190 -0.3230
vn -0.4041 -0.7965 -0.4497
vn -0.3067 -0.7706 -0.5587
vn -0.1900 -0.7434 -0.6413
vn -0.0648 -0.7166 -0.6945
vn 0.0590 -0.6912 -0.7203
vn 0.1753 -0.6671 -0.7240
vn 0.2816 -0.6449 -0.7106
vn 0.3772 -0.6241 -0.6843
vn 0.4630 -0.6046 -0.6481
vn 0.5401 -0.5863 -0.6038
vn 0.6095 -0.5688 -0.5522
vn 0.6723 -0.5519 -0.4934
vn 0.7286 -0.5356 -0.4269
vn 0.7785 -0.5199 -0.3515
vn 0.8209 -0.5052 -0.2661
vn 0.8540 -0.4919 -0.1694
vn 0.8746 -0.4810 -0.0605
vn 0.8786 -0.4737 0.0602
vn 0.8610 -0.4718 0.1900
vn 0.8172 -0.4773 0.3231
vn 0.7451 -0.4925 0.4497
vn 0.6477 -0.5181 0.5587
vn 0.5327 -0.5521 0.6414
vn 0.4107 -0.5909 0.6944
vn 0.2905 -0.6299 0.7203
vn -0.5136 0.4662 0.7203
vn -0.4239 0.5442 0.7240
vn -0.3417 0.6151 0.7106
vn -0.2672 0.6785 0.6843
vn -0.1997 0.7349 0.6481
vn -0.1384 0.7850 0.6038
vn -0.0823 0.8296 0.5522
vn -0.0308 0.8693 0.4934
vn 0.0164 0.9042 0.4268
vn 0.0590 0.9343 0.3515
vn 0.0965 0.9591 0.2662
vn 0.1271 0.9773 0.1694
vn 0.1484 0.9871 0.0605
vn 0.1566 0.9858 -0.0602
vn 0.1474 0.9706 -0.1901
vn 0.1163 0.9392 -0.3230
vn 0.0606 0.8911 -0.4497
vn -0.0188 0.8291 -0.5587
vn -0.1157 0.7585 -0.6413
vn -0.2204 0.6850 -0.6944
vn -0.3245 0.6131 -0.7203
vn -0.4222 0.5455 -0.7240
vn -0.5112 0.4835 -0.7106
vn -0.5911 0.4270 -0.6843
vn -0.6625 0.3756 -0.6481
vn -0.7262 0.3286 -0.6038
vn -0.7834 0.2853 -0.5522
vn -0.8345 0.2452 -0.4934
vn -0.8800 0.2082 -0.4268
vn -0.9198 0.1743 -0.3515
vn -0.9531 0.1441 -0.2661
vn -0.9783 0.1190 -0.1694
vn -0.9931 0.1008 -0.0605
vn -0.9939 0.0926 0.0602
vn -0.9769 0.0976 0.1901
vn -0.9387 0.1200 0.3231
vn -0.8784 0.1621 0.4497
vn -0.7986 0.2237 0.5587
vn -0.7062 0.3000 0.6413
vn -0.6090 0.3833 0.6944
vn 0.4239 -0.5442 0.7240
vn 0.3417 -0.6151 0.7106
vn 0.2672 -0.6785 0.6843
vn 0.1997 -0.7349 0.6481
vn 0.1384 -0.7850 0.6038
vn 0.0823 -0.8296 0.5522
vn 0.0308 -0.8693 0.4934
vn -0.0164 -0.9042 0.4269
vn -0.0590 -0.9343 0.3515
vn -0.0965 -0.9591 0.2662
vn -0.1271 -0.9773 0.1694
vn -0.1483 -0.9871 0.0605
vn -0.1566 -0.9858 -0.0602
vn -0.1474 -0.9706 -0.1901
vn -0.1163 -0.9392 -0.3230
vn -0.0607 -0.8911 -0.4497
vn 0.0189 -0.8292 -0.5587
vn 0.1157 -0.7585 -0.6413
vn 0.2204 -0.6850 -0.6944
vn 0.3244 -0.6131 -0.7203
vn 0.4222 -0.5455 -0.7240
vn 0.5112 -0.4835 -0.7106
vn 0.5911 -0.4270 -0.6843
vn 0.6625 -0.3756 -0.6481
vn 0.7262 -0.3286 -0.6038
vn 0.7834 -0.2853 -0.5522
vn 0.8345 -0.2452 -0.4934
vn 0.8800 -0.2082 -0.4268
vn 0.9198 -0.1743 -0.3515
vn 0.9531 -0.1442 -0.2661
vn 0.9783 -0.1189 -0.1694
vn 0.9931 -0.1006 -0.0605
vn 0.9939 -0.0926 0.0602
vn 0.9769 -0.0977 0.1901
vn 0.9388 -0.1200 0.3230
vn 0.8784 -0.1621 0.4497
vn 0.7986 -0.2237 0.5587
vn 0.7062 -0.3000 0.6413
vn 0.6090 -0.3833 0.6944
vn 0.5136 -0.4662 0.7203
vn -0.6550 0.2284 0.7203
vn -0.6029 0.3352 0.7240
vn -0.5550 0.4325 0.7106
vn -0.5112 0.5200 0.6843
vn -0.4711 0.5984 0.6481
vn -0.4342 0.6685 0.6038
vn -0.4000 0.7314 0.5522
vn -0.3681 0.7880 0.4934
vn -0.3384 0.8386 0.4268
vn -0.3109 0.8831 0.3515
vn -0.2860 0.9205 0.2662
vn -0.2650 0.9492 0.1694
vn -0.2493 0.9665 0.0605
vn -0.2413 0.9686 -0.0602
vn -0.2437 0.9510 -0.1901
vn -0.2601 0.9099 -0.3231
vn -0.2925 0.8439 -0.4497
vn -0.3415 0.7558 -0.5587
vn -0.4030 0.6530 -0.6413
vn -0.4706 0.5443 -0.6945
vn -0.5383 0.4375 -0.7203
vn -0.6018 0.3371 -0.7240
vn -0.6595 0.2452 -0.7105
vn -0.7110 0.1620 -0.6843
vn -0.7566 0.0867 -0.6481
vn -0.7969 0.0186 -0.6038
vn -0.8325 -0.0436 -0.5522
vn -0.8640 -0.1005 -0.4934
vn -0.8914 -0.1524 -0.4269
vn -0.9148 -0.1991 -0.3515
vn -0.9336 -0.2399 -0.2662
vn -0.9470 -0.2729 -0.1695
vn -0.9535 -0.2953 -0.0605
vn -0.9510 -0.3033 0.0602
vn -0.9374 -0.2919 0.1901
vn -0.9109 -0.2565 0.3231
vn -0.8719 -0.1941 0.4497
vn -0.8226 -0.1063 0.5587
vn -0.7673 0.0001 0.6413
vn -0.7104 0.1148 0.6944
vn 0.6029 -0.3352 0.7240
vn 0.5550 -0.4326 0.7106
vn 0.5111 -0.5200 0.6843
vn 0.4711 -0.5983 0.6481
vn 0.4342 -0.6685 0.6038
vn 0.4000 -0.7315 0.5522
vn 0.3682 -0.7880 0.4934
vn 0.3384 -0.8386 0.4269
vn 0.3108 -0.8831 0.3515
vn 0.2861 -0.9205 0.2661
vn 0.2650 -0.9492 0.1695
vn 0.2493 -0.9665 0.0605
vn 0.2412 -0.9686 -0.0602
vn 0.2437 -0.9510 -0.1900
vn 0.2600 -0.9100 -0.3230
vn 0.2925 -0.8439 -0.4497
vn 0.3415 -0.7558 -0.5587
vn 0.4029 -0.6530 -0.6413
vn 0.4707 -0.5443 -0.6944
vn 0.5382 -0.4375 -0.7203
vn 0.6018 -0.3371 -0.7240
vn 0.6595 -0.2452 -0.7106
vn 0.7110 -0.1620 -0.6843
vn 0.7566 -0.0867 -0.6481
vn 0.7969 -0.0186 -0.6038
vn 0.8325 0.0436 -0.5522
vn 0.8640 0.1005 -0.4934
vn 0.8914 0.1524 -0.4269
vn 0.9148 0.1991 -0.3515
vn 0.9336 0.2399 -0.2661
vn 0.9470 0.2729 -0.1694
vn 0.9535 0.2953 -0.0605
vn 0.9510 0.3033 0.0602
vn 0.9374 0.2919 0.1901
vn 0.9109 0.2565 0.3231
vn 0.8718 0.1941 0.4497
vn 0.8225 0.1063 0.5587
vn 0.7673 -0.0001 0.6413
vn 0.7104 -0.1148 0.6944
vn 0.6550 -0.2284 0.7203
vn -0.6921 -0.0458 0.7203
vn -0.6860 0.0729 0.7240
vn -0.6799 0.1812 0.7106
vn -0.6738 0.2789 0.6843
vn -0.6675 0.3666 0.6481
vn -0.6609 0.4456 0.6038
vn -0.6541 0.5169 0.5522
vn -0.6469 0.5814 0.4934
vn -0.6393 0.6396 0.4268
vn -0.6313 0.6913 0.3515
vn -0.6231 0.7355 0.2661
vn -0.6150 0.7701 0.1694
vn -0.6072 0.7922 0.0605
vn -0.6007 0.7972 -0.0603
vn -0.5961 0.7801 -0.1901
vn -0.5950 0.7360 -0.3230
vn -0.5992 0.6624 -0.4497
vn -0.6097 0.5622 -0.5587
vn -0.6261 0.4435 -0.6413
vn -0.6459 0.3171 -0.6944
vn -0.6665 0.1923 -0.7203
vn -0.6857 0.0750 -0.7240
vn -0.7029 -0.0321 -0.7106
vn -0.7177 -0.1289 -0.6843
vn -0.7303 -0.2159 -0.6481
vn -0.7408 -0.2944 -0.6038
vn -0.7492 -0.3655 -0.5523
vn -0.7560 -0.4302 -0.4934
vn -0.7609 -0.4887 -0.4268
vn -0.7642 -0.5408 -0.3515
vn -0.7656 -0.5857 -0.2662
vn -0.7650 -0.6214 -0.1694
vn -0.7622 -0.6445 -0.0605
vn -0.7568 -0.6509 0.0603
vn -0.7487 -0.6351 0.1900
vn -0.7382 -0.5922 0.3230
vn -0.7266 -0.5195 0.4496
vn -0.7156 -0.4194 0.5587
vn -0.7063 -0.2998 0.6413
vn -0.6987 -0.1721 0.6944
vn 0.6860 -0.0729 0.7240
vn 0.6799 -0.1812 0.7106
vn 0.6738 -0.2789 0.6843
vn 0.6675 -0.3666 0.6481
vn 0.6610 -0.4456 0.6038
vn 0.6541 -0.5169 0.5522
vn 0.6469 -0.5815 0.4934
vn 0.6393 -0.6397 0.4268
vn 0.6313 -0.6913 0.3516
vn 0.6231 -0.7355 0.2662
vn 0.6150 -0.7701 0.1694
vn 0.6073 -0.7922 0.0605
vn 0.6006 -0.7973 -0.0602
vn 0.5961 -0.7801 -0.1901
vn 0.5950 -0.7359 -0.3231
vn 0.5991 -0.6624 -0.4497
vn 0.6097 -0.5622 -0.5587
vn 0.6261 -0.4435 -0.6413
vn 0.6460 -0.3171 -0.6944
vn 0.6665 -0.1923 -0.7203
vn 0.6857 -0.0750 -0.7240
vn 0.7029 0.0321 -0.7106
vn 0.7177 0.1289 -0.6843
vn 0.7303 0.2159 -0.6481
vn 0.7408 0.2944 -0.6038
vn 0.7493 0.3656 -0.5522
vn 0.7560 0.4302 -0.4934
vn 0.7609 0.4887 -0.4269
vn 0.7642 0.5408 -0.3515
vn 0.7656 0.5857 -0.2662
vn 0.7650 0.6214 -0.1694
vn 0.7622 0.6445 -0.0605
vn 0.7568 0.6509 0.0602
vn 0.7487 0.6351 0.1901
vn 0.7382 0.5921 0.3231
vn 0.7266 0.5195 0.4497
vn 0.7156 0.4193 0.5587
vn 0.7063 0.2998 0.6413
vn 0.6987 0.1721 0.6944
vn 0.6921 0.0458 0.7203
vn -0.6192 -0.3127 0.7203
vn -0.6599 -0.2011 0.7240
vn -0.6966 -0.0990 0.7106
vn -0.7292 -0.0066 0.6843
vn -0.7577 0.0765 0.6481
vn -0.7825 0.1518 0.6038
vn -0.8041 0.2201 0.5522
vn -0.8227 0.2823 0.4934
vn -0.8384 0.3389 0.4268
vn -0.8513 0.3896 0.3515
vn -0.8610 0.4334 0.2661
vn -0.8671 0.4685 0.1695
vn -0.8686 0.4918 0.0605
vn -0.8645 0.4990 -0.0602
vn -0.8535 0.4851 -0.1901
vn -0.8354 0.4447 -0.3231
vn -0.8104 0.3755 -0.4497
vn -0.7809 0.2792 -0.5587
vn -0.7497 0.1634 -0.6413
vn -0.7185 0.0393 -0.6944
vn -0.6886 -0.0835 -0.7203
vn -0.6605 -0.1990 -0.7240
vn -0.6344 -0.3043 -0.7106
vn -0.6103 -0.3991 -0.6843
vn -0.5878 -0.4842 -0.6481
vn -0.5667 -0.5606 -0.6038
vn -0.5468 -0.6294 -0.5522
vn -0.5277 -0.6914 -0.4934
vn -0.5094 -0.7472 -0.4269
vn -0.4920 -0.7965 -0.3515
vn -0.4757 -0.8384 -0.2662
vn -0.4612 -0.8709 -0.1694
vn -0.4496 -0.8912 -0.0605
vn -0.4422 -0.8949 0.0602
vn -0.4409 -0.8772 0.1901
vn -0.4480 -0.8336 0.3231
vn -0.4658 -0.7622 0.4496
vn -0.4947 -0.6657 0.5587
vn -0.5330 -0.5520 0.6413
vn -0.5758 -0.4315 0.6944
vn 0.6599 0.2011 0.7240
vn 0.6966 0.0990 0.7106
vn 0.7292 0.0067 0.6843
vn 0.7577 -0.0765 0.6481
vn 0.7825 -0.1518 0.6038
vn 0.8041 -0.2201 0.5522
vn 0.8227 -0.2823 0.4934
vn 0.8384 -0.3389 0.4269
vn 0.8513 -0.3896 0.3515
vn 0.8610 -0.4334 0.2661
vn 0.8671 -0.4685 0.1694
vn 0.8686 -0.4918 0.0605
vn 0.8645 -0.4991 -0.0602
vn 0.8536 -0.4850 -0.1901
vn 0.8353 -0.4448 -0.3231
vn 0.8104 -0.3755 -0.4497
vn 0.7810 -0.2792 -0.5587
vn 0.7497 -0.1635 -0.6413
vn 0.7185 -0.0393 -0.6944
vn 0.6886 0.0835 -0.7203
vn 0.6605 0.1990 -0.7240
vn 0.6344 0.3043 -0.7106
vn 0.6103 0.3992 -0.6843
vn 0.5878 0.4842 -0.6481
vn 0.5667 0.5606 -0.6039
vn 0.5468 0.6294 -0.5522
vn 0.5276 0.6915 -0.4934
vn 0.5094 0.7472 -0.4269
vn 0.4920 0.7965 -0.3515
vn 0.4757 0.8384 -0.2661
vn 0.4613 0.8709 -0.1694
vn 0.4496 0.8912 -0.0605
vn 0.4422 0.8949 0.0602
vn 0.4409 0.8772 0.1901
vn 0.4480 0.8336 0.3231
vn 0.4657 0.7622 0.4496
vn 0.4947 0.6656 0.5587
vn 0.5329 0.5520 0.6413
vn 0.5759 0.4315 0.6944
vn 0.6191 0.3127 0.7203
vn -0.4477 -0.5298 0.7203
vn -0.5288 -0.4430 0.7240
vn -0.6025 -0.3634 0.7106
vn -0.6685 -0.2912 0.6843
vn -0.7273 -0.2257 0.6481
vn -0.7796 -0.1662 0.6038
vn -0.8262 -0.1117 0.5522
vn -0.8676 -0.0617 0.4934
vn -0.9042 -0.0158 0.4269
vn -0.9358 0.0258 0.3515
vn -0.9619 0.0623 0.2661
vn -0.9812 0.0923 0.1694
vn -0.9917 0.1132 0.0605
vn -0.9908 0.1214 -0.0602
vn -0.9753 0.1128 -0.1901
vn -0.9427 0.0829 -0.3231
vn -0.8927 0.0289 -0.4497
vn -0.8280 -0.0484 -0.5586
vn -0.7539 -0.1425 -0.6413
vn -0.6767 -0.2447 -0.6944
vn -0.6012 -0.3461 -0.7203
vn -0.5302 -0.4413 -0.7240
vn -0.4650 -0.5281 -0.7105
vn -0.4057 -0.6059 -0.6843
vn -0.3518 -0.6754 -0.6481
vn -0.3026 -0.7375 -0.6038
vn -0.2572 -0.7930 -0.5522
vn -0.2154 -0.8427 -0.4934
vn -0.1768 -0.8869 -0.4269
vn -0.1415 -0.9254 -0.3515
vn -0.1102 -0.9576 -0.2661
vn -0.0842 -0.9819 -0.1694
vn -0.0654 -0.9960 -0.0605
vn -0.0572 -0.9965 0.0602
vn -0.0629 -0.9798 0.1901
vn -0.0865 -0.9424 0.3231
vn -0.1308 -0.8836 0.4497
vn -0.1952 -0.8061 0.5587
vn -0.2747 -0.7164 0.6413
vn -0.3615 -0.6222 0.6944
vn 0.5288 0.4430 0.7240
vn 0.6025 0.3634 0.7106
vn 0.6686 0.2912 0.6843
vn 0.7273 0.2257 0.6481
vn 0.7796 0.1662 0.6038
vn 0.8262 0.1117 0.5522
vn 0.8676 0.0617 0.4934
vn 0.9042 0.0158 0.4269
vn 0.9358 -0.0258 0.3515
vn 0.9619 -0.0623 0.2661
vn 0.9812 -0.0923 0.1694
vn 0.9917 -0.1132 0.0605
vn 0.9908 -0.1214 -0.0602
vn 0.9753 -0.1128 -0.1901
vn 0.9427 -0.0829 -0.3231
vn 0.8927 -0.0289 -0.4497
vn 0.8280 0.0483 -0.5587
vn 0.7539 0.1426 -0.6413
vn 0.6767 0.2446 -0.6944
vn 0.6012 0.3461 -0.7203
vn 0.5302 0.4413 -0.7240
vn 0.4650 0.5281 -0.7105
vn 0.4057 0.6059 -0.6843
vn 0.3518 0.6754 -0.6481
vn 0.3026 0.7375 -0.6038
vn 0.2572 0.7930 -0.5522
vn 0.2154 0.8427 -0.4934
vn 0.1768 0.8869 -0.4269
vn 0.1415 0.9254 -0.3515
vn 0.1101 0.9576 -0.2662
vn 0.0842 0.9819 -0.1694
vn 0.0655 0.9960 -0.0605
vn 0.0571 0.9965 0.0602
vn 0.0629 0.9797 0.1901
vn 0.0865 0.9424 0.3231
vn 0.1308 0.8836 0.4497
vn 0.1952 0.8061 0.5587
vn 0.2747 0.7164 0.6413
vn 0.3614 0.6222 0.6944
vn 0.4477 0.5298 0.7203
vn -0.2050 -0.6627 0.7203
vn -0.3136 -0.6144 0.7240
vn -0.4126 -0.5700 0.7106
vn -0.5016 -0.5293 0.6843
vn -0.5812 -0.4921 0.6481
vn -0.6526 -0.4577 0.6038
vn -0.7168 -0.4258 0.5522
vn -0.7745 -0.3959 0.4934
vn -0.8261 -0.3680 0.4269
vn -0.8714 -0.3421 0.3515
vn -0.9098 -0.3186 0.2661
vn -0.9392 -0.2985 0.1694
vn -0.9570 -0.2835 0.0605
vn -0.9594 -0.2755 -0.0603
vn -0.9418 -0.2774 -0.1901
vn -0.9001 -0.2922 -0.3231
vn -0.8330 -0.3224 -0.4497
vn -0.7432 -0.3681 -0.5587
vn -0.6382 -0.4259 -0.6413
vn -0.5273 -0.4897 -0.6944
vn -0.4181 -0.5535 -0.7203
vn -0.3155 -0.6134 -0.7240
vn -0.2216 -0.6678 -0.7106
vn -0.1365 -0.7163 -0.6843
vn -0.0598 -0.7592 -0.6481
vn 0.0098 -0.7971 -0.6038
vn 0.0731 -0.8305 -0.5523
vn 0.1311 -0.8598 -0.4934
vn 0.1840 -0.8854 -0.4268
vn 0.2315 -0.9071 -0.3515
vn 0.2729 -0.9245 -0.2662
vn 0.3064 -0.9367 -0.1694
vn 0.3290 -0.9424 -0.0605
vn 0.3369 -0.9396 0.0602
vn 0.3250 -0.9264 0.1900
vn 0.2888 -0.9012 0.3231
vn 0.2250 -0.8644 0.4497
vn 0.1355 -0.8182 0.5587
vn 0.0272 -0.7668 0.6413
vn -0.0894 -0.7140 0.6944
vn 0.3136 0.6144 0.7240
vn 0.4125 0.5700 0.7106
vn 0.5016 0.5293 0.6843
vn 0.5812 0.4921 0.6481
vn 0.6526 0.4577 0.6039
vn 0.7168 0.4258 0.5522
vn 0.7745 0.3959 0.4934
vn 0.8261 0.3680 0.4268
vn 0.8715 0.3420 0.3515
vn 0.9097 0.3186 0.2662
vn 0.9392 0.2986 0.1694
vn 0.9571 0.2835 0.0605
vn 0.9594 0.2755 -0.0602
vn 0.9418 0.2774 -0.1901
vn 0.9001 0.2922 -0.3231
vn 0.8330 0.3224 -0.4497
vn 0.7432 0.3681 -0.5587
vn 0.6382 0.4259 -0.6413
vn 0.5273 0.4897 -0.6944
vn 0.4181 0.5535 -0.7203
vn 0.3155 0.6134 -0.7240
vn 0.2216 0.6678 -0.7106
vn 0.1365 0.7163 -0.6843
vn 0.0597 0.7592 -0.6481
vn -0.0098 0.7971 -0.6038
vn -0.0732 0.8305 -0.5522
vn -0.1311 0.8599 -0.4934
vn -0.1840 0.8854 -0.4268
vn -0.2315 0.9071 -0.3515
vn -0.2729 0.9245 -0.2662
vn -0.3064 0.9367 -0.1694
vn -0.3290 0.9424 -0.0605
vn -0.3369 0.9396 0.0602
vn -0.3250 0.9264 0.1900
vn -0.2888 0.9012 0.3231
vn -0.2250 0.8644 0.4497
vn -0.1355 0.8182 0.5587
vn -0.0271 0.7668 0.6413
vn 0.0894 0.7140 0.6944
vn 0.2050 0.6627 0.7203
vn 0.0704 -0.6901 0.7203
vn -0.0484 -0.6881 0.7240
vn -0.1569 -0.6859 0.7106
vn -0.2548 -0.6832 0.6843
vn -0.3426 -0.6801 0.6481
vn -0.4218 -0.6764 0.6038
vn -0.4933 -0.6721 0.5522
vn -0.5581 -0.6671 0.4934
vn -0.6165 -0.6616 0.4268
vn -0.6684 -0.6555 0.3515
vn -0.7128 -0.6489 0.2661
vn -0.7478 -0.6419 0.1695
vn -0.7701 -0.6350 0.0605
vn -0.7754 -0.6286 -0.0602
vn -0.7584 -0.6235 -0.1901
vn -0.7143 -0.6208 -0.3231
vn -0.6407 -0.6223 -0.4497
vn -0.5402 -0.6293 -0.5587
vn -0.4209 -0.6415 -0.6413
vn -0.2939 -0.6568 -0.6944
vn -0.1684 -0.6728 -0.7204
vn -0.0506 -0.6880 -0.7240
vn 0.0571 -0.7013 -0.7106
vn 0.1543 -0.7127 -0.6843
vn 0.2417 -0.7222 -0.6481
vn 0.3206 -0.7298 -0.6038
vn 0.3920 -0.7358 -0.5522
vn 0.4568 -0.7402 -0.4934
vn 0.5154 -0.7431 -0.4269
vn 0.5677 -0.7444 -0.3515
vn 0.6126 -0.7443 -0.2661
vn 0.6481 -0.7424 -0.1694
vn 0.6712 -0.7388 -0.0605
vn 0.6774 -0.7332 0.0602
vn 0.6613 -0.7256 0.1900
vn 0.6180 -0.7167 0.3231
vn 0.5450 -0.7077 0.4497
vn 0.4445 -0.7002 0.5587
vn 0.3247 -0.6952 0.6413
vn 0.1968 -0.6922 0.6944
vn 0.0484 0.6881 0.7240
vn 0.1569 0.6859 0.7106
vn 0.2548 0.6832 0.6843
vn 0.3427 0.6801 0.6481
vn 0.4218 0.6764 0.6038
vn 0.4933 0.6721 0.5522
vn 0.5581 0.6671 0.4934
vn 0.6165 0.6616 0.4268
vn 0.6684 0.6554 0.3515
vn 0.7128 0.6489 0.2661
vn 0.7478 0.6420 0.1694
vn 0.7701 0.6350 0.0605
vn 0.7754 0.6286 -0.0602
vn 0.7584 0.6234 -0.1901
vn 0.7143 0.6208 -0.3231
vn 0.6407 0.6223 -0.4496
vn 0.5402 0.6293 -0.5587
vn 0.4209 0.6415 -0.6413
vn 0.2939 0.6568 -0.6944
vn 0.1685 0.6729 -0.7203
vn 0.0506 0.6880 -0.7240
vn -0.0571 0.7013 -0.7106
vn -0.1543 0.7127 -0.6843
vn -0.2417 0.7222 -0.6481
vn -0.3206 0.7298 -0.6038
vn -0.3920 0.7358 -0.5522
vn -0.4568 0.7402 -0.4934
vn -0.5154 0.7430 -0.4269
vn -0.5676 0.7445 -0.3515
vn -0.6126 0.7442 -0.2661
vn -0.6481 0.7424 -0.1694
vn -0.6712 0.7388 -0.0605
vn -0.6774 0.7332 0.0602
vn -0.6613 0.7256 0.1900
vn -0.6181 0.7167 0.3230
vn -0.5450 0.7077 0.4497
vn -0.4445 0.7002 0.5587
vn -0.3247 0.6952 0.6413
vn -0.1968 0.6922 0.6944
vn -0.0704 0.6901 0.7203
vn -0.2227 0.9720 -0.0751
vn -0.0683 0.9977 -0.0000
vn -0.2841 0.9558 -0.0751
vn -0.1317 0.9913 -0.0000
vn -0.3444 0.9358 -0.0751
vn -0.1945 0.9809 -0.0000
vn -0.4033 0.9120 -0.0750
vn -0.2566 0.9665 -0.0000
vn -0.4606 0.8845 -0.0751
vn -0.3176 0.9482 -0.0000
vn -0.5159 0.8533 -0.0751
vn -0.3773 0.9261 -0.0000
vn -0.5692 0.8187 -0.0751
vn -0.4355 0.9002 -0.0000
vn -0.6202 0.7809 -0.0751
vn -0.4920 0.8706 -0.0000
vn -0.6686 0.7398 -0.0751
vn -0.5464 0.8375 -0.0000
vn -0.7144 0.6957 -0.0751
vn -0.5986 0.8010 -0.0000
vn -0.7572 0.6488 -0.0751
vn -0.6484 0.7613 -0.0000
vn -0.7970 0.5993 -0.0751
vn -0.6956 0.7185 -0.0000
vn -0.8336 0.5473 -0.0751
vn -0.7399 0.6727 -0.0000
vn -0.8667 0.4931 -0.0751
vn -0.7812 0.6243 -0.0000
vn -0.8963 0.4369 -0.0751
vn -0.8194 0.5732 -0.0000
vn -0.9224 0.3790 -0.0751
vn -0.8542 0.5199 -0.0000
vn -0.9446 0.3195 -0.0751
vn -0.8856 0.4645 -0.0000
vn -0.9630 0.2587 -0.0751
vn -0.9134 0.4071 -0.0000
vn -0.9776 0.1969 -0.0751
vn -0.9374 0.3482 -0.0000
vn -0.9881 0.1342 -0.0751
vn -0.9577 0.2878 -0.0000
vn -0.9946 0.0710 -0.0751
vn -0.9741 0.2262 -0.0000
vn -0.9971 0.0076 -0.0751
vn -0.9865 0.1637 -0.0000
vn -0.9956 -0.0559 -0.0751
vn -0.9949 0.1006 -0.0000
vn -0.9900 -0.1192 -0.0751
vn -0.9993 0.0370 -0.0000
vn -0.9804 -0.1820 -0.0751
vn -0.9996 -0.0267 -0.0000
vn -0.9668 -0.2441 -0.0751
vn -0.9959 -0.0902 -0.0000
vn -0.9493 -0.3051 -0.0751
vn -0.9882 -0.1535 -0.0000
vn -0.9280 -0.3650 -0.0751
vn -0.9764 -0.2161 -0.0000
vn -0.9029 -0.4233 -0.0751
vn -0.9606 -0.2778 -0.0000
vn -0.8741 -0.4799 -0.0751
vn -0.9410 -0.3384 -0.0000
vn -0.8418 -0.5346 -0.0751
vn -0.9175 -0.3977 -0.0000
vn -0.8060 -0.5871 -0.0751
vn -0.8904 -0.4553 -0.0000
vn -0.7670 -0.6373 -0.0751
vn -0.8596 -0.5110 -0.0000
vn -0.7249 -0.6848 -0.0751
vn -0.8253 -0.5647 -0.0000
vn -0.6798 -0.7295 -0.0751
vn -0.7876 -0.6161 -0.0000
vn -0.6320 -0.7714 -0.0751
vn -0.7468 -0.6650 -0.0000
vn -0.5816 -0.8100 -0.0751
vn -0.7030 -0.7112 -0.0000
vn -0.5288 -0.8454 -0.0751
vn -0.6563 -0.7545 -0.0000
vn -0.4739 -0.8774 -0.0751
vn -0.6069 -0.7948 -0.0000
vn -0.4171 -0.9058 -0.0751
vn -0.5550 -0.8318 -0.0000
vn -0.3586 -0.9305 -0.0751
vn -0.5009 -0.8655 -0.0000
vn -0.2986 -0.9514 -0.0751
vn -0.4448 -0.8956 -0.0000
vn -0.2374 -0.9685 -0.0751
vn -0.3869 -0.9221 -0.0000
vn -0.1753 -0.9817 -0.0751
vn -0.3274 -0.9449 -0.0000
vn -0.1124 -0.9908 -0.0751
vn -0.2666 -0.9638 -0.0000
vn -0.0491 -0.9960 -0.0751
vn -0.2047 -0.9788 -0.0000
vn 0.0144 -0.9971 -0.0751
vn -0.1419 -0.9899 -0.0000
vn 0.0779 -0.9941 -0.0751
vn -0.0786 -0.9969 -0.0000
vn 0.1410 -0.9872 -0.0751
vn -0.0150 -0.9999 -0.0000
vn 0.2036 -0.9762 -0.0751
vn 0.0487 -0.9988 -0.0000
vn 0.2653 -0.9612 -0.0751
vn 0.1122 -0.9937 -0.0000
vn 0.3260 -0.9424 -0.0751
vn 0.1752 -0.9845 -0.0000
vn 0.3853 -0.9197 -0.0751
vn 0.2376 -0.9714 -0.0000
vn 0.4431 -0.8933 -0.0751
vn 0.2989 -0.9543 -0.0000
vn 0.4991 -0.8633 -0.0751
vn 0.3591 -0.9333 -0.0000
vn 0.5530 -0.8298 -0.0751
vn 0.4178 -0.9085 -0.0000
vn 0.6047 -0.7929 -0.0751
vn 0.4748 -0.8801 -0.0000
vn 0.6540 -0.7528 -0.0751
vn 0.5298 -0.8481 -0.0000
vn 0.7006 -0.7096 -0.0751
vn 0.5828 -0.8126 -0.0000
vn 0.7444 -0.6636 -0.0751
vn 0.6333 -0.7739 -0.0000
vn 0.7851 -0.6148 -0.0751
vn 0.6813 -0.7320 -0.0000
vn 0.8226 -0.5636 -0.0751
vn 0.7265 -0.6871 -0.0000
vn 0.8569 -0.5100 -0.0751
vn 0.7688 -0.6395 -0.0000
vn 0.8876 -0.4544 -0.0751
vn 0.8080 -0.5892 -0.0000
vn 0.9147 -0.3970 -0.0751
vn 0.8438 -0.5366 -0.0000
vn 0.9381 -0.3380 -0.0751
vn 0.8763 -0.4818 -0.0000
vn 0.9578 -0.2776 -0.0751
vn 0.9052 -0.4250 -0.0000
vn 0.9735 -0.2160 -0.0751
vn 0.9304 -0.3665 -0.0000
vn 0.9853 -0.1536 -0.0751
vn 0.9519 -0.3065 -0.0000
vn 0.9931 -0.0906 -0.0751
vn 0.9695 -0.2453 -0.0000
vn 0.9968 -0.0271 -0.0751
vn 0.9831 -0.1831 -0.0000
vn 0.9965 0.0364 -0.0751
vn 0.9928 -0.1201 -0.0000
vn 0.9922 0.0997 -0.0751
vn 0.9984 -0.0566 -0.0000
vn 0.9838 0.1627 -0.0751
vn 1.0000 0.0070 -0.0000
vn 0.9715 0.2250 -0.0751
vn 0.9975 0.0707 -0.0000
vn 0.9552 0.2864 -0.0751
vn 0.9910 0.1340 -0.0000
vn 0.9350 0.3467 -0.0751
vn 0.9804 0.1969 -0.0000
vn 0.9110 0.4055 -0.0751
vn 0.9659 0.2589 -0.0000
vn 0.8833 0.4627 -0.0751
vn 0.9475 0.3199 -0.0000
vn 0.8521 0.5180 -0.0751
vn 0.9252 0.3796 -0.0000
vn 0.8174 0.5712 -0.0750
vn 0.8991 0.4377 -0.0000
vn 0.7794 0.6220 -0.0751
vn 0.8694 0.4940 -0.0000
vn 0.7382 0.6704 -0.0751
vn 0.8362 0.5484 -0.0000
vn 0.6940 0.7161 -0.0751
vn 0.7996 0.6005 -0.0000
vn 0.6470 0.7588 -0.0751
vn 0.7598 0.6502 -0.0000
vn 0.5974 0.7984 -0.0751
vn 0.7168 0.6973 -0.0000
vn 0.5453 0.8348 -0.0751
vn 0.6710 0.7415 -0.0000
vn 0.4911 0.8679 -0.0751
vn 0.6224 0.7827 -0.0000
vn 0.4348 0.8974 -0.0751
vn 0.5713 0.8207 -0.0000
vn 0.3768 0.9232 -0.0751
vn 0.5179 0.8554 -0.0000
vn 0.3172 0.9454 -0.0751
vn 0.4624 0.8867 -0.0000
vn 0.2564 0.9637 -0.0751
vn 0.4050 0.9143 -0.0000
vn 0.1945 0.9780 -0.0751
vn 0.3459 0.9383 -0.0000
vn 0.1319 0.9884 -0.0751
vn 0.2855 0.9584 -0.0000
vn 0.0687 0.9948 -0.0751
vn 0.2239 0.9746 -0.0000
vn 0.0052 0.9972 -0.0751
vn 0.1614 0.9869 -0.0000
vn -0.0583 0.9955 -0.0751
vn 0.0982 0.9952 -0.0000
vn -0.1216 0.9897 -0.0751
vn 0.0346 0.9994 -0.0000
vn -0.1844 0.9800 -0.0751
vn -0.0291 0.9996 -0.0000
vn -0.3689 0.9178 -0.1471
vn -0.4266 0.8924 -0.1471
vn -0.4825 0.8635 -0.1471
vn -0.5365 0.8310 -0.1471
vn -0.5883 0.7951 -0.1471
vn -0.6378 0.7561 -0.1471
vn -0.6846 0.7139 -0.1471
vn -0.7287 0.6689 -0.1471
vn -0.7698 0.6211 -0.1471
vn -0.8078 0.5709 -0.1471
vn -0.8425 0.5183 -0.1471
vn -0.8738 0.4636 -0.1471
vn -0.9015 0.4070 -0.1471
vn -0.9256 0.3488 -0.1471
vn -0.9459 0.2891 -0.1471
vn -0.9624 0.2283 -0.1471
vn -0.9750 0.1666 -0.1471
vn -0.9836 0.1042 -0.1471
vn -0.9883 0.0413 -0.1471
vn -0.9889 -0.0216 -0.1471
vn -0.9855 -0.0846 -0.1471
vn -0.9781 -0.1471 -0.1471
vn -0.9668 -0.2091 -0.1471
vn -0.9515 -0.2702 -0.1471
vn -0.9324 -0.3303 -0.1471
vn -0.9094 -0.3890 -0.1471
vn -0.8828 -0.4461 -0.1471
vn -0.8526 -0.5014 -0.1471
vn -0.8190 -0.5547 -0.1471
vn -0.7820 -0.6057 -0.1471
vn -0.7418 -0.6543 -0.1471
vn -0.6987 -0.7001 -0.1471
vn -0.6527 -0.7432 -0.1471
vn -0.6040 -0.7833 -0.1471
vn -0.5530 -0.8201 -0.1471
vn -0.4996 -0.8537 -0.1471
vn -0.4442 -0.8838 -0.1471
vn -0.3871 -0.9102 -0.1471
vn -0.3283 -0.9330 -0.1471
vn -0.2683 -0.9520 -0.1471
vn -0.2071 -0.9672 -0.1471
vn -0.1451 -0.9784 -0.1471
vn -0.0825 -0.9857 -0.1471
vn -0.0196 -0.9889 -0.1471
vn 0.0435 -0.9882 -0.1471
vn 0.1063 -0.9834 -0.1471
vn 0.1687 -0.9746 -0.1471
vn 0.2304 -0.9619 -0.1471
vn 0.2912 -0.9453 -0.1471
vn 0.3507 -0.9248 -0.1471
vn 0.4089 -0.9006 -0.1471
vn 0.4654 -0.8728 -0.1471
vn 0.5201 -0.8414 -0.1471
vn 0.5726 -0.8065 -0.1471
vn 0.6228 -0.7685 -0.1471
vn 0.6704 -0.7272 -0.1471
vn 0.7154 -0.6831 -0.1471
vn 0.7574 -0.6361 -0.1471
vn 0.7964 -0.5866 -0.1471
vn 0.8321 -0.5347 -0.1471
vn 0.8645 -0.4807 -0.1471
vn 0.8933 -0.4246 -0.1471
vn 0.9186 -0.3669 -0.1471
vn 0.9400 -0.3077 -0.1471
vn 0.9577 -0.2472 -0.1471
vn 0.9715 -0.1857 -0.1471
vn 0.9814 -0.1235 -0.1471
vn 0.9873 -0.0607 -0.1471
vn 0.9891 0.0022 -0.1471
vn 0.9870 0.0652 -0.1471
vn 0.9808 0.1279 -0.1471
vn 0.9707 0.1901 -0.1471
vn 0.9566 0.2515 -0.1471
vn 0.9387 0.3119 -0.1471
vn 0.9169 0.3710 -0.1471
vn 0.8914 0.4287 -0.1471
vn 0.8623 0.4845 -0.1471
vn 0.8297 0.5385 -0.1471
vn 0.7937 0.5902 -0.1471
vn 0.7546 0.6395 -0.1471
vn 0.7123 0.6863 -0.1471
vn 0.6672 0.7303 -0.1471
vn 0.6193 0.7712 -0.1471
vn 0.5690 0.8091 -0.1471
vn 0.5163 0.8437 -0.1471
vn 0.4615 0.8749 -0.1471
vn 0.4049 0.9025 -0.1471
vn 0.3466 0.9264 -0.1471
vn 0.2869 0.9466 -0.1471
vn 0.2260 0.9629 -0.1471
vn 0.1643 0.9754 -0.1471
vn 0.1018 0.9839 -0.1471
vn 0.0390 0.9883 -0.1471
vn -0.0241 0.9888 -0.1471
vn -0.0869 0.9853 -0.1471
vn -0.1495 0.9778 -0.1471
vn -0.2114 0.9663 -0.1471
vn -0.2725 0.9508 -0.1471
vn -0.3325 0.9316 -0.1471
vn -0.5015 0.8384 -0.2135
vn -0.5539 0.8047 -0.2136
vn -0.6040 0.7678 -0.2136
vn -0.6517 0.7278 -0.2135
vn -0.6967 0.6849 -0.2135
vn -0.7389 0.6391 -0.2135
vn -0.7781 0.5908 -0.2135
vn -0.8141 0.5400 -0.2135
vn -0.8468 0.4871 -0.2135
vn -0.8761 0.4322 -0.2135
vn -0.9019 0.3755 -0.2135
vn -0.9240 0.3174 -0.2135
vn -0.9423 0.2579 -0.2135
vn -0.9568 0.1974 -0.2135
vn -0.9674 0.1361 -0.2135
vn -0.9741 0.0742 -0.2135
vn -0.9769 0.0120 -0.2135
vn -0.9756 -0.0502 -0.2135
vn -0.9705 -0.1122 -0.2135
vn -0.9614 -0.1738 -0.2135
vn -0.9483 -0.2346 -0.2135
vn -0.9315 -0.2946 -0.2135
vn -0.9108 -0.3533 -0.2135
vn -0.8865 -0.4105 -0.2135
vn -0.8585 -0.4662 -0.2135
vn -0.8271 -0.5199 -0.2135
vn -0.7923 -0.5715 -0.2135
vn -0.7544 -0.6208 -0.2135
vn -0.7133 -0.6675 -0.2135
vn -0.6693 -0.7116 -0.2135
vn -0.6227 -0.7528 -0.2135
vn -0.5735 -0.7909 -0.2135
vn -0.5220 -0.8258 -0.2135
vn -0.4683 -0.8574 -0.2135
vn -0.4128 -0.8854 -0.2135
vn -0.3556 -0.9099 -0.2135
vn -0.2969 -0.9307 -0.2135
vn -0.2371 -0.9477 -0.2135
vn -0.1762 -0.9609 -0.2135
vn -0.1147 -0.9702 -0.2136
vn -0.0527 -0.9755 -0.2135
vn 0.0095 -0.9769 -0.2135
vn 0.0717 -0.9743 -0.2135
vn 0.1336 -0.9678 -0.2135
vn 0.1949 -0.9573 -0.2135
vn 0.2555 -0.9429 -0.2135
vn 0.3150 -0.9248 -0.2135
vn 0.3732 -0.9028 -0.2135
vn 0.4300 -0.8772 -0.2135
vn 0.4850 -0.8481 -0.2135
vn 0.5380 -0.8155 -0.2135
vn 0.5888 -0.7796 -0.2135
vn 0.6372 -0.7405 -0.2135
vn 0.6831 -0.6984 -0.2135
vn 0.7262 -0.6535 -0.2135
vn 0.7663 -0.6060 -0.2135
vn 0.8033 -0.5559 -0.2135
vn 0.8371 -0.5037 -0.2135
vn 0.8675 -0.4493 -0.2135
vn 0.8943 -0.3932 -0.2135
vn 0.9175 -0.3355 -0.2135
vn 0.9370 -0.2764 -0.2135
vn 0.9527 -0.2161 -0.2135
vn 0.9646 -0.1550 -0.2135
vn 0.9725 -0.0933 -0.2135
vn 0.9764 -0.0312 -0.2135
vn 0.9764 0.0310 -0.2135
vn 0.9725 0.0932 -0.2135
vn 0.9646 0.1549 -0.2135
vn 0.9528 0.2160 -0.2135
vn 0.9371 0.2762 -0.2135
vn 0.9176 0.3353 -0.2135
vn 0.8944 0.3931 -0.2135
vn 0.8675 0.4492 -0.2135
vn 0.8372 0.5035 -0.2135
vn 0.8034 0.5558 -0.2135
vn 0.7664 0.6058 -0.2135
vn 0.7263 0.6534 -0.2135
vn 0.6832 0.6983 -0.2135
vn 0.6373 0.7404 -0.2135
vn 0.5889 0.7795 -0.2135
vn 0.5381 0.8154 -0.2135
vn 0.4851 0.8480 -0.2135
vn 0.4301 0.8772 -0.2135
vn 0.3734 0.9028 -0.2135
vn 0.3151 0.9247 -0.2135
vn 0.2556 0.9429 -0.2135
vn 0.1951 0.9573 -0.2135
vn 0.1337 0.9677 -0.2135
vn 0.0718 0.9743 -0.2135
vn 0.0097 0.9769 -0.2135
vn -0.0526 0.9755 -0.2136
vn -0.1146 0.9702 -0.2135
vn -0.1761 0.9609 -0.2135
vn -0.2369 0.9478 -0.2135
vn -0.2968 0.9308 -0.2136
vn -0.3554 0.9100 -0.2135
vn -0.4126 0.8855 -0.2135
vn -0.4682 0.8574 -0.2135
vn -0.6170 0.7383 -0.2724
vn -0.6627 0.6976 -0.2724
vn -0.7058 0.6540 -0.2724
vn -0.7460 0.6077 -0.2724
vn -0.7832 0.5590 -0.2724
vn -0.8172 0.5080 -0.2724
vn -0.8479 0.4549 -0.2724
vn -0.8751 0.4000 -0.2724
vn -0.8988 0.3434 -0.2724
vn -0.9189 0.2855 -0.2724
vn -0.9352 0.2264 -0.2724
vn -0.9477 0.1664 -0.2724
vn -0.9564 0.1057 -0.2724
vn -0.9612 0.0446 -0.2724
vn -0.9620 -0.0166 -0.2724
vn -0.9590 -0.0779 -0.2724
vn -0.9521 -0.1388 -0.2724
vn -0.9414 -0.1991 -0.2724
vn -0.9268 -0.2587 -0.2724
vn -0.9084 -0.3171 -0.2724
vn -0.8864 -0.3743 -0.2724
vn -0.8608 -0.4300 -0.2724
vn -0.8316 -0.4839 -0.2724
vn -0.7991 -0.5359 -0.2724
vn -0.7634 -0.5857 -0.2724
vn -0.7246 -0.6331 -0.2724
vn -0.6828 -0.6780 -0.2724
vn -0.6382 -0.7201 -0.2724
vn -0.5911 -0.7592 -0.2724
vn -0.5416 -0.7953 -0.2724
vn -0.4898 -0.8282 -0.2724
vn -0.4361 -0.8577 -0.2724
vn -0.3806 -0.8837 -0.2724
vn -0.3235 -0.9062 -0.2724
vn -0.2652 -0.9249 -0.2724
vn -0.2058 -0.9399 -0.2724
vn -0.1455 -0.9511 -0.2724
vn -0.0847 -0.9585 -0.2724
vn -0.0234 -0.9619 -0.2724
vn 0.0378 -0.9614 -0.2724
vn 0.0990 -0.9571 -0.2724
vn 0.1597 -0.9488 -0.2724
vn 0.2198 -0.9367 -0.2724
vn 0.2790 -0.9209 -0.2724
vn 0.3371 -0.9012 -0.2724
vn 0.3937 -0.8779 -0.2724
vn 0.4488 -0.8511 -0.2724
vn 0.5021 -0.8208 -0.2724
vn 0.5534 -0.7871 -0.2724
vn 0.6024 -0.7503 -0.2724
vn 0.6489 -0.7104 -0.2724
vn 0.6928 -0.6677 -0.2724
vn 0.7339 -0.6222 -0.2724
vn 0.7721 -0.5742 -0.2724
vn 0.8071 -0.5239 -0.2724
vn 0.8388 -0.4714 -0.2724
vn 0.8671 -0.4171 -0.2724
vn 0.8919 -0.3610 -0.2724
vn 0.9131 -0.3035 -0.2724
vn 0.9305 -0.2448 -0.2724
vn 0.9442 -0.1850 -0.2724
vn 0.9541 -0.1245 -0.2724
vn 0.9601 -0.0635 -0.2724
vn 0.9622 -0.0023 -0.2724
vn 0.9604 0.0590 -0.2724
vn 0.9547 0.1200 -0.2724
vn 0.9451 0.1806 -0.2724
vn 0.9317 0.2404 -0.2724
vn 0.9145 0.2992 -0.2724
vn 0.8936 0.3568 -0.2724
vn 0.8690 0.4130 -0.2724
vn 0.8410 0.4675 -0.2724
vn 0.8095 0.5201 -0.2724
vn 0.7748 0.5706 -0.2724
vn 0.7369 0.6188 -0.2724
vn 0.6960 0.6644 -0.2724
vn 0.6522 0.7074 -0.2724
vn 0.6059 0.7475 -0.2724
vn 0.5571 0.7845 -0.2724
vn 0.5060 0.8184 -0.2724
vn 0.4528 0.8490 -0.2724
vn 0.3979 0.8761 -0.2724
vn 0.3413 0.8996 -0.2724
vn 0.2833 0.9195 -0.2724
vn 0.2242 0.9357 -0.2724
vn 0.1642 0.9481 -0.2724
vn 0.1035 0.9566 -0.2724
vn 0.0423 0.9613 -0.2724
vn -0.0189 0.9620 -0.2724
vn -0.0802 0.9588 -0.2724
vn -0.1410 0.9518 -0.2724
vn -0.2013 0.9409 -0.2724
vn -0.2608 0.9262 -0.2724
vn -0.3193 0.9077 -0.2724
vn -0.3764 0.8855 -0.2724
vn -0.4320 0.8597 -0.2724
vn -0.4859 0.8305 -0.2724
vn -0.5378 0.7978 -0.2724
vn -0.5875 0.7620 -0.2724
vn -0.7131 0.6225 -0.3225
vn -0.7513 0.5758 -0.3225
vn -0.7864 0.5268 -0.3225
vn -0.8184 0.4756 -0.3225
vn -0.8470 0.4226 -0.3225
vn -0.8722 0.3678 -0.3225
vn -0.8939 0.3115 -0.3225
vn -0.9119 0.2540 -0.3225
vn -0.9262 0.1954 -0.3225
vn -0.9367 0.1360 -0.3225
vn -0.9435 0.0761 -0.3225
vn -0.9464 0.0159 -0.3225
vn -0.9455 -0.0444 -0.3225
vn -0.9408 -0.1045 -0.3225
vn -0.9322 -0.1642 -0.3225
vn -0.9199 -0.2232 -0.3225
vn -0.9038 -0.2813 -0.3225
vn -0.8840 -0.3383 -0.3225
vn -0.8607 -0.3939 -0.3225
vn -0.8339 -0.4479 -0.3225
vn -0.8037 -0.5001 -0.3225
vn -0.7702 -0.5503 -0.3225
vn -0.7336 -0.5982 -0.3225
vn -0.6940 -0.6437 -0.3225
vn -0.6516 -0.6866 -0.3225
vn -0.6066 -0.7267 -0.3225
vn -0.5591 -0.7638 -0.3225
vn -0.5093 -0.7979 -0.3225
vn -0.4575 -0.8287 -0.3225
vn -0.4038 -0.8561 -0.3225
vn -0.3485 -0.8801 -0.3225
vn -0.2918 -0.9005 -0.3225
vn -0.2338 -0.9172 -0.3225
vn -0.1749 -0.9303 -0.3225
vn -0.1154 -0.9395 -0.3225
vn -0.0553 -0.9450 -0.3225
vn 0.0050 -0.9466 -0.3225
vn 0.0652 -0.9443 -0.3225
vn 0.1252 -0.9383 -0.3225
vn 0.1847 -0.9284 -0.3225
vn 0.2435 -0.9147 -0.3225
vn 0.3012 -0.8974 -0.3225
vn 0.3577 -0.8764 -0.3225
vn 0.4128 -0.8518 -0.3225
vn 0.4662 -0.8238 -0.3225
vn 0.5177 -0.7925 -0.3225
vn 0.5671 -0.7579 -0.3225
vn 0.6142 -0.7202 -0.3225
vn 0.6588 -0.6797 -0.3225
vn 0.7008 -0.6363 -0.3225
vn 0.7398 -0.5905 -0.3225
vn 0.7759 -0.5422 -0.3225
vn 0.8089 -0.4917 -0.3225
vn 0.8385 -0.4391 -0.3225
vn 0.8648 -0.3848 -0.3225
vn 0.8876 -0.3290 -0.3225
vn 0.9067 -0.2718 -0.3225
vn 0.9222 -0.2135 -0.3225
vn 0.9339 -0.1544 -0.3225
vn 0.9418 -0.0946 -0.3225
vn 0.9459 -0.0345 -0.3225
vn 0.9462 0.0258 -0.3225
vn 0.9427 0.0860 -0.3225
vn 0.9353 0.1459 -0.3225
vn 0.9241 0.2051 -0.3225
vn 0.9091 0.2635 -0.3225
vn 0.8905 0.3209 -0.3225
vn 0.8683 0.3769 -0.3225
vn 0.8425 0.4314 -0.3225
vn 0.8134 0.4842 -0.3225
vn 0.7809 0.5350 -0.3225
vn 0.7452 0.5837 -0.3225
vn 0.7065 0.6299 -0.3225
vn 0.6650 0.6736 -0.3225
vn 0.6208 0.7146 -0.3225
vn 0.5740 0.7527 -0.3225
vn 0.5249 0.7877 -0.3225
vn 0.4737 0.8195 -0.3225
vn 0.4206 0.8480 -0.3225
vn 0.3657 0.8731 -0.3225
vn 0.3094 0.8946 -0.3225
vn 0.2518 0.9125 -0.3225
vn 0.1932 0.9266 -0.3225
vn 0.1338 0.9371 -0.3225
vn 0.0739 0.9437 -0.3225
vn 0.0136 0.9465 -0.3225
vn -0.0467 0.9454 -0.3225
vn -0.1067 0.9405 -0.3225
vn -0.1664 0.9318 -0.3225
vn -0.2254 0.9193 -0.3225
vn -0.2835 0.9031 -0.3225
vn -0.3404 0.8832 -0.3225
vn -0.3960 0.8598 -0.3225
vn -0.4499 0.8328 -0.3225
vn -0.5020 0.8025 -0.3225
vn -0.5521 0.7689 -0.3225
vn -0.5999 0.7322 -0.3225
vn -0.6453 0.6925 -0.3225
vn -0.6881 0.6500 -0.3225
vn -0.7891 0.4953 -0.3633
vn -0.8191 0.4440 -0.3633
vn -0.8457 0.3910 -0.3633
vn -0.8688 0.3364 -0.3633
vn -0.8885 0.2803 -0.3633
vn -0.9045 0.2232 -0.3633
vn -0.9169 0.1652 -0.3633
vn -0.9256 0.1065 -0.3633
vn -0.9305 0.0473 -0.3633
vn -0.9316 -0.0120 -0.3633
vn -0.9289 -0.0713 -0.3633
vn -0.9225 -0.1303 -0.3633
vn -0.9124 -0.1888 -0.3633
vn -0.8985 -0.2465 -0.3633
vn -0.8810 -0.3032 -0.3633
vn -0.8599 -0.3587 -0.3633
vn -0.8353 -0.4127 -0.3633
vn -0.8073 -0.4650 -0.3633
vn -0.7761 -0.5155 -0.3633
vn -0.7417 -0.5639 -0.3633
vn -0.7042 -0.6100 -0.3633
vn -0.6640 -0.6536 -0.3633
vn -0.6210 -0.6945 -0.3633
vn -0.5755 -0.7326 -0.3633
vn -0.5277 -0.7678 -0.3633
vn -0.4778 -0.7998 -0.3633
vn -0.4259 -0.8286 -0.3633
vn -0.3723 -0.8541 -0.3633
vn -0.3171 -0.8760 -0.3633
vn -0.2607 -0.8945 -0.3633
vn -0.2032 -0.9092 -0.3633
vn -0.1449 -0.9203 -0.3633
vn -0.0860 -0.9277 -0.3633
vn -0.0268 -0.9313 -0.3633
vn 0.0326 -0.9311 -0.3633
vn 0.0918 -0.9271 -0.3633
vn 0.1506 -0.9194 -0.3633
vn 0.2088 -0.9080 -0.3633
vn 0.2662 -0.8928 -0.3633
vn 0.3225 -0.8741 -0.3633
vn 0.3775 -0.8518 -0.3633
vn 0.4310 -0.8260 -0.3633
vn 0.4827 -0.7969 -0.3633
vn 0.5325 -0.7645 -0.3633
vn 0.5801 -0.7291 -0.3633
vn 0.6253 -0.6906 -0.3633
vn 0.6680 -0.6494 -0.3633
vn 0.7080 -0.6056 -0.3633
vn 0.7451 -0.5593 -0.3633
vn 0.7792 -0.5107 -0.3633
vn 0.8102 -0.4601 -0.3633
vn 0.8378 -0.4075 -0.3633
vn 0.8621 -0.3533 -0.3633
vn 0.8828 -0.2977 -0.3633
vn 0.9000 -0.2409 -0.3633
vn 0.9135 -0.1832 -0.3633
vn 0.9233 -0.1246 -0.3633
vn 0.9294 -0.0656 -0.3633
vn 0.9317 -0.0063 -0.3633
vn 0.9302 0.0531 -0.3633
vn 0.9249 0.1122 -0.3633
vn 0.9159 0.1708 -0.3633
vn 0.9031 0.2288 -0.3633
vn 0.8867 0.2858 -0.3633
vn 0.8667 0.3417 -0.3633
vn 0.8432 0.3962 -0.3633
vn 0.8163 0.4491 -0.3633
vn 0.7860 0.5002 -0.3633
vn 0.7526 0.5492 -0.3633
vn 0.7161 0.5960 -0.3633
vn 0.6767 0.6404 -0.3633
vn 0.6346 0.6822 -0.3633
vn 0.5898 0.7212 -0.3633
vn 0.5427 0.7573 -0.3633
vn 0.4934 0.7903 -0.3633
vn 0.4421 0.8201 -0.3633
vn 0.3890 0.8466 -0.3633
vn 0.3343 0.8696 -0.3633
vn 0.2782 0.8892 -0.3633
vn 0.2210 0.9051 -0.3633
vn 0.1630 0.9173 -0.3633
vn 0.1042 0.9258 -0.3633
vn 0.0451 0.9306 -0.3633
vn -0.0143 0.9316 -0.3633
vn -0.0736 0.9288 -0.3633
vn -0.1325 0.9222 -0.3633
vn -0.1910 0.9119 -0.3633
vn -0.2486 0.8979 -0.3633
vn -0.3053 0.8802 -0.3633
vn -0.3607 0.8590 -0.3633
vn -0.4147 0.8343 -0.3633
vn -0.4670 0.8062 -0.3633
vn -0.5174 0.7748 -0.3633
vn -0.5656 0.7403 -0.3633
vn -0.6116 0.7028 -0.3633
vn -0.6551 0.6624 -0.3633
vn -0.6960 0.6194 -0.3633
vn -0.7340 0.5738 -0.3633
vn -0.7691 0.5259 -0.3633
vn -0.8451 0.3606 -0.3947
vn -0.8663 0.3061 -0.3947
vn -0.8840 0.2503 -0.3947
vn -0.8982 0.1935 -0.3947
vn -0.9087 0.1359 -0.3947
vn -0.9155 0.0778 -0.3947
vn -0.9186 0.0194 -0.3947
vn -0.9180 -0.0392 -0.3947
vn -0.9136 -0.0976 -0.3947
vn -0.9055 -0.1555 -0.3947
vn -0.8938 -0.2128 -0.3947
vn -0.8784 -0.2693 -0.3947
vn -0.8595 -0.3247 -0.3947
vn -0.8371 -0.3788 -0.3947
vn -0.8113 -0.4313 -0.3947
vn -0.7822 -0.4821 -0.3947
vn -0.7499 -0.5309 -0.3947
vn -0.7146 -0.5776 -0.3947
vn -0.6763 -0.6219 -0.3947
vn -0.6353 -0.6637 -0.3947
vn -0.5918 -0.7028 -0.3947
vn -0.5459 -0.7391 -0.3947
vn -0.4977 -0.7723 -0.3947
vn -0.4475 -0.8024 -0.3947
vn -0.3955 -0.8293 -0.3947
vn -0.3419 -0.8528 -0.3947
vn -0.2869 -0.8728 -0.3947
vn -0.2308 -0.8893 -0.3947
vn -0.1737 -0.9022 -0.3947
vn -0.1159 -0.9115 -0.3947
vn -0.0576 -0.9170 -0.3947
vn 0.0009 -0.9188 -0.3947
vn 0.0594 -0.9169 -0.3947
vn 0.1176 -0.9112 -0.3947
vn 0.1754 -0.9019 -0.3947
vn 0.2325 -0.8889 -0.3947
vn 0.2886 -0.8723 -0.3947
vn 0.3436 -0.8521 -0.3947
vn 0.3972 -0.8285 -0.3948
vn 0.4491 -0.8016 -0.3947
vn 0.4992 -0.7714 -0.3947
vn 0.5473 -0.7380 -0.3947
vn 0.5932 -0.7017 -0.3947
vn 0.6366 -0.6625 -0.3947
vn 0.6775 -0.6206 -0.3947
vn 0.7157 -0.5762 -0.3947
vn 0.7509 -0.5295 -0.3947
vn 0.7831 -0.4806 -0.3947
vn 0.8121 -0.4298 -0.3947
vn 0.8378 -0.3772 -0.3947
vn 0.8601 -0.3230 -0.3947
vn 0.8790 -0.2676 -0.3947
vn 0.8942 -0.2111 -0.3947
vn 0.9058 -0.1537 -0.3947
vn 0.9138 -0.0958 -0.3947
vn 0.9180 -0.0374 -0.3947
vn 0.9186 0.0211 -0.3947
vn 0.9153 0.0796 -0.3947
vn 0.9084 0.1377 -0.3947
vn 0.8978 0.1952 -0.3947
vn 0.8836 0.2520 -0.3947
vn 0.8657 0.3078 -0.3947
vn 0.8444 0.3623 -0.3947
vn 0.8196 0.4153 -0.3947
vn 0.7915 0.4666 -0.3947
vn 0.7602 0.5161 -0.3947
vn 0.7258 0.5634 -0.3947
vn 0.6884 0.6085 -0.3947
vn 0.6483 0.6511 -0.3947
vn 0.6055 0.6910 -0.3947
vn 0.5603 0.7282 -0.3947
vn 0.5128 0.7624 -0.3947
vn 0.4632 0.7935 -0.3947
vn 0.4117 0.8214 -0.3947
vn 0.3586 0.8459 -0.3947
vn 0.3040 0.8670 -0.3947
vn 0.2482 0.8846 -0.3947
vn 0.1914 0.8986 -0.3947
vn 0.1337 0.9090 -0.3947
vn 0.0756 0.9157 -0.3947
vn 0.0172 0.9186 -0.3947
vn -0.0414 0.9179 -0.3947
vn -0.0997 0.9134 -0.3947
vn -0.1577 0.9052 -0.3947
vn -0.2150 0.8933 -0.3947
vn -0.2714 0.8778 -0.3947
vn -0.3268 0.8587 -0.3947
vn -0.3808 0.8362 -0.3947
vn -0.4332 0.8102 -0.3947
vn -0.4840 0.7810 -0.3947
vn -0.5327 0.7486 -0.3947
vn -0.5793 0.7132 -0.3947
vn -0.6235 0.6749 -0.3947
vn -0.6652 0.6338 -0.3947
vn -0.7042 0.5901 -0.3947
vn -0.7404 0.5441 -0.3947
vn -0.7735 0.4959 -0.3948
vn -0.8035 0.4456 -0.3947
vn -0.8302 0.3935 -0.3947
vn -0.8815 0.2215 -0.4170
vn -0.8938 0.1649 -0.4170
vn -0.9025 0.1076 -0.4170
vn -0.9076 0.0500 -0.4170
vn -0.9089 -0.0079 -0.4170
vn -0.9065 -0.0658 -0.4170
vn -0.9005 -0.1234 -0.4170
vn -0.8908 -0.1804 -0.4170
vn -0.8775 -0.2368 -0.4170
vn -0.8607 -0.2922 -0.4170
vn -0.8403 -0.3464 -0.4170
vn -0.8166 -0.3992 -0.4170
vn -0.7895 -0.4504 -0.4170
vn -0.7592 -0.4997 -0.4170
vn -0.7259 -0.5470 -0.4170
vn -0.6896 -0.5922 -0.4170
vn -0.6504 -0.6349 -0.4170
vn -0.6087 -0.6750 -0.4170
vn -0.5645 -0.7124 -0.4170
vn -0.5180 -0.7469 -0.4170
vn -0.4694 -0.7783 -0.4170
vn -0.4189 -0.8066 -0.4170
vn -0.3667 -0.8317 -0.4170
vn -0.3130 -0.8533 -0.4170
vn -0.2580 -0.8715 -0.4170
vn -0.2020 -0.8862 -0.4170
vn -0.1451 -0.8973 -0.4170
vn -0.0877 -0.9047 -0.4170
vn -0.0299 -0.9084 -0.4170
vn 0.0279 -0.9085 -0.4170
vn 0.0857 -0.9049 -0.4170
vn 0.1432 -0.8976 -0.4170
vn 0.2000 -0.8866 -0.4170
vn 0.2561 -0.8721 -0.4170
vn 0.3111 -0.8540 -0.4170
vn 0.3648 -0.8325 -0.4170
vn 0.4171 -0.8076 -0.4170
vn 0.4677 -0.7794 -0.4170
vn 0.5164 -0.7480 -0.4170
vn 0.5629 -0.7136 -0.4170
vn 0.6072 -0.6763 -0.4170
vn 0.6490 -0.6363 -0.4170
vn 0.6882 -0.5937 -0.4170
vn 0.7246 -0.5487 -0.4170
vn 0.7581 -0.5014 -0.4170
vn 0.7885 -0.4521 -0.4170
vn 0.8157 -0.4010 -0.4170
vn 0.8395 -0.3483 -0.4170
vn 0.8600 -0.2941 -0.4170
vn 0.8770 -0.2387 -0.4170
vn 0.8904 -0.1824 -0.4170
vn 0.9002 -0.1254 -0.4170
vn 0.9064 -0.0678 -0.4170
vn 0.9089 -0.0099 -0.4170
vn 0.9077 0.0480 -0.4170
vn 0.9028 0.1056 -0.4170
vn 0.8942 0.1629 -0.4170
vn 0.8820 0.2195 -0.4170
vn 0.8663 0.2752 -0.4170
vn 0.8470 0.3298 -0.4170
vn 0.8243 0.3831 -0.4170
vn 0.7982 0.4348 -0.4170
vn 0.7689 0.4847 -0.4170
vn 0.7365 0.5327 -0.4170
vn 0.7011 0.5785 -0.4170
vn 0.6628 0.6220 -0.4170
vn 0.6219 0.6629 -0.4170
vn 0.5784 0.7012 -0.4170
vn 0.5325 0.7366 -0.4170
vn 0.4846 0.7690 -0.4170
vn 0.4346 0.7983 -0.4170
vn 0.3829 0.8243 -0.4170
vn 0.3297 0.8470 -0.4170
vn 0.2751 0.8663 -0.4170
vn 0.2194 0.8821 -0.4170
vn 0.1628 0.8942 -0.4170
vn 0.1055 0.9028 -0.4170
vn 0.0478 0.9077 -0.4170
vn -0.0101 0.9089 -0.4170
vn -0.0679 0.9064 -0.4170
vn -0.1255 0.9002 -0.4170
vn -0.1826 0.8904 -0.4170
vn -0.2389 0.8770 -0.4170
vn -0.2942 0.8600 -0.4170
vn -0.3484 0.8395 -0.4170
vn -0.4011 0.8156 -0.4170
vn -0.4523 0.7884 -0.4170
vn -0.5015 0.7580 -0.4170
vn -0.5488 0.7246 -0.4170
vn -0.5938 0.6881 -0.4170
vn -0.6364 0.6489 -0.4170
vn -0.6764 0.6071 -0.4170
vn -0.7137 0.5628 -0.4170
vn -0.7481 0.5162 -0.4170
vn -0.7795 0.4676 -0.4170
vn -0.8076 0.4170 -0.4170
vn -0.8325 0.3647 -0.4170
vn -0.8541 0.3110 -0.4170
vn -0.8721 0.2559 -0.4170
vn -0.8992 0.0801 -0.4302
vn -0.9025 0.0227 -0.4302
vn -0.9021 -0.0348 -0.4302
vn -0.8980 -0.0921 -0.4302
vn -0.8903 -0.1491 -0.4302
vn -0.8790 -0.2055 -0.4302
vn -0.8642 -0.2611 -0.4302
vn -0.8458 -0.3156 -0.4302
vn -0.8240 -0.3688 -0.4302
vn -0.7988 -0.4205 -0.4302
vn -0.7704 -0.4705 -0.4302
vn -0.7389 -0.5186 -0.4302
vn -0.7044 -0.5646 -0.4302
vn -0.6670 -0.6083 -0.4302
vn -0.6269 -0.6495 -0.4302
vn -0.5843 -0.6881 -0.4302
vn -0.5393 -0.7239 -0.4302
vn -0.4921 -0.7568 -0.4302
vn -0.4430 -0.7866 -0.4302
vn -0.3920 -0.8132 -0.4302
vn -0.3394 -0.8365 -0.4302
vn -0.2854 -0.8564 -0.4302
vn -0.2303 -0.8729 -0.4302
vn -0.1743 -0.8858 -0.4302
vn -0.1175 -0.8951 -0.4302
vn -0.0603 -0.9007 -0.4302
vn -0.0028 -0.9027 -0.4302
vn 0.0547 -0.9011 -0.4302
vn 0.1119 -0.8958 -0.4302
vn 0.1687 -0.8868 -0.4302
vn 0.2248 -0.8743 -0.4302
vn 0.2800 -0.8582 -0.4302
vn 0.3341 -0.8386 -0.4302
vn 0.3868 -0.8157 -0.4302
vn 0.4380 -0.7894 -0.4302
vn 0.4873 -0.7599 -0.4302
vn 0.5347 -0.7273 -0.4302
vn 0.5799 -0.6918 -0.4302
vn 0.6228 -0.6535 -0.4302
vn 0.6632 -0.6125 -0.4302
vn 0.7008 -0.5690 -0.4302
vn 0.7356 -0.5232 -0.4302
vn 0.7674 -0.4753 -0.4302
vn 0.7962 -0.4255 -0.4302
vn 0.8216 -0.3740 -0.4302
vn 0.8438 -0.3209 -0.4302
vn 0.8625 -0.2665 -0.4302
vn 0.8777 -0.2110 -0.4302
vn 0.8894 -0.1547 -0.4302
vn 0.8974 -0.0978 -0.4302
vn 0.9018 -0.0405 -0.4302
vn 0.9026 0.0170 -0.4302
vn 0.8997 0.0745 -0.4302
vn 0.8931 0.1316 -0.4302
vn 0.8829 0.1882 -0.4302
vn 0.8691 0.2440 -0.4302
vn 0.8518 0.2989 -0.4302
vn 0.8311 0.3525 -0.4302
vn 0.8069 0.4047 -0.4302
vn 0.7795 0.4553 -0.4302
vn 0.7490 0.5040 -0.4302
vn 0.7154 0.5506 -0.4302
vn 0.6789 0.5951 -0.4302
vn 0.6396 0.6371 -0.4302
vn 0.5977 0.6765 -0.4302
vn 0.5534 0.7132 -0.4302
vn 0.5069 0.7470 -0.4302
vn 0.4583 0.7777 -0.4302
vn 0.4079 0.8053 -0.4302
vn 0.3558 0.8297 -0.4302
vn 0.3022 0.8506 -0.4302
vn 0.2475 0.8682 -0.4302
vn 0.1917 0.8822 -0.4302
vn 0.1351 0.8926 -0.4302
vn 0.0780 0.8994 -0.4302
vn 0.0206 0.9025 -0.4302
vn -0.0369 0.9020 -0.4302
vn -0.0943 0.8978 -0.4302
vn -0.1512 0.8900 -0.4302
vn -0.2076 0.8785 -0.4302
vn -0.2631 0.8635 -0.4302
vn -0.3176 0.8450 -0.4302
vn -0.3707 0.8231 -0.4302
vn -0.4224 0.7978 -0.4302
vn -0.4723 0.7693 -0.4302
vn -0.5203 0.7377 -0.4302
vn -0.5662 0.7031 -0.4302
vn -0.6099 0.6656 -0.4302
vn -0.6510 0.6254 -0.4302
vn -0.6895 0.5827 -0.4302
vn -0.7252 0.5376 -0.4302
vn -0.7580 0.4903 -0.4302
vn -0.7876 0.4411 -0.4302
vn -0.8141 0.3900 -0.4302
vn -0.8373 0.3374 -0.4302
vn -0.8571 0.2834 -0.4302
vn -0.8734 0.2282 -0.4302
vn -0.8862 0.1722 -0.4302
vn -0.8953 0.1154 -0.4302
vn -0.8985 -0.0615 -0.4346
vn -0.8928 -0.1186 -0.4346
vn -0.8834 -0.1752 -0.4346
vn -0.8705 -0.2311 -0.4346
vn -0.8540 -0.2861 -0.4346
vn -0.8340 -0.3398 -0.4346
vn -0.8107 -0.3923 -0.4346
vn -0.7841 -0.4431 -0.4346
vn -0.7543 -0.4921 -0.4346
vn -0.7214 -0.5391 -0.4346
vn -0.6856 -0.5839 -0.4346
vn -0.6471 -0.6264 -0.4346
vn -0.6059 -0.6663 -0.4346
vn -0.5622 -0.7036 -0.4346
vn -0.5163 -0.7379 -0.4346
vn -0.4682 -0.7693 -0.4346
vn -0.4183 -0.7976 -0.4346
vn -0.3667 -0.8226 -0.4346
vn -0.3136 -0.8443 -0.4346
vn -0.2592 -0.8625 -0.4346
vn -0.2037 -0.8773 -0.4346
vn -0.1475 -0.8885 -0.4346
vn -0.0906 -0.8960 -0.4346
vn -0.0334 -0.9000 -0.4346
vn 0.0240 -0.9003 -0.4346
vn 0.0813 -0.8969 -0.4346
vn 0.1382 -0.8899 -0.4346
vn 0.1946 -0.8793 -0.4346
vn 0.2502 -0.8652 -0.4346
vn 0.3048 -0.8475 -0.4346
vn 0.3581 -0.8263 -0.4346
vn 0.4100 -0.8019 -0.4346
vn 0.4602 -0.7741 -0.4346
vn 0.5086 -0.7433 -0.4346
vn 0.5549 -0.7094 -0.4346
vn 0.5989 -0.6726 -0.4346
vn 0.6405 -0.6331 -0.4346
vn 0.6795 -0.5910 -0.4346
vn 0.7158 -0.5466 -0.4346
vn 0.7491 -0.4999 -0.4346
vn 0.7794 -0.4512 -0.4346
vn 0.8066 -0.4006 -0.4346
vn 0.8305 -0.3485 -0.4346
vn 0.8510 -0.2949 -0.4346
vn 0.8680 -0.2401 -0.4346
vn 0.8815 -0.1843 -0.4346
vn 0.8915 -0.1278 -0.4346
vn 0.8978 -0.0708 -0.4346
vn 0.9005 -0.0135 -0.4346
vn 0.8995 0.0438 -0.4346
vn 0.8949 0.1010 -0.4346
vn 0.8867 0.1578 -0.4346
vn 0.8748 0.2140 -0.4346
vn 0.8594 0.2692 -0.4346
vn 0.8406 0.3234 -0.4346
vn 0.8182 0.3763 -0.4346
vn 0.7926 0.4276 -0.4346
vn 0.7638 0.4772 -0.4346
vn 0.7319 0.5249 -0.4346
vn 0.6970 0.5704 -0.4346
vn 0.6592 0.6136 -0.4346
vn 0.6188 0.6543 -0.4346
vn 0.5759 0.6924 -0.4346
vn 0.5307 0.7277 -0.4346
vn 0.4832 0.7600 -0.4346
vn 0.4339 0.7892 -0.4346
vn 0.3828 0.8152 -0.4346
vn 0.3301 0.8379 -0.4346
vn 0.2761 0.8572 -0.4346
vn 0.2209 0.8731 -0.4346
vn 0.1649 0.8854 -0.4346
vn 0.1082 0.8941 -0.4346
vn 0.0510 0.8992 -0.4346
vn -0.0063 0.9006 -0.4346
vn -0.0637 0.8984 -0.4346
vn -0.1207 0.8925 -0.4346
vn -0.1773 0.8830 -0.4346
vn -0.2332 0.8699 -0.4346
vn -0.2881 0.8533 -0.4346
vn -0.3418 0.8332 -0.4346
vn -0.3942 0.8098 -0.4346
vn -0.4449 0.7830 -0.4346
vn -0.4939 0.7531 -0.4346
vn -0.5408 0.7201 -0.4346
vn -0.5856 0.6842 -0.4346
vn -0.6280 0.6456 -0.4346
vn -0.6678 0.6043 -0.4346
vn -0.7049 0.5605 -0.4346
vn -0.7392 0.5145 -0.4346
vn -0.7704 0.4664 -0.4346
vn -0.7986 0.4164 -0.4346
vn -0.8235 0.3647 -0.4346
vn -0.8450 0.3115 -0.4346
vn -0.8631 0.2571 -0.4346
vn -0.8777 0.2016 -0.4346
vn -0.8888 0.1453 -0.4346
vn -0.8963 0.0884 -0.4346
vn -0.9001 0.0312 -0.4346
vn -0.9002 -0.0262 -0.4346
vn -0.8798 -0.2019 -0.4303
vn -0.8652 -0.2575 -0.4303
vn -0.8470 -0.3121 -0.4303
vn -0.8254 -0.3654 -0.4303
vn -0.8005 -0.4172 -0.4303
vn -0.7723 -0.4673 -0.4304
vn -0.7410 -0.5155 -0.4303
vn -0.7066 -0.5617 -0.4303
vn -0.6694 -0.6055 -0.4303
vn -0.6295 -0.6469 -0.4303
vn -0.5870 -0.6857 -0.4304
vn -0.5422 -0.7217 -0.4303
vn -0.4952 -0.7547 -0.4303
vn -0.4461 -0.7847 -0.4304
vn -0.3952 -0.8115 -0.4303
vn -0.3428 -0.8351 -0.4303
vn -0.2889 -0.8552 -0.4304
vn -0.2338 -0.8718 -0.4304
vn -0.1779 -0.8850 -0.4303
vn -0.1212 -0.8945 -0.4303
vn -0.0640 -0.9004 -0.4304
vn -0.0065 -0.9026 -0.4304
vn 0.0510 -0.9012 -0.4303
vn 0.1082 -0.8962 -0.4303
vn 0.1651 -0.8874 -0.4303
vn 0.2212 -0.8751 -0.4303
vn 0.2765 -0.8593 -0.4303
vn 0.3307 -0.8399 -0.4303
vn 0.3835 -0.8172 -0.4303
vn 0.4347 -0.7911 -0.4303
vn 0.4842 -0.7618 -0.4303
vn 0.5317 -0.7294 -0.4303
vn 0.5771 -0.6941 -0.4303
vn 0.6201 -0.6559 -0.4303
vn 0.6606 -0.6151 -0.4303
vn 0.6984 -0.5718 -0.4304
vn 0.7334 -0.5262 -0.4303
vn 0.7655 -0.4784 -0.4303
vn 0.7944 -0.4287 -0.4304
vn 0.8201 -0.3772 -0.4303
vn 0.8424 -0.3243 -0.4303
vn 0.8614 -0.2699 -0.4303
vn 0.8768 -0.2146 -0.4304
vn 0.8887 -0.1583 -0.4303
vn 0.8969 -0.1014 -0.4303
vn 0.9016 -0.0441 -0.4303
vn 0.9026 0.0134 -0.4303
vn 0.8999 0.0708 -0.4303
vn 0.8935 0.1280 -0.4303
vn 0.8836 0.1846 -0.4303
vn 0.8700 0.2405 -0.4303
vn 0.8530 0.2954 -0.4303
vn 0.8324 0.3491 -0.4304
vn 0.8085 0.4014 -0.4303
vn 0.7813 0.4520 -0.4303
vn 0.7509 0.5009 -0.4303
vn 0.7175 0.5477 -0.4304
vn 0.6812 0.5922 -0.4303
vn 0.6421 0.6344 -0.4303
vn 0.6004 0.6740 -0.4303
vn 0.5563 0.7109 -0.4303
vn 0.5099 0.7449 -0.4303
vn 0.4614 0.7758 -0.4303
vn 0.4111 0.8036 -0.4303
vn 0.3591 0.8282 -0.4303
vn 0.3056 0.8493 -0.4303
vn 0.2509 0.8671 -0.4304
vn 0.1952 0.8813 -0.4304
vn 0.1387 0.8919 -0.4303
vn 0.0816 0.8990 -0.4303
vn 0.0242 0.9023 -0.4303
vn -0.0332 0.9021 -0.4303
vn -0.0906 0.8981 -0.4304
vn -0.1476 0.8905 -0.4303
vn -0.2040 0.8793 -0.4303
vn -0.2596 0.8645 -0.4303
vn -0.3141 0.8463 -0.4303
vn -0.3673 0.8245 -0.4304
vn -0.4191 0.7995 -0.4303
vn -0.4692 0.7712 -0.4303
vn -0.5173 0.7397 -0.4303
vn -0.5634 0.7053 -0.4303
vn -0.6071 0.6680 -0.4303
vn -0.6484 0.6280 -0.4303
vn -0.6871 0.5854 -0.4304
vn -0.7230 0.5405 -0.4303
vn -0.7559 0.4934 -0.4303
vn -0.7858 0.4442 -0.4303
vn -0.8125 0.3933 -0.4303
vn -0.8359 0.3408 -0.4304
vn -0.8559 0.2869 -0.4303
vn -0.8724 0.2318 -0.4303
vn -0.8854 0.1758 -0.4304
vn -0.8948 0.1190 -0.4303
vn -0.9005 0.0618 -0.4303
vn -0.9027 0.0044 -0.4303
vn -0.9011 -0.0531 -0.4303
vn -0.8959 -0.1104 -0.4304
vn -0.8870 -0.1672 -0.4304
vn -0.8430 -0.3395 -0.4173
vn -0.8197 -0.3925 -0.4173
vn -0.7930 -0.4439 -0.4173
vn -0.7631 -0.4935 -0.4173
vn -0.7302 -0.5411 -0.4173
vn -0.6942 -0.5865 -0.4173
vn -0.6555 -0.6295 -0.4173
vn -0.6141 -0.6699 -0.4173
vn -0.5702 -0.7077 -0.4173
vn -0.5240 -0.7425 -0.4173
vn -0.4756 -0.7744 -0.4173
vn -0.4254 -0.8031 -0.4173
vn -0.3734 -0.8285 -0.4173
vn -0.3199 -0.8506 -0.4173
vn -0.2650 -0.8693 -0.4173
vn -0.2092 -0.8844 -0.4173
vn -0.1524 -0.8959 -0.4173
vn -0.0951 -0.9038 -0.4173
vn -0.0374 -0.9080 -0.4173
vn 0.0205 -0.9086 -0.4173
vn 0.0784 -0.9054 -0.4173
vn 0.1358 -0.8986 -0.4173
vn 0.1928 -0.8881 -0.4173
vn 0.2489 -0.8740 -0.4173
vn 0.3041 -0.8564 -0.4173
vn 0.3580 -0.8353 -0.4172
vn 0.4104 -0.8108 -0.4173
vn 0.4612 -0.7830 -0.4173
vn 0.5102 -0.7521 -0.4173
vn 0.5570 -0.7181 -0.4173
vn 0.6016 -0.6812 -0.4173
vn 0.6438 -0.6415 -0.4173
vn 0.6833 -0.5992 -0.4173
vn 0.7201 -0.5544 -0.4173
vn 0.7539 -0.5075 -0.4173
vn 0.7847 -0.4584 -0.4173
vn 0.8123 -0.4076 -0.4172
vn 0.8366 -0.3550 -0.4173
vn 0.8575 -0.3010 -0.4173
vn 0.8749 -0.2458 -0.4173
vn 0.8888 -0.1896 -0.4172
vn 0.8991 -0.1326 -0.4173
vn 0.9057 -0.0751 -0.4173
vn 0.9086 -0.0173 -0.4173
vn 0.9079 0.0406 -0.4173
vn 0.9035 0.0983 -0.4173
vn 0.8954 0.1556 -0.4173
vn 0.8836 0.2123 -0.4173
vn 0.8683 0.2681 -0.4173
vn 0.8495 0.3229 -0.4172
vn 0.8272 0.3763 -0.4173
vn 0.8016 0.4282 -0.4173
vn 0.7727 0.4784 -0.4173
vn 0.7407 0.5266 -0.4173
vn 0.7056 0.5727 -0.4172
vn 0.6677 0.6165 -0.4173
vn 0.6271 0.6577 -0.4173
vn 0.5840 0.6963 -0.4173
vn 0.5385 0.7321 -0.4173
vn 0.4908 0.7649 -0.4173
vn 0.4411 0.7946 -0.4173
vn 0.3896 0.8211 -0.4173
vn 0.3365 0.8442 -0.4173
vn 0.2821 0.8639 -0.4173
vn 0.2265 0.8801 -0.4173
vn 0.1700 0.8927 -0.4173
vn 0.1128 0.9018 -0.4173
vn 0.0552 0.9071 -0.4173
vn -0.0027 0.9088 -0.4173
vn -0.0606 0.9068 -0.4173
vn -0.1182 0.9011 -0.4173
vn -0.1753 0.8917 -0.4173
vn -0.2317 0.8787 -0.4173
vn -0.2872 0.8622 -0.4173
vn -0.3415 0.8422 -0.4173
vn -0.3944 0.8187 -0.4173
vn -0.4458 0.7920 -0.4173
vn -0.4953 0.7620 -0.4173
vn -0.5428 0.7289 -0.4173
vn -0.5881 0.6928 -0.4172
vn -0.6310 0.6540 -0.4173
vn -0.6714 0.6125 -0.4173
vn -0.7090 0.5685 -0.4173
vn -0.7438 0.5222 -0.4173
vn -0.7755 0.4738 -0.4173
vn -0.8041 0.4235 -0.4173
vn -0.8294 0.3714 -0.4173
vn -0.8514 0.3178 -0.4173
vn -0.8699 0.2630 -0.4173
vn -0.8849 0.2071 -0.4173
vn -0.8963 0.1503 -0.4173
vn -0.9040 0.0929 -0.4173
vn -0.9081 0.0352 -0.4173
vn -0.9085 -0.0227 -0.4173
vn -0.9052 -0.0805 -0.4173
vn -0.8983 -0.1380 -0.4173
vn -0.8876 -0.1949 -0.4173
vn -0.8734 -0.2510 -0.4173
vn -0.8557 -0.3061 -0.4173
vn -0.7878 -0.4724 -0.3952
vn -0.7562 -0.5216 -0.3952
vn -0.7214 -0.5687 -0.3952
vn -0.6838 -0.6135 -0.3952
vn -0.6433 -0.6557 -0.3952
vn -0.6003 -0.6953 -0.3952
vn -0.5548 -0.7322 -0.3952
vn -0.5070 -0.7660 -0.3952
vn -0.4572 -0.7967 -0.3952
vn -0.4056 -0.8242 -0.3952
vn -0.3523 -0.8484 -0.3952
vn -0.2975 -0.8691 -0.3952
vn -0.2416 -0.8863 -0.3952
vn -0.1847 -0.8999 -0.3952
vn -0.1270 -0.9098 -0.3952
vn -0.0688 -0.9160 -0.3952
vn -0.0104 -0.9186 -0.3952
vn 0.0481 -0.9174 -0.3952
vn 0.1064 -0.9124 -0.3952
vn 0.1643 -0.9038 -0.3952
vn 0.2215 -0.8915 -0.3952
vn 0.2779 -0.8756 -0.3952
vn 0.3331 -0.8561 -0.3952
vn 0.3869 -0.8332 -0.3952
vn 0.4391 -0.8068 -0.3952
vn 0.4896 -0.7773 -0.3952
vn 0.5381 -0.7445 -0.3952
vn 0.5844 -0.7087 -0.3952
vn 0.6284 -0.6701 -0.3952
vn 0.6697 -0.6287 -0.3952
vn 0.7084 -0.5848 -0.3952
vn 0.7442 -0.5385 -0.3952
vn 0.7770 -0.4900 -0.3952
vn 0.8066 -0.4396 -0.3952
vn 0.8330 -0.3873 -0.3952
vn 0.8559 -0.3335 -0.3952
vn 0.8754 -0.2783 -0.3952
vn 0.8914 -0.2220 -0.3952
vn 0.9037 -0.1648 -0.3952
vn 0.9124 -0.1069 -0.3952
vn 0.9173 -0.0486 -0.3952
vn 0.9186 0.0099 -0.3952
vn 0.9161 0.0683 -0.3952
vn 0.9099 0.1265 -0.3952
vn 0.9000 0.1842 -0.3952
vn 0.8864 0.2411 -0.3952
vn 0.8693 0.2970 -0.3952
vn 0.8486 0.3518 -0.3952
vn 0.8244 0.4051 -0.3952
vn 0.7970 0.4568 -0.3952
vn 0.7663 0.5066 -0.3952
vn 0.7325 0.5544 -0.3952
vn 0.6957 0.5999 -0.3952
vn 0.6561 0.6430 -0.3952
vn 0.6138 0.6835 -0.3952
vn 0.5690 0.7211 -0.3952
vn 0.5220 0.7559 -0.3952
vn 0.4728 0.7876 -0.3952
vn 0.4217 0.8161 -0.3952
vn 0.3689 0.8413 -0.3952
vn 0.3146 0.8631 -0.3952
vn 0.2590 0.8814 -0.3952
vn 0.2023 0.8960 -0.3952
vn 0.1449 0.9071 -0.3952
vn 0.0868 0.9145 -0.3952
vn 0.0284 0.9182 -0.3952
vn -0.0301 0.9181 -0.3952
vn -0.0885 0.9143 -0.3952
vn -0.1465 0.9069 -0.3952
vn -0.2040 0.8957 -0.3952
vn -0.2606 0.8809 -0.3952
vn -0.3162 0.8625 -0.3952
vn -0.3704 0.8406 -0.3952
vn -0.4232 0.8153 -0.3952
vn -0.4742 0.7867 -0.3952
vn -0.5234 0.7549 -0.3952
vn -0.5704 0.7201 -0.3952
vn -0.6151 0.6823 -0.3952
vn -0.6573 0.6417 -0.3952
vn -0.6968 0.5986 -0.3952
vn -0.7335 0.5530 -0.3952
vn -0.7672 0.5052 -0.3952
vn -0.7978 0.4553 -0.3952
vn -0.8252 0.4036 -0.3952
vn -0.8492 0.3503 -0.3952
vn -0.8698 0.2955 -0.3952
vn -0.8868 0.2395 -0.3952
vn -0.9003 0.1825 -0.3952
vn -0.9101 0.1248 -0.3952
vn -0.9162 0.0666 -0.3952
vn -0.9186 0.0082 -0.3952
vn -0.9172 -0.0503 -0.3952
vn -0.9122 -0.1086 -0.3952
vn -0.9034 -0.1665 -0.3952
vn -0.8910 -0.2237 -0.3952
vn -0.8749 -0.2799 -0.3952
vn -0.8553 -0.3350 -0.3952
vn -0.8323 -0.3888 -0.3952
vn -0.8058 -0.4410 -0.3952
vn -0.7140 -0.5982 -0.3638
vn -0.6745 -0.6424 -0.3638
vn -0.6323 -0.6840 -0.3638
vn -0.5874 -0.7229 -0.3638
vn -0.5402 -0.7588 -0.3638
vn -0.4908 -0.7917 -0.3638
vn -0.4394 -0.8213 -0.3638
vn -0.3862 -0.8476 -0.3638
vn -0.3315 -0.8705 -0.3638
vn -0.2754 -0.8898 -0.3638
vn -0.2182 -0.9056 -0.3638
vn -0.1600 -0.9176 -0.3638
vn -0.1013 -0.9259 -0.3638
vn -0.0421 -0.9305 -0.3638
vn 0.0172 -0.9313 -0.3638
vn 0.0765 -0.9283 -0.3638
vn 0.1354 -0.9216 -0.3638
vn 0.1939 -0.9111 -0.3638
vn 0.2515 -0.8969 -0.3638
vn 0.3080 -0.8791 -0.3638
vn 0.3634 -0.8577 -0.3638
vn 0.4173 -0.8328 -0.3638
vn 0.4694 -0.8045 -0.3638
vn 0.5197 -0.7730 -0.3638
vn 0.5679 -0.7384 -0.3638
vn 0.6137 -0.7007 -0.3638
vn 0.6571 -0.6602 -0.3638
vn 0.6978 -0.6170 -0.3638
vn 0.7356 -0.5714 -0.3638
vn 0.7705 -0.5233 -0.3638
vn 0.8023 -0.4732 -0.3638
vn 0.8308 -0.4212 -0.3638
vn 0.8559 -0.3674 -0.3638
vn 0.8776 -0.3122 -0.3638
vn 0.8957 -0.2557 -0.3638
vn 0.9101 -0.1981 -0.3638
vn 0.9209 -0.1398 -0.3638
vn 0.9279 -0.0809 -0.3638
vn 0.9312 -0.0216 -0.3638
vn 0.9307 0.0377 -0.3638
vn 0.9264 0.0969 -0.3638
vn 0.9184 0.1557 -0.3638
vn 0.9066 0.2139 -0.3638
vn 0.8911 0.2711 -0.3638
vn 0.8721 0.3273 -0.3638
vn 0.8495 0.3822 -0.3638
vn 0.8234 0.4355 -0.3638
vn 0.7940 0.4870 -0.3638
vn 0.7614 0.5366 -0.3638
vn 0.7257 0.5840 -0.3638
vn 0.6870 0.6290 -0.3638
vn 0.6455 0.6715 -0.3638
vn 0.6015 0.7112 -0.3638
vn 0.5550 0.7481 -0.3638
vn 0.5063 0.7819 -0.3638
vn 0.4555 0.8125 -0.3638
vn 0.4028 0.8399 -0.3638
vn 0.3485 0.8638 -0.3638
vn 0.2928 0.8843 -0.3638
vn 0.2359 0.9011 -0.3638
vn 0.1780 0.9143 -0.3638
vn 0.1195 0.9238 -0.3638
vn 0.0604 0.9295 -0.3638
vn 0.0011 0.9315 -0.3638
vn -0.0582 0.9296 -0.3638
vn -0.1173 0.9241 -0.3638
vn -0.1759 0.9147 -0.3638
vn -0.2338 0.9017 -0.3638
vn -0.2907 0.8849 -0.3638
vn -0.3464 0.8646 -0.3638
vn -0.4008 0.8408 -0.3638
vn -0.4535 0.8136 -0.3638
vn -0.5044 0.7831 -0.3638
vn -0.5532 0.7494 -0.3638
vn -0.5998 0.7126 -0.3638
vn -0.6440 0.6730 -0.3638
vn -0.6855 0.6306 -0.3638
vn -0.7243 0.5857 -0.3638
vn -0.7601 0.5384 -0.3638
vn -0.7928 0.4889 -0.3638
vn -0.8224 0.4374 -0.3638
vn -0.8486 0.3842 -0.3638
vn -0.8713 0.3294 -0.3638
vn -0.8905 0.2732 -0.3638
vn -0.9061 0.2160 -0.3638
vn -0.9180 0.1578 -0.3638
vn -0.9262 0.0990 -0.3638
vn -0.9306 0.0399 -0.3638
vn -0.9313 -0.0194 -0.3638
vn -0.9281 -0.0787 -0.3638
vn -0.9212 -0.1376 -0.3638
vn -0.9106 -0.1960 -0.3638
vn -0.8963 -0.2536 -0.3638
vn -0.8783 -0.3101 -0.3638
vn -0.8568 -0.3654 -0.3638
vn -0.8318 -0.4192 -0.3638
vn -0.8034 -0.4713 -0.3638
vn -0.7718 -0.5215 -0.3638
vn -0.7370 -0.5696 -0.3638
vn -0.6214 -0.7138 -0.3231
vn -0.5747 -0.7519 -0.3231
vn -0.5257 -0.7869 -0.3231
vn -0.4745 -0.8188 -0.3231
vn -0.4214 -0.8474 -0.3231
vn -0.3666 -0.8725 -0.3231
vn -0.3103 -0.8941 -0.3231
vn -0.2528 -0.9120 -0.3231
vn -0.1942 -0.9262 -0.3231
vn -0.1348 -0.9367 -0.3231
vn -0.0749 -0.9434 -0.3231
vn -0.0147 -0.9463 -0.3231
vn 0.0456 -0.9453 -0.3231
vn 0.1057 -0.9405 -0.3231
vn 0.1653 -0.9318 -0.3231
vn 0.2243 -0.9194 -0.3231
vn 0.2824 -0.9033 -0.3231
vn 0.3393 -0.8834 -0.3231
vn 0.3949 -0.8600 -0.3231
vn 0.4489 -0.8331 -0.3231
vn 0.5010 -0.8029 -0.3231
vn 0.5511 -0.7694 -0.3231
vn 0.5990 -0.7327 -0.3231
vn 0.6444 -0.6931 -0.3231
vn 0.6872 -0.6506 -0.3231
vn 0.7273 -0.6056 -0.3231
vn 0.7644 -0.5580 -0.3231
vn 0.7983 -0.5082 -0.3231
vn 0.8291 -0.4564 -0.3231
vn 0.8564 -0.4027 -0.3231
vn 0.8803 -0.3473 -0.3231
vn 0.9007 -0.2906 -0.3231
vn 0.9173 -0.2326 -0.3231
vn 0.9303 -0.1737 -0.3231
vn 0.9395 -0.1141 -0.3231
vn 0.9448 -0.0541 -0.3231
vn 0.9464 0.0062 -0.3231
vn 0.9440 0.0664 -0.3231
vn 0.9379 0.1264 -0.3231
vn 0.9279 0.1858 -0.3231
vn 0.9142 0.2445 -0.3231
vn 0.8968 0.3022 -0.3231
vn 0.8758 0.3587 -0.3231
vn 0.8511 0.4138 -0.3231
vn 0.8230 0.4671 -0.3231
vn 0.7916 0.5186 -0.3231
vn 0.7570 0.5680 -0.3231
vn 0.7193 0.6150 -0.3231
vn 0.6787 0.6595 -0.3231
vn 0.6353 0.7014 -0.3231
vn 0.5894 0.7405 -0.3231
vn 0.5410 0.7765 -0.3231
vn 0.4905 0.8093 -0.3231
vn 0.4380 0.8389 -0.3231
vn 0.3837 0.8651 -0.3231
vn 0.3278 0.8878 -0.3231
vn 0.2706 0.9069 -0.3231
vn 0.2123 0.9222 -0.3231
vn 0.1532 0.9339 -0.3231
vn 0.0934 0.9418 -0.3231
vn 0.0333 0.9458 -0.3231
vn -0.0270 0.9460 -0.3231
vn -0.0872 0.9423 -0.3231
vn -0.1470 0.9349 -0.3231
vn -0.2062 0.9236 -0.3231
vn -0.2646 0.9086 -0.3231
vn -0.3220 0.8899 -0.3231
vn -0.3780 0.8676 -0.3231
vn -0.4325 0.8418 -0.3231
vn -0.4852 0.8125 -0.3231
vn -0.5359 0.7800 -0.3231
vn -0.5845 0.7443 -0.3231
vn -0.6307 0.7056 -0.3231
vn -0.6743 0.6640 -0.3231
vn -0.7152 0.6197 -0.3231
vn -0.7532 0.5729 -0.3231
vn -0.7882 0.5238 -0.3231
vn -0.8199 0.4726 -0.3231
vn -0.8484 0.4194 -0.3231
vn -0.8734 0.3645 -0.3231
vn -0.8948 0.3082 -0.3231
vn -0.9126 0.2506 -0.3231
vn -0.9267 0.1920 -0.3231
vn -0.9370 0.1326 -0.3231
vn -0.9436 0.0727 -0.3231
vn -0.9463 0.0124 -0.3231
vn -0.9452 -0.0479 -0.3231
vn -0.9402 -0.1079 -0.3231
vn -0.9314 -0.1676 -0.3231
vn -0.9189 -0.2265 -0.3231
vn -0.9026 -0.2846 -0.3231
vn -0.8826 -0.3415 -0.3231
vn -0.8591 -0.3970 -0.3231
vn -0.8321 -0.4509 -0.3231
vn -0.8017 -0.5029 -0.3231
vn -0.7680 -0.5530 -0.3231
vn -0.7313 -0.6007 -0.3231
vn -0.6915 -0.6461 -0.3231
vn -0.6490 -0.6888 -0.3231
vn -0.5104 -0.8154 -0.2730
vn -0.4575 -0.8463 -0.2730
vn -0.4027 -0.8737 -0.2730
vn -0.3462 -0.8976 -0.2730
vn -0.2884 -0.9178 -0.2730
vn -0.2293 -0.9343 -0.2730
vn -0.1694 -0.9470 -0.2730
vn -0.1088 -0.9559 -0.2730
vn -0.0477 -0.9608 -0.2730
vn 0.0136 -0.9619 -0.2730
vn 0.0748 -0.9591 -0.2730
vn 0.1357 -0.9524 -0.2730
vn 0.1961 -0.9418 -0.2730
vn 0.2557 -0.9274 -0.2730
vn 0.3142 -0.9093 -0.2730
vn 0.3714 -0.8874 -0.2730
vn 0.4272 -0.8620 -0.2730
vn 0.4812 -0.8330 -0.2730
vn 0.5333 -0.8007 -0.2730
vn 0.5832 -0.7651 -0.2730
vn 0.6307 -0.7264 -0.2730
vn 0.6757 -0.6848 -0.2730
vn 0.7179 -0.6404 -0.2730
vn 0.7572 -0.5934 -0.2730
vn 0.7935 -0.5440 -0.2730
vn 0.8265 -0.4923 -0.2730
vn 0.8562 -0.4387 -0.2730
vn 0.8824 -0.3833 -0.2730
vn 0.9050 -0.3263 -0.2730
vn 0.9239 -0.2681 -0.2730
vn 0.9391 -0.2087 -0.2730
vn 0.9505 -0.1485 -0.2730
vn 0.9580 -0.0877 -0.2730
vn 0.9617 -0.0265 -0.2730
vn 0.9614 0.0348 -0.2730
vn 0.9572 0.0959 -0.2730
vn 0.9492 0.1567 -0.2730
vn 0.9373 0.2168 -0.2730
vn 0.9216 0.2760 -0.2730
vn 0.9021 0.3341 -0.2730
vn 0.8790 0.3909 -0.2730
vn 0.8524 0.4461 -0.2730
vn 0.8222 0.4995 -0.2730
vn 0.7887 0.5508 -0.2730
vn 0.7521 0.5999 -0.2730
vn 0.7123 0.6466 -0.2730
vn 0.6697 0.6906 -0.2730
vn 0.6244 0.7318 -0.2730
vn 0.5766 0.7701 -0.2730
vn 0.5264 0.8053 -0.2730
vn 0.4740 0.8371 -0.2730
vn 0.4198 0.8656 -0.2730
vn 0.3638 0.8906 -0.2730
vn 0.3064 0.9119 -0.2730
vn 0.2476 0.9296 -0.2730
vn 0.1880 0.9435 -0.2730
vn 0.1275 0.9535 -0.2730
vn 0.0665 0.9597 -0.2730
vn 0.0053 0.9620 -0.2730
vn -0.0560 0.9604 -0.2730
vn -0.1170 0.9549 -0.2730
vn -0.1775 0.9455 -0.2730
vn -0.2374 0.9323 -0.2730
vn -0.2963 0.9153 -0.2730
vn -0.3540 0.8945 -0.2730
vn -0.4102 0.8702 -0.2730
vn -0.4648 0.8423 -0.2730
vn -0.5174 0.8110 -0.2730
vn -0.5680 0.7764 -0.2730
vn -0.6163 0.7387 -0.2730
vn -0.6621 0.6979 -0.2730
vn -0.7052 0.6544 -0.2730
vn -0.7454 0.6081 -0.2730
vn -0.7826 0.5594 -0.2730
vn -0.8166 0.5085 -0.2730
vn -0.8474 0.4555 -0.2730
vn -0.8746 0.4006 -0.2730
vn -0.8984 0.3441 -0.2730
vn -0.9185 0.2862 -0.2730
vn -0.9348 0.2271 -0.2730
vn -0.9474 0.1671 -0.2730
vn -0.9561 0.1065 -0.2730
vn -0.9609 0.0454 -0.2730
vn -0.9619 -0.0159 -0.2730
vn -0.9589 -0.0771 -0.2730
vn -0.9521 -0.1380 -0.2730
vn -0.9414 -0.1983 -0.2730
vn -0.9268 -0.2579 -0.2730
vn -0.9085 -0.3164 -0.2730
vn -0.8865 -0.3736 -0.2730
vn -0.8609 -0.4293 -0.2730
vn -0.8319 -0.4832 -0.2730
vn -0.7994 -0.5352 -0.2730
vn -0.7637 -0.5850 -0.2730
vn -0.7249 -0.6324 -0.2730
vn -0.6832 -0.6773 -0.2730
vn -0.6387 -0.7194 -0.2730
vn -0.5916 -0.7586 -0.2730
vn -0.5421 -0.7948 -0.2730
vn -0.3824 -0.8988 -0.2141
vn -0.3244 -0.9214 -0.2141
vn -0.2651 -0.9402 -0.2141
vn -0.2047 -0.9551 -0.2141
vn -0.1435 -0.9662 -0.2141
vn -0.0817 -0.9734 -0.2141
vn -0.0195 -0.9766 -0.2141
vn 0.0427 -0.9759 -0.2141
vn 0.1047 -0.9712 -0.2141
vn 0.1664 -0.9626 -0.2141
vn 0.2273 -0.9500 -0.2141
vn 0.2873 -0.9336 -0.2141
vn 0.3462 -0.9134 -0.2141
vn 0.4037 -0.8895 -0.2141
vn 0.4595 -0.8620 -0.2141
vn 0.5134 -0.8310 -0.2141
vn 0.5653 -0.7966 -0.2141
vn 0.6149 -0.7590 -0.2141
vn 0.6620 -0.7183 -0.2141
vn 0.7063 -0.6747 -0.2141
vn 0.7479 -0.6284 -0.2141
vn 0.7864 -0.5795 -0.2141
vn 0.8216 -0.5283 -0.2141
vn 0.8536 -0.4749 -0.2141
vn 0.8821 -0.4196 -0.2141
vn 0.9070 -0.3625 -0.2141
vn 0.9283 -0.3041 -0.2141
vn 0.9458 -0.2444 -0.2141
vn 0.9594 -0.1836 -0.2141
vn 0.9692 -0.1222 -0.2141
vn 0.9750 -0.0602 -0.2141
vn 0.9768 0.0020 -0.2141
vn 0.9747 0.0642 -0.2141
vn 0.9686 0.1261 -0.2141
vn 0.9587 0.1875 -0.2141
vn 0.9448 0.2482 -0.2141
vn 0.9270 0.3078 -0.2141
vn 0.9056 0.3662 -0.2141
vn 0.8804 0.4231 -0.2141
vn 0.8517 0.4784 -0.2141
vn 0.8195 0.5316 -0.2141
vn 0.7840 0.5827 -0.2141
vn 0.7453 0.6314 -0.2141
vn 0.7036 0.6776 -0.2141
vn 0.6590 0.7210 -0.2141
vn 0.6118 0.7615 -0.2141
vn 0.5621 0.7989 -0.2141
vn 0.5100 0.8331 -0.2141
vn 0.4559 0.8639 -0.2141
vn 0.4000 0.8912 -0.2141
vn 0.3425 0.9148 -0.2141
vn 0.2835 0.9348 -0.2141
vn 0.2235 0.9509 -0.2141
vn 0.1625 0.9632 -0.2141
vn 0.1008 0.9716 -0.2141
vn 0.0387 0.9761 -0.2141
vn -0.0235 0.9765 -0.2141
vn -0.0856 0.9731 -0.2141
vn -0.1474 0.9656 -0.2141
vn -0.2086 0.9543 -0.2141
vn -0.2689 0.9391 -0.2141
vn -0.3282 0.9200 -0.2141
vn -0.3861 0.8973 -0.2141
vn -0.4424 0.8709 -0.2141
vn -0.4970 0.8409 -0.2141
vn -0.5495 0.8076 -0.2141
vn -0.5998 0.7710 -0.2141
vn -0.6477 0.7312 -0.2141
vn -0.6929 0.6885 -0.2141
vn -0.7354 0.6430 -0.2141
vn -0.7748 0.5949 -0.2141
vn -0.8111 0.5443 -0.2141
vn -0.8441 0.4916 -0.2141
vn -0.8737 0.4368 -0.2141
vn -0.8998 0.3803 -0.2141
vn -0.9221 0.3222 -0.2141
vn -0.9408 0.2629 -0.2141
vn -0.9556 0.2025 -0.2141
vn -0.9666 0.1412 -0.2141
vn -0.9736 0.0793 -0.2141
vn -0.9767 0.0172 -0.2141
vn -0.9758 -0.0450 -0.2141
vn -0.9709 -0.1070 -0.2141
vn -0.9622 -0.1687 -0.2141
vn -0.9495 -0.2296 -0.2141
vn -0.9329 -0.2895 -0.2141
vn -0.9126 -0.3483 -0.2141
vn -0.8886 -0.4058 -0.2141
vn -0.8609 -0.4615 -0.2141
vn -0.8298 -0.5154 -0.2141
vn -0.7953 -0.5672 -0.2141
vn -0.7576 -0.6167 -0.2141
vn -0.7168 -0.6636 -0.2141
vn -0.6731 -0.7079 -0.2141
vn -0.6266 -0.7493 -0.2141
vn -0.5777 -0.7877 -0.2141
vn -0.5263 -0.8229 -0.2141
vn -0.4728 -0.8547 -0.2141
vn -0.4175 -0.8831 -0.2141
vn -0.2403 -0.9594 -0.1475
vn -0.1787 -0.9728 -0.1475
vn -0.1164 -0.9822 -0.1475
vn -0.0536 -0.9876 -0.1475
vn 0.0094 -0.9890 -0.1475
vn 0.0723 -0.9864 -0.1475
vn 0.1350 -0.9798 -0.1475
vn 0.1971 -0.9692 -0.1475
vn 0.2584 -0.9547 -0.1475
vn 0.3187 -0.9363 -0.1475
vn 0.3777 -0.9141 -0.1475
vn 0.4351 -0.8882 -0.1475
vn 0.4908 -0.8587 -0.1475
vn 0.5444 -0.8257 -0.1475
vn 0.5959 -0.7894 -0.1475
vn 0.6450 -0.7498 -0.1475
vn 0.6914 -0.7073 -0.1475
vn 0.7350 -0.6618 -0.1475
vn 0.7757 -0.6137 -0.1475
vn 0.8132 -0.5630 -0.1475
vn 0.8474 -0.5101 -0.1475
vn 0.8781 -0.4551 -0.1475
vn 0.9053 -0.3983 -0.1475
vn 0.9288 -0.3399 -0.1475
vn 0.9486 -0.2800 -0.1475
vn 0.9645 -0.2190 -0.1475
vn 0.9765 -0.1572 -0.1475
vn 0.9845 -0.0947 -0.1475
vn 0.9885 -0.0318 -0.1475
vn 0.9886 0.0312 -0.1475
vn 0.9846 0.0941 -0.1475
vn 0.9766 0.1566 -0.1475
vn 0.9646 0.2184 -0.1475
vn 0.9488 0.2794 -0.1475
vn 0.9291 0.3393 -0.1475
vn 0.9056 0.3977 -0.1475
vn 0.8784 0.4545 -0.1475
vn 0.8477 0.5096 -0.1475
vn 0.8135 0.5625 -0.1475
vn 0.7761 0.6132 -0.1475
vn 0.7354 0.6613 -0.1475
vn 0.6918 0.7068 -0.1475
vn 0.6455 0.7494 -0.1475
vn 0.5964 0.7890 -0.1475
vn 0.5450 0.8254 -0.1475
vn 0.4913 0.8584 -0.1475
vn 0.4357 0.8879 -0.1475
vn 0.3782 0.9139 -0.1475
vn 0.3193 0.9361 -0.1475
vn 0.2590 0.9545 -0.1475
vn 0.1977 0.9691 -0.1475
vn 0.1356 0.9797 -0.1475
vn 0.0730 0.9864 -0.1475
vn 0.0100 0.9890 -0.1475
vn -0.0530 0.9876 -0.1475
vn -0.1157 0.9823 -0.1475
vn -0.1780 0.9729 -0.1475
vn -0.2396 0.9596 -0.1475
vn -0.3002 0.9424 -0.1475
vn -0.3596 0.9214 -0.1475
vn -0.4176 0.8966 -0.1475
vn -0.4738 0.8682 -0.1475
vn -0.5281 0.8363 -0.1475
vn -0.5803 0.8009 -0.1475
vn -0.6301 0.7624 -0.1475
vn -0.6774 0.7207 -0.1475
vn -0.7219 0.6761 -0.1475
vn -0.7635 0.6288 -0.1475
vn -0.8019 0.5789 -0.1475
vn -0.8372 0.5267 -0.1475
vn -0.8690 0.4723 -0.1475
vn -0.8973 0.4160 -0.1475
vn -0.9220 0.3580 -0.1475
vn -0.9429 0.2986 -0.1475
vn -0.9600 0.2380 -0.1475
vn -0.9732 0.1764 -0.1475
vn -0.9825 0.1140 -0.1475
vn -0.9877 0.0512 -0.1475
vn -0.9890 -0.0118 -0.1475
vn -0.9862 -0.0747 -0.1475
vn -0.9795 -0.1374 -0.1475
vn -0.9687 -0.1994 -0.1475
vn -0.9541 -0.2607 -0.1475
vn -0.9355 -0.3209 -0.1475
vn -0.9132 -0.3798 -0.1475
vn -0.8872 -0.4372 -0.1475
vn -0.8575 -0.4928 -0.1475
vn -0.8244 -0.5464 -0.1475
vn -0.7880 -0.5978 -0.1475
vn -0.7483 -0.6467 -0.1475
vn -0.7056 -0.6931 -0.1475
vn -0.6600 -0.7366 -0.1475
vn -0.6118 -0.7771 -0.1475
vn -0.5611 -0.8145 -0.1475
vn -0.5081 -0.8486 -0.1475
vn -0.4530 -0.8792 -0.1475
vn -0.3961 -0.9063 -0.1475
vn -0.3376 -0.9296 -0.1475
vn -0.2777 -0.9493 -0.1475
vn -0.0881 -0.9933 -0.0753
vn -0.0247 -0.9969 -0.0753
vn 0.0388 -0.9964 -0.0753
vn 0.1022 -0.9919 -0.0753
vn 0.1651 -0.9834 -0.0753
vn 0.2274 -0.9709 -0.0753
vn 0.2888 -0.9544 -0.0753
vn 0.3490 -0.9341 -0.0753
vn 0.4077 -0.9100 -0.0753
vn 0.4648 -0.8822 -0.0753
vn 0.5200 -0.8508 -0.0753
vn 0.5732 -0.8160 -0.0753
vn 0.6240 -0.7778 -0.0753
vn 0.6722 -0.7365 -0.0753
vn 0.7177 -0.6922 -0.0753
vn 0.7604 -0.6451 -0.0753
vn 0.7999 -0.5954 -0.0753
vn 0.8362 -0.5433 -0.0753
vn 0.8691 -0.4889 -0.0753
vn 0.8984 -0.4326 -0.0753
vn 0.9242 -0.3745 -0.0753
vn 0.9461 -0.3149 -0.0753
vn 0.9643 -0.2540 -0.0753
vn 0.9785 -0.1921 -0.0753
vn 0.9887 -0.1295 -0.0753
vn 0.9950 -0.0662 -0.0753
vn 0.9972 -0.0027 -0.0753
vn 0.9953 0.0608 -0.0753
vn 0.9894 0.1240 -0.0753
vn 0.9795 0.1868 -0.0753
vn 0.9656 0.2488 -0.0753
vn 0.9478 0.3097 -0.0753
vn 0.9262 0.3694 -0.0753
vn 0.9008 0.4277 -0.0753
vn 0.8717 0.4842 -0.0753
vn 0.8392 0.5386 -0.0753
vn 0.8032 0.5910 -0.0753
vn 0.7639 0.6409 -0.0753
vn 0.7215 0.6883 -0.0753
vn 0.6762 0.7328 -0.0753
vn 0.6282 0.7744 -0.0753
vn 0.5776 0.8128 -0.0753
vn 0.5247 0.8480 -0.0753
vn 0.4697 0.8796 -0.0753
vn 0.4127 0.9077 -0.0753
vn 0.3541 0.9322 -0.0753
vn 0.2940 0.9528 -0.0753
vn 0.2327 0.9696 -0.0753
vn 0.1705 0.9825 -0.0753
vn 0.1076 0.9913 -0.0753
vn 0.0443 0.9962 -0.0753
vn -0.0192 0.9970 -0.0753
vn -0.0827 0.9937 -0.0753
vn -0.1458 0.9864 -0.0753
vn -0.2083 0.9752 -0.0753
vn -0.2699 0.9599 -0.0753
vn -0.3305 0.9408 -0.0753
vn -0.3898 0.9178 -0.0753
vn -0.4474 0.8912 -0.0753
vn -0.5032 0.8609 -0.0753
vn -0.5570 0.8271 -0.0753
vn -0.6086 0.7899 -0.0753
vn -0.6576 0.7496 -0.0753
vn -0.7040 0.7062 -0.0753
vn -0.7475 0.6599 -0.0753
vn -0.7881 0.6110 -0.0753
vn -0.8253 0.5596 -0.0753
vn -0.8593 0.5059 -0.0753
vn -0.8898 0.4502 -0.0753
vn -0.9166 0.3926 -0.0753
vn -0.9398 0.3335 -0.0753
vn -0.9591 0.2729 -0.0753
vn -0.9745 0.2113 -0.0753
vn -0.9860 0.1488 -0.0753
vn -0.9935 0.0858 -0.0753
vn -0.9969 0.0223 -0.0753
vn -0.9963 -0.0412 -0.0753
vn -0.9917 -0.1045 -0.0753
vn -0.9830 -0.1674 -0.0753
vn -0.9703 -0.2297 -0.0753
vn -0.9537 -0.2910 -0.0753
vn -0.9333 -0.3512 -0.0753
vn -0.9090 -0.4099 -0.0753
vn -0.8811 -0.4669 -0.0753
vn -0.8496 -0.5221 -0.0753
vn -0.8146 -0.5751 -0.0753
vn -0.7763 -0.6258 -0.0753
vn -0.7349 -0.6740 -0.0753
vn -0.6905 -0.7194 -0.0753
vn -0.6433 -0.7619 -0.0753
vn -0.5935 -0.8013 -0.0753
vn -0.5413 -0.8375 -0.0753
vn -0.4868 -0.8702 -0.0753
vn -0.4304 -0.8995 -0.0753
vn -0.3723 -0.9251 -0.0753
vn -0.3126 -0.9469 -0.0753
vn -0.2517 -0.9649 -0.0753
vn -0.1898 -0.9789 -0.0753
vn -0.1271 -0.9890 -0.0753
vn 0.0683 -0.9977 -0.0000
vn 0.1317 -0.9913 -0.0000
vn 0.1945 -0.9809 -0.0000
vn 0.2566 -0.9665 -0.0000
vn 0.3176 -0.9482 -0.0000
vn 0.3773 -0.9261 -0.0000
vn 0.4356 -0.9002 -0.0000
vn 0.4920 -0.8706 -0.0000
vn 0.5464 -0.8375 -0.0000
vn 0.5986 -0.8010 -0.0000
vn 0.6484 -0.7613 -0.0000
vn 0.6955 -0.7185 -0.0000
vn 0.7399 -0.6727 -0.0000
vn 0.7812 -0.6242 -0.0000
vn 0.8194 -0.5732 -0.0000
vn 0.8542 -0.5199 -0.0000
vn 0.8856 -0.4645 -0.0000
vn 0.9134 -0.4071 -0.0000
vn 0.9374 -0.3482 -0.0000
vn 0.9577 -0.2878 -0.0000
vn 0.9741 -0.2262 -0.0000
vn 0.9865 -0.1637 -0.0000
vn 0.9949 -0.1006 -0.0000
vn 0.9993 -0.0370 -0.0000
vn 0.9996 0.0267 -0.0000
vn 0.9959 0.0903 -0.0000
vn 0.9881 0.1535 -0.0000
vn 0.9764 0.2161 -0.0000
vn 0.9606 0.2778 -0.0000
vn 0.9410 0.3384 -0.0000
vn 0.9175 0.3977 -0.0000
vn 0.8904 0.4553 -0.0000
vn 0.8596 0.5110 -0.0000
vn 0.8253 0.5647 -0.0000
vn 0.7877 0.6161 -0.0000
vn 0.7468 0.6650 -0.0000
vn 0.7030 0.7112 -0.0000
vn 0.6562 0.7546 -0.0000
vn 0.6069 0.7948 -0.0000
vn 0.5551 0.8318 -0.0000
vn 0.5010 0.8655 -0.0000
vn 0.4448 0.8956 -0.0000
vn 0.3869 0.9221 -0.0000
vn 0.3274 0.9449 -0.0000
vn 0.2666 0.9638 -0.0000
vn 0.2047 0.9788 -0.0000
vn 0.1419 0.9899 -0.0000
vn 0.0786 0.9969 -0.0000
vn 0.0150 0.9999 -0.0000
vn -0.0487 0.9988 -0.0000
vn -0.1122 0.9937 -0.0000
vn -0.1752 0.9845 -0.0000
vn -0.2375 0.9714 -0.0000
vn -0.2989 0.9543 -0.0000
vn -0.3590 0.9333 -0.0000
vn -0.4177 0.9086 -0.0000
vn -0.4747 0.8801 -0.0000
vn -0.5298 0.8481 -0.0000
vn -0.5828 0.8126 -0.0000
vn -0.6333 0.7739 -0.0000
vn -0.6813 0.7320 -0.0000
vn -0.7265 0.6871 -0.0000
vn -0.7688 0.6395 -0.0000
vn -0.8080 0.5892 -0.0000
vn -0.8439 0.5366 -0.0000
vn -0.8763 0.4818 -0.0000
vn -0.9052 0.4250 -0.0000
vn -0.9304 0.3665 -0.0000
vn -0.9519 0.3065 -0.0000
vn -0.9694 0.2453 -0.0000
vn -0.9831 0.1831 -0.0000
vn -0.9928 0.1201 -0.0000
vn -0.9984 0.0567 -0.0000
vn -1.0000 -0.0070 -0.0000
vn -0.9975 -0.0707 -0.0000
vn -0.9910 -0.1340 -0.0000
vn -0.9804 -0.1969 -0.0000
vn -0.9659 -0.2589 -0.0000
vn -0.9475 -0.3199 -0.0000
vn -0.9252 -0.3795 -0.0000
vn -0.8991 -0.4377 -0.0000
vn -0.8695 -0.4940 -0.0000
vn -0.8362 -0.5484 -0.0000
vn -0.7996 -0.6005 -0.0000
vn -0.7598 -0.6502 -0.0000
vn -0.7168 -0.6972 -0.0000
vn -0.6710 -0.7415 -0.0000
vn -0.6224 -0.7827 -0.0000
vn -0.5713 -0.8207 -0.0000
vn -0.5179 -0.8554 -0.0000
vn -0.4624 -0.8867 -0.0000
vn -0.4050 -0.9143 -0.0000
vn -0.3459 -0.9383 -0.0000
vn -0.2855 -0.9584 -0.0000
vn -0.2239 -0.9746 -0.0000
vn -0.1614 -0.9869 -0.0000
vn -0.0982 -0.9952 -0.0000
vn -0.0347 -0.9994 -0.0000
vn 0.0290 -0.9996 -0.0000
vn 0.2227 -0.9720 0.0753
vn 0.2841 -0.9558 0.0753
vn 0.3444 -0.9358 0.0753
vn 0.4033 -0.9120 0.0753
vn 0.4605 -0.8845 0.0753
vn 0.5159 -0.8533 0.0753
vn 0.5692 -0.8188 0.0753
vn 0.6201 -0.7809 0.0753
vn 0.6686 -0.7398 0.0753
vn 0.7143 -0.6957 0.0753
vn 0.7572 -0.6488 0.0753
vn 0.7970 -0.5993 0.0753
vn 0.8335 -0.5474 0.0753
vn 0.8667 -0.4932 0.0753
vn 0.8963 -0.4370 0.0753
vn 0.9223 -0.3790 0.0753
vn 0.9446 -0.3195 0.0753
vn 0.9630 -0.2587 0.0753
vn 0.9775 -0.1969 0.0753
vn 0.9881 -0.1342 0.0753
vn 0.9946 -0.0710 0.0753
vn 0.9971 -0.0076 0.0753
vn 0.9956 0.0559 0.0753
vn 0.9900 0.1192 0.0753
vn 0.9804 0.1820 0.0753
vn 0.9668 0.2440 0.0753
vn 0.9493 0.3051 0.0753
vn 0.9280 0.3649 0.0753
vn 0.9029 0.4232 0.0753
vn 0.8741 0.4799 0.0753
vn 0.8418 0.5346 0.0753
vn 0.8060 0.5871 0.0753
vn 0.7670 0.6372 0.0753
vn 0.7249 0.6847 0.0753
vn 0.6798 0.7295 0.0753
vn 0.6320 0.7713 0.0753
vn 0.5816 0.8100 0.0753
vn 0.5288 0.8454 0.0753
vn 0.4739 0.8773 0.0753
vn 0.4171 0.9057 0.0753
vn 0.3586 0.9304 0.0753
vn 0.2987 0.9514 0.0753
vn 0.2375 0.9685 0.0753
vn 0.1753 0.9816 0.0753
vn 0.1125 0.9908 0.0753
vn 0.0492 0.9959 0.0753
vn -0.0144 0.9971 0.0753
vn -0.0778 0.9941 0.0753
vn -0.1410 0.9871 0.0753
vn -0.2035 0.9762 0.0753
vn -0.2653 0.9612 0.0753
vn -0.3259 0.9424 0.0753
vn -0.3852 0.9197 0.0753
vn -0.4430 0.8933 0.0753
vn -0.4990 0.8633 0.0753
vn -0.5530 0.8298 0.0753
vn -0.6047 0.7929 0.0753
vn -0.6539 0.7528 0.0753
vn -0.7005 0.7096 0.0753
vn -0.7443 0.6636 0.0753
vn -0.7851 0.6148 0.0753
vn -0.8226 0.5636 0.0753
vn -0.8568 0.5101 0.0753
vn -0.8876 0.4545 0.0753
vn -0.9147 0.3971 0.0753
vn -0.9381 0.3380 0.0753
vn -0.9577 0.2776 0.0753
vn -0.9735 0.2161 0.0753
vn -0.9853 0.1537 0.0753
vn -0.9930 0.0906 0.0753
vn -0.9968 0.0272 0.0753
vn -0.9965 -0.0363 0.0753
vn -0.9922 -0.0997 0.0753
vn -0.9838 -0.1627 0.0753
vn -0.9715 -0.2250 0.0753
vn -0.9552 -0.2864 0.0753
vn -0.9350 -0.3466 0.0753
vn -0.9110 -0.4054 0.0753
vn -0.8833 -0.4626 0.0753
vn -0.8521 -0.5179 0.0753
vn -0.8174 -0.5711 0.0753
vn -0.7794 -0.6220 0.0753
vn -0.7382 -0.6704 0.0753
vn -0.6940 -0.7160 0.0753
vn -0.6470 -0.7588 0.0753
vn -0.5974 -0.7984 0.0753
vn -0.5454 -0.8348 0.0753
vn -0.4911 -0.8679 0.0753
vn -0.4348 -0.8974 0.0753
vn -0.3768 -0.9232 0.0753
vn -0.3173 -0.9453 0.0753
vn -0.2565 -0.9636 0.0753
vn -0.1946 -0.9780 0.0753
vn -0.1319 -0.9884 0.0753
vn -0.0687 -0.9948 0.0753
vn -0.0052 -0.9971 0.0753
vn 0.0583 -0.9955 0.0753
vn 0.1216 -0.9897 0.0753
vn 0.1843 -0.9800 0.0753
vn 0.3687 -0.9178 0.1475
vn 0.4264 -0.8924 0.1475
vn 0.4824 -0.8634 0.1475
vn 0.5364 -0.8310 0.1475
vn 0.5882 -0.7951 0.1475
vn 0.6376 -0.7561 0.1475
vn 0.6845 -0.7139 0.1475
vn 0.7285 -0.6689 0.1475
vn 0.7697 -0.6212 0.1475
vn 0.8077 -0.5709 0.1475
vn 0.8424 -0.5183 0.1475
vn 0.8737 -0.4636 0.1475
vn 0.9014 -0.4071 0.1475
vn 0.9255 -0.3488 0.1475
vn 0.9458 -0.2892 0.1475
vn 0.9623 -0.2284 0.1475
vn 0.9749 -0.1667 0.1475
vn 0.9835 -0.1043 0.1475
vn 0.9882 -0.0414 0.1475
vn 0.9888 0.0216 0.1475
vn 0.9854 0.0845 0.1475
vn 0.9781 0.1471 0.1475
vn 0.9667 0.2090 0.1475
vn 0.9514 0.2702 0.1475
vn 0.9323 0.3302 0.1475
vn 0.9094 0.3889 0.1475
vn 0.8828 0.4460 0.1475
vn 0.8526 0.5013 0.1475
vn 0.8190 0.5545 0.1475
vn 0.7820 0.6056 0.1475
vn 0.7419 0.6541 0.1475
vn 0.6987 0.7000 0.1475
vn 0.6527 0.7431 0.1475
vn 0.6041 0.7832 0.1475
vn 0.5530 0.8200 0.1475
vn 0.4996 0.8536 0.1475
vn 0.4443 0.8837 0.1475
vn 0.3871 0.9102 0.1475
vn 0.3284 0.9330 0.1475
vn 0.2683 0.9520 0.1475
vn 0.2072 0.9671 0.1475
vn 0.1452 0.9783 0.1475
vn 0.0826 0.9856 0.1475
vn 0.0196 0.9889 0.1475
vn -0.0434 0.9881 0.1475
vn -0.1062 0.9833 0.1475
vn -0.1686 0.9746 0.1475
vn -0.2303 0.9619 0.1475
vn -0.2911 0.9453 0.1475
vn -0.3507 0.9248 0.1475
vn -0.4088 0.9006 0.1475
vn -0.4653 0.8727 0.1475
vn -0.5200 0.8413 0.1475
vn -0.5725 0.8065 0.1475
vn -0.6227 0.7685 0.1475
vn -0.6703 0.7272 0.1475
vn -0.7153 0.6831 0.1475
vn -0.7573 0.6362 0.1475
vn -0.7963 0.5867 0.1475
vn -0.8320 0.5348 0.1475
vn -0.8644 0.4807 0.1475
vn -0.8932 0.4247 0.1475
vn -0.9185 0.3670 0.1475
vn -0.9400 0.3077 0.1475
vn -0.9576 0.2473 0.1475
vn -0.9714 0.1858 0.1475
vn -0.9813 0.1236 0.1475
vn -0.9872 0.0608 0.1475
vn -0.9891 -0.0021 0.1475
vn -0.9869 -0.0651 0.1475
vn -0.9808 -0.1278 0.1475
vn -0.9706 -0.1900 0.1475
vn -0.9566 -0.2514 0.1475
vn -0.9386 -0.3118 0.1475
vn -0.9169 -0.3709 0.1475
vn -0.8914 -0.4286 0.1475
vn -0.8623 -0.4845 0.1475
vn -0.8297 -0.5384 0.1475
vn -0.7937 -0.5901 0.1475
vn -0.7546 -0.6394 0.1475
vn -0.7123 -0.6862 0.1475
vn -0.6672 -0.7302 0.1475
vn -0.6193 -0.7711 0.1475
vn -0.5690 -0.8090 0.1475
vn -0.5163 -0.8436 0.1475
vn -0.4615 -0.8748 0.1475
vn -0.4049 -0.9024 0.1475
vn -0.3466 -0.9263 0.1475
vn -0.2870 -0.9465 0.1475
vn -0.2261 -0.9629 0.1475
vn -0.1643 -0.9753 0.1475
vn -0.1019 -0.9838 0.1475
vn -0.0391 -0.9883 0.1475
vn 0.0239 -0.9888 0.1475
vn 0.0868 -0.9852 0.1475
vn 0.1494 -0.9777 0.1475
vn 0.2114 -0.9662 0.1475
vn 0.2725 -0.9508 0.1475
vn 0.3324 -0.9315 0.1475
vn 0.5014 -0.8383 0.2141
vn 0.5537 -0.8047 0.2141
vn 0.6038 -0.7678 0.2140
vn 0.6515 -0.7278 0.2141
vn 0.6965 -0.6849 0.2141
vn 0.7387 -0.6391 0.2141
vn 0.7779 -0.5908 0.2141
vn 0.8140 -0.5400 0.2141
vn 0.8467 -0.4871 0.2141
vn 0.8760 -0.4322 0.2141
vn 0.9017 -0.3756 0.2141
vn 0.9238 -0.3174 0.2141
vn 0.9421 -0.2580 0.2141
vn 0.9567 -0.1974 0.2141
vn 0.9673 -0.1361 0.2141
vn 0.9740 -0.0743 0.2141
vn 0.9767 -0.0121 0.2141
vn 0.9755 0.0501 0.2141
vn 0.9704 0.1121 0.2141
vn 0.9613 0.1737 0.2141
vn 0.9482 0.2345 0.2141
vn 0.9314 0.2944 0.2141
vn 0.9108 0.3531 0.2141
vn 0.8864 0.4104 0.2141
vn 0.8585 0.4660 0.2141
vn 0.8271 0.5197 0.2141
vn 0.7923 0.5713 0.2141
vn 0.7543 0.6206 0.2141
vn 0.7133 0.6674 0.2141
vn 0.6693 0.7114 0.2141
vn 0.6227 0.7526 0.2141
vn 0.5735 0.7907 0.2141
vn 0.5220 0.8257 0.2141
vn 0.4684 0.8572 0.2141
vn 0.4128 0.8853 0.2141
vn 0.3556 0.9098 0.2141
vn 0.2970 0.9306 0.2141
vn 0.2371 0.9476 0.2141
vn 0.1763 0.9608 0.2141
vn 0.1148 0.9701 0.2141
vn 0.0528 0.9754 0.2141
vn -0.0094 0.9768 0.2141
vn -0.0716 0.9742 0.2141
vn -0.1335 0.9677 0.2141
vn -0.1948 0.9572 0.2141
vn -0.2554 0.9428 0.2141
vn -0.3149 0.9247 0.2141
vn -0.3731 0.9028 0.2141
vn -0.4298 0.8772 0.2141
vn -0.4848 0.8480 0.2141
vn -0.5378 0.8154 0.2141
vn -0.5886 0.7795 0.2141
vn -0.6371 0.7405 0.2141
vn -0.6829 0.6984 0.2141
vn -0.7260 0.6535 0.2141
vn -0.7661 0.6060 0.2141
vn -0.8032 0.5560 0.2141
vn -0.8369 0.5037 0.2141
vn -0.8673 0.4494 0.2141
vn -0.8942 0.3932 0.2141
vn -0.9174 0.3355 0.2141
vn -0.9369 0.2764 0.2141
vn -0.9526 0.2162 0.2141
vn -0.9644 0.1551 0.2141
vn -0.9723 0.0934 0.2141
vn -0.9763 0.0313 0.2141
vn -0.9763 -0.0309 0.2141
vn -0.9724 -0.0930 0.2141
vn -0.9645 -0.1548 0.2141
vn -0.9527 -0.2158 0.2141
vn -0.9370 -0.2761 0.2141
vn -0.9175 -0.3352 0.2141
vn -0.8943 -0.3929 0.2141
vn -0.8675 -0.4491 0.2141
vn -0.8371 -0.5034 0.2141
vn -0.8034 -0.5557 0.2141
vn -0.7664 -0.6057 0.2141
vn -0.7262 -0.6533 0.2141
vn -0.6832 -0.6982 0.2141
vn -0.6374 -0.7402 0.2141
vn -0.5889 -0.7793 0.2141
vn -0.5381 -0.8152 0.2141
vn -0.4851 -0.8478 0.2141
vn -0.4302 -0.8770 0.2141
vn -0.3735 -0.9026 0.2141
vn -0.3152 -0.9246 0.2141
vn -0.2557 -0.9428 0.2141
vn -0.1952 -0.9571 0.2141
vn -0.1338 -0.9676 0.2141
vn -0.0719 -0.9742 0.2141
vn -0.0098 -0.9768 0.2141
vn 0.0524 -0.9754 0.2141
vn 0.1144 -0.9701 0.2141
vn 0.1760 -0.9608 0.2141
vn 0.2368 -0.9477 0.2141
vn 0.2967 -0.9307 0.2141
vn 0.3553 -0.9099 0.2141
vn 0.4125 -0.8855 0.2141
vn 0.4680 -0.8574 0.2141
vn 0.6168 -0.7383 0.2730
vn 0.6625 -0.6975 0.2730
vn 0.7056 -0.6539 0.2730
vn 0.7458 -0.6077 0.2730
vn 0.7830 -0.5589 0.2730
vn 0.8170 -0.5080 0.2730
vn 0.8477 -0.4549 0.2730
vn 0.8749 -0.4000 0.2730
vn 0.8986 -0.3435 0.2730
vn 0.9187 -0.2856 0.2730
vn 0.9350 -0.2265 0.2730
vn 0.9475 -0.1665 0.2730
vn 0.9562 -0.1059 0.2730
vn 0.9610 -0.0448 0.2730
vn 0.9619 0.0165 0.2730
vn 0.9589 0.0777 0.2730
vn 0.9520 0.1386 0.2730
vn 0.9412 0.1990 0.2730
vn 0.9266 0.2585 0.2730
vn 0.9083 0.3169 0.2730
vn 0.8863 0.3741 0.2730
vn 0.8607 0.4298 0.2730
vn 0.8315 0.4838 0.2730
vn 0.7991 0.5357 0.2730
vn 0.7633 0.5855 0.2730
vn 0.7245 0.6329 0.2730
vn 0.6827 0.6777 0.2730
vn 0.6382 0.7199 0.2730
vn 0.5911 0.7590 0.2730
vn 0.5415 0.7951 0.2730
vn 0.4898 0.8280 0.2730
vn 0.4361 0.8575 0.2730
vn 0.3806 0.8835 0.2730
vn 0.3236 0.9060 0.2730
vn 0.2653 0.9247 0.2730
vn 0.2058 0.9397 0.2730
vn 0.1456 0.9509 0.2730
vn 0.0848 0.9583 0.2730
vn 0.0236 0.9617 0.2730
vn -0.0377 0.9613 0.2730
vn -0.0988 0.9569 0.2730
vn -0.1596 0.9487 0.2730
vn -0.2196 0.9366 0.2730
vn -0.2788 0.9207 0.2730
vn -0.3369 0.9011 0.2730
vn -0.3936 0.8778 0.2730
vn -0.4487 0.8510 0.2730
vn -0.5019 0.8207 0.2730
vn -0.5532 0.7871 0.2730
vn -0.6022 0.7503 0.2730
vn -0.6487 0.7104 0.2730
vn -0.6926 0.6676 0.2730
vn -0.7337 0.6222 0.2730
vn -0.7719 0.5742 0.2730
vn -0.8069 0.5239 0.2730
vn -0.8386 0.4715 0.2730
vn -0.8669 0.4171 0.2730
vn -0.8917 0.3611 0.2730
vn -0.9129 0.3036 0.2730
vn -0.9303 0.2448 0.2730
vn -0.9440 0.1851 0.2730
vn -0.9539 0.1246 0.2730
vn -0.9599 0.0636 0.2730
vn -0.9620 0.0024 0.2730
vn -0.9602 -0.0589 0.2730
vn -0.9545 -0.1199 0.2730
vn -0.9450 -0.1804 0.2730
vn -0.9316 -0.2402 0.2730
vn -0.9144 -0.2991 0.2730
vn -0.8935 -0.3567 0.2730
vn -0.8689 -0.4128 0.2730
vn -0.8409 -0.4673 0.2730
vn -0.8094 -0.5199 0.2730
vn -0.7747 -0.5704 0.2730
vn -0.7368 -0.6186 0.2730
vn -0.6959 -0.6642 0.2730
vn -0.6522 -0.7072 0.2730
vn -0.6059 -0.7473 0.2730
vn -0.5570 -0.7843 0.2730
vn -0.5060 -0.8182 0.2730
vn -0.4529 -0.8488 0.2730
vn -0.3979 -0.8759 0.2730
vn -0.3413 -0.8994 0.2730
vn -0.2834 -0.9193 0.2730
vn -0.2243 -0.9355 0.2730
vn -0.1643 -0.9479 0.2730
vn -0.1036 -0.9564 0.2730
vn -0.0424 -0.9611 0.2730
vn 0.0188 -0.9618 0.2730
vn 0.0800 -0.9587 0.2730
vn 0.1409 -0.9516 0.2730
vn 0.2012 -0.9407 0.2730
vn 0.2607 -0.9260 0.2730
vn 0.3191 -0.9075 0.2730
vn 0.3762 -0.8854 0.2730
vn 0.4318 -0.8596 0.2730
vn 0.4857 -0.8304 0.2730
vn 0.5376 -0.7978 0.2730
vn 0.5873 -0.7619 0.2730
vn 0.7129 -0.6224 0.3231
vn 0.7511 -0.5758 0.3231
vn 0.7862 -0.5268 0.3231
vn 0.8182 -0.4756 0.3231
vn 0.8468 -0.4226 0.3231
vn 0.8720 -0.3678 0.3231
vn 0.8936 -0.3116 0.3231
vn 0.9116 -0.2540 0.3231
vn 0.9260 -0.1954 0.3231
vn 0.9365 -0.1361 0.3231
vn 0.9433 -0.0762 0.3231
vn 0.9462 -0.0160 0.3231
vn 0.9453 0.0443 0.3231
vn 0.9406 0.1044 0.3231
vn 0.9320 0.1641 0.3231
vn 0.9197 0.2231 0.3231
vn 0.9036 0.2812 0.3231
vn 0.8839 0.3382 0.3231
vn 0.8606 0.3937 0.3231
vn 0.8338 0.4477 0.3231
vn 0.8036 0.4999 0.3231
vn 0.7701 0.5501 0.3231
vn 0.7335 0.5980 0.3231
vn 0.6939 0.6435 0.3231
vn 0.6516 0.6863 0.3231
vn 0.6066 0.7264 0.3231
vn 0.5591 0.7636 0.3231
vn 0.5093 0.7976 0.3231
vn 0.4575 0.8284 0.3231
vn 0.4038 0.8559 0.3231
vn 0.3485 0.8799 0.3231
vn 0.2918 0.9003 0.3231
vn 0.2339 0.9170 0.3231
vn 0.1750 0.9301 0.3231
vn 0.1155 0.9393 0.3231
vn 0.0554 0.9448 0.3231
vn -0.0049 0.9464 0.3231
vn -0.0651 0.9441 0.3231
vn -0.1251 0.9381 0.3231
vn -0.1846 0.9282 0.3231
vn -0.2433 0.9146 0.3231
vn -0.3010 0.8972 0.3231
vn -0.3575 0.8762 0.3231
vn -0.4126 0.8517 0.3231
vn -0.4660 0.8237 0.3231
vn -0.5175 0.7924 0.3231
vn -0.5669 0.7578 0.3231
vn -0.6140 0.7202 0.3231
vn -0.6586 0.6796 0.3231
vn -0.7005 0.6363 0.3231
vn -0.7396 0.5904 0.3231
vn -0.7757 0.5421 0.3231
vn -0.8087 0.4916 0.3231
vn -0.8383 0.4391 0.3231
vn -0.8646 0.3848 0.3231
vn -0.8873 0.3290 0.3231
vn -0.9065 0.2719 0.3231
vn -0.9220 0.2136 0.3231
vn -0.9337 0.1544 0.3231
vn -0.9416 0.0947 0.3231
vn -0.9457 0.0346 0.3231
vn -0.9460 -0.0257 0.3231
vn -0.9425 -0.0859 0.3231
vn -0.9351 -0.1458 0.3231
vn -0.9239 -0.2050 0.3231
vn -0.9090 -0.2634 0.3231
vn -0.8904 -0.3207 0.3231
vn -0.8681 -0.3768 0.3231
vn -0.8424 -0.4313 0.3231
vn -0.8132 -0.4840 0.3231
vn -0.7808 -0.5348 0.3231
vn -0.7451 -0.5835 0.3231
vn -0.7065 -0.6297 0.3231
vn -0.6649 -0.6734 0.3231
vn -0.6207 -0.7144 0.3231
vn -0.5740 -0.7525 0.3231
vn -0.5249 -0.7875 0.3231
vn -0.4737 -0.8193 0.3231
vn -0.4205 -0.8478 0.3231
vn -0.3657 -0.8729 0.3231
vn -0.3094 -0.8944 0.3231
vn -0.2518 -0.9122 0.3231
vn -0.1932 -0.9264 0.3231
vn -0.1339 -0.9369 0.3231
vn -0.0739 -0.9435 0.3231
vn -0.0137 -0.9463 0.3231
vn 0.0465 -0.9452 0.3231
vn 0.1066 -0.9404 0.3231
vn 0.1663 -0.9316 0.3231
vn 0.2253 -0.9192 0.3231
vn 0.2833 -0.9030 0.3231
vn 0.3403 -0.8831 0.3231
vn 0.3958 -0.8596 0.3231
vn 0.4497 -0.8327 0.3231
vn 0.5018 -0.8024 0.3231
vn 0.5519 -0.7688 0.3231
vn 0.5997 -0.7321 0.3231
vn 0.6451 -0.6924 0.3231
vn 0.6879 -0.6499 0.3231
vn 0.7889 -0.4952 0.3638
vn 0.8188 -0.4440 0.3638
vn 0.8454 -0.3910 0.3638
vn 0.8686 -0.3364 0.3638
vn 0.8883 -0.2804 0.3638
vn 0.9043 -0.2232 0.3638
vn 0.9167 -0.1652 0.3638
vn 0.9254 -0.1065 0.3638
vn 0.9303 -0.0474 0.3638
vn 0.9314 0.0119 0.3638
vn 0.9287 0.0712 0.3638
vn 0.9223 0.1302 0.3638
vn 0.9122 0.1887 0.3638
vn 0.8983 0.2464 0.3638
vn 0.8808 0.3031 0.3638
vn 0.8597 0.3586 0.3638
vn 0.8351 0.4125 0.3638
vn 0.8072 0.4649 0.3638
vn 0.7759 0.5153 0.3638
vn 0.7415 0.5637 0.3638
vn 0.7041 0.6098 0.3638
vn 0.6639 0.6533 0.3638
vn 0.6210 0.6943 0.3638
vn 0.5755 0.7324 0.3638
vn 0.5277 0.7676 0.3638
vn 0.4778 0.7996 0.3638
vn 0.4259 0.8284 0.3638
vn 0.3723 0.8538 0.3638
vn 0.3172 0.8758 0.3638
vn 0.2607 0.8942 0.3638
vn 0.2033 0.9090 0.3638
vn 0.1450 0.9201 0.3638
vn 0.0861 0.9275 0.3638
vn 0.0269 0.9311 0.3638
vn -0.0325 0.9309 0.3638
vn -0.0917 0.9269 0.3638
vn -0.1505 0.9192 0.3638
vn -0.2087 0.9078 0.3638
vn -0.2661 0.8926 0.3638
vn -0.3224 0.8739 0.3638
vn -0.3774 0.8516 0.3638
vn -0.4309 0.8258 0.3638
vn -0.4825 0.7967 0.3638
vn -0.5323 0.7644 0.3638
vn -0.5799 0.7289 0.3638
vn -0.6251 0.6905 0.3638
vn -0.6678 0.6493 0.3638
vn -0.7078 0.6055 0.3638
vn -0.7449 0.5592 0.3638
vn -0.7790 0.5106 0.3638
vn -0.8100 0.4600 0.3638
vn -0.8376 0.4075 0.3638
vn -0.8618 0.3534 0.3638
vn -0.8826 0.2978 0.3638
vn -0.8998 0.2410 0.3638
vn -0.9133 0.1832 0.3638
vn -0.9231 0.1247 0.3638
vn -0.9292 0.0656 0.3638
vn -0.9314 0.0063 0.3638
vn -0.9300 -0.0530 0.3638
vn -0.9247 -0.1121 0.3638
vn -0.9157 -0.1707 0.3638
vn -0.9030 -0.2287 0.3638
vn -0.8866 -0.2857 0.3638
vn -0.8666 -0.3416 0.3638
vn -0.8431 -0.3961 0.3638
vn -0.8161 -0.4490 0.3638
vn -0.7859 -0.5000 0.3638
vn -0.7525 -0.5490 0.3638
vn -0.7160 -0.5958 0.3638
vn -0.6766 -0.6402 0.3638
vn -0.6345 -0.6820 0.3638
vn -0.5898 -0.7210 0.3638
vn -0.5427 -0.7571 0.3638
vn -0.4934 -0.7901 0.3638
vn -0.4421 -0.8199 0.3638
vn -0.3890 -0.8464 0.3638
vn -0.3343 -0.8694 0.3638
vn -0.2783 -0.8889 0.3638
vn -0.2211 -0.9048 0.3638
vn -0.1630 -0.9171 0.3638
vn -0.1043 -0.9256 0.3638
vn -0.0452 -0.9304 0.3638
vn 0.0142 -0.9314 0.3638
vn 0.0734 -0.9286 0.3638
vn 0.1324 -0.9220 0.3638
vn 0.1909 -0.9117 0.3638
vn 0.2485 -0.8977 0.3638
vn 0.3052 -0.8801 0.3638
vn 0.3606 -0.8589 0.3638
vn 0.4145 -0.8342 0.3638
vn 0.4668 -0.8061 0.3638
vn 0.5172 -0.7747 0.3638
vn 0.5655 -0.7402 0.3638
vn 0.6115 -0.7027 0.3638
vn 0.6550 -0.6623 0.3638
vn 0.6958 -0.6193 0.3638
vn 0.7338 -0.5737 0.3638
vn 0.7688 -0.5259 0.3638
vn 0.8449 -0.3606 0.3952
vn 0.8661 -0.3061 0.3952
vn 0.8839 -0.2503 0.3952
vn 0.8980 -0.1935 0.3952
vn 0.9085 -0.1359 0.3952
vn 0.9153 -0.0778 0.3952
vn 0.9184 -0.0194 0.3952
vn 0.9178 0.0391 0.3952
vn 0.9134 0.0975 0.3952
vn 0.9054 0.1554 0.3952
vn 0.8936 0.2127 0.3952
vn 0.8783 0.2692 0.3952
vn 0.8594 0.3246 0.3952
vn 0.8369 0.3787 0.3952
vn 0.8111 0.4312 0.3952
vn 0.7820 0.4820 0.3952
vn 0.7498 0.5308 0.3952
vn 0.7145 0.5774 0.3952
vn 0.6762 0.6217 0.3952
vn 0.6353 0.6635 0.3952
vn 0.5917 0.7026 0.3952
vn 0.5458 0.7389 0.3952
vn 0.4977 0.7721 0.3952
vn 0.4475 0.8023 0.3952
vn 0.3955 0.8291 0.3952
vn 0.3419 0.8526 0.3952
vn 0.2869 0.8727 0.3952
vn 0.2308 0.8891 0.3952
vn 0.1737 0.9020 0.3952
vn 0.1159 0.9113 0.3952
vn 0.0577 0.9168 0.3952
vn -0.0008 0.9186 0.3952
vn -0.0593 0.9167 0.3952
vn -0.1176 0.9111 0.3952
vn -0.1754 0.9017 0.3952
vn -0.2324 0.8887 0.3952
vn -0.2885 0.8721 0.3952
vn -0.3435 0.8520 0.3952
vn -0.3970 0.8284 0.3952
vn -0.4489 0.8014 0.3952
vn -0.4991 0.7712 0.3952
vn -0.5471 0.7379 0.3952
vn -0.5930 0.7016 0.3952
vn -0.6365 0.6624 0.3952
vn -0.6774 0.6205 0.3952
vn -0.7155 0.5761 0.3952
vn -0.7507 0.5294 0.3952
vn -0.7829 0.4805 0.3952
vn -0.8119 0.4297 0.3952
vn -0.8376 0.3771 0.3952
vn -0.8599 0.3230 0.3952
vn -0.8788 0.2676 0.3952
vn -0.8940 0.2111 0.3952
vn -0.9056 0.1538 0.3952
vn -0.9136 0.0958 0.3952
vn -0.9178 0.0375 0.3952
vn -0.9184 -0.0211 0.3952
vn -0.9152 -0.0795 0.3952
vn -0.9082 -0.1376 0.3952
vn -0.8976 -0.1952 0.3952
vn -0.8834 -0.2519 0.3952
vn -0.8656 -0.3077 0.3952
vn -0.8442 -0.3621 0.3952
vn -0.8194 -0.4152 0.3952
vn -0.7914 -0.4665 0.3952
vn -0.7601 -0.5159 0.3952
vn -0.7256 -0.5633 0.3952
vn -0.6883 -0.6083 0.3952
vn -0.6482 -0.6509 0.3952
vn -0.6054 -0.6909 0.3952
vn -0.5602 -0.7280 0.3952
vn -0.5127 -0.7622 0.3952
vn -0.4631 -0.7933 0.3952
vn -0.4117 -0.8212 0.3952
vn -0.3586 -0.8457 0.3952
vn -0.3040 -0.8668 0.3952
vn -0.2482 -0.8844 0.3952
vn -0.1914 -0.8984 0.3952
vn -0.1338 -0.9088 0.3952
vn -0.0757 -0.9155 0.3952
vn -0.0172 -0.9185 0.3952
vn 0.0413 -0.9177 0.3952
vn 0.0997 -0.9132 0.3952
vn 0.1576 -0.9050 0.3952
vn 0.2149 -0.8931 0.3952
vn 0.2713 -0.8776 0.3952
vn 0.3267 -0.8586 0.3952
vn 0.3807 -0.8360 0.3952
vn 0.4331 -0.8101 0.3952
vn 0.4838 -0.7809 0.3952
vn 0.5325 -0.7485 0.3952
vn 0.5791 -0.7131 0.3952
vn 0.6233 -0.6747 0.3952
vn 0.6650 -0.6337 0.3952
vn 0.7041 -0.5900 0.3952
vn 0.7402 -0.5440 0.3952
vn 0.7733 -0.4958 0.3952
vn 0.8033 -0.4456 0.3952
vn 0.8301 -0.3935 0.3952
vn 0.8814 -0.2215 0.4173
vn 0.8937 -0.1649 0.4173
vn 0.9024 -0.1077 0.4173
vn 0.9074 -0.0500 0.4172
vn 0.9088 0.0079 0.4173
vn 0.9064 0.0657 0.4173
vn 0.9004 0.1233 0.4173
vn 0.8907 0.1804 0.4172
vn 0.8774 0.2367 0.4173
vn 0.8606 0.2921 0.4173
vn 0.8402 0.3463 0.4173
vn 0.8165 0.3991 0.4173
vn 0.7894 0.4503 0.4173
vn 0.7591 0.4996 0.4172
vn 0.7258 0.5470 0.4173
vn 0.6895 0.5921 0.4173
vn 0.6504 0.6348 0.4173
vn 0.6086 0.6749 0.4173
vn 0.5644 0.7123 0.4173
vn 0.5179 0.7468 0.4173
vn 0.4693 0.7782 0.4173
vn 0.4188 0.8065 0.4173
vn 0.3666 0.8315 0.4173
vn 0.3130 0.8532 0.4173
vn 0.2580 0.8714 0.4173
vn 0.2020 0.8861 0.4172
vn 0.1452 0.8971 0.4173
vn 0.0877 0.9045 0.4173
vn 0.0300 0.9083 0.4173
vn -0.0279 0.9084 0.4173
vn -0.0857 0.9047 0.4173
vn -0.1432 0.8974 0.4173
vn -0.2000 0.8865 0.4173
vn -0.2560 0.8720 0.4173
vn -0.3110 0.8539 0.4173
vn -0.3648 0.8324 0.4173
vn -0.4170 0.8075 0.4172
vn -0.4676 0.7793 0.4173
vn -0.5162 0.7479 0.4173
vn -0.5628 0.7135 0.4173
vn -0.6071 0.6763 0.4172
vn -0.6489 0.6362 0.4173
vn -0.6881 0.5936 0.4173
vn -0.7245 0.5486 0.4173
vn -0.7580 0.5014 0.4173
vn -0.7884 0.4521 0.4173
vn -0.8156 0.4010 0.4173
vn -0.8394 0.3482 0.4172
vn -0.8599 0.2941 0.4173
vn -0.8769 0.2387 0.4173
vn -0.8903 0.1824 0.4173
vn -0.9001 0.1254 0.4173
vn -0.9063 0.0678 0.4173
vn -0.9087 0.0100 0.4173
vn -0.9075 -0.0479 0.4173
vn -0.9026 -0.1056 0.4173
vn -0.8941 -0.1629 0.4173
vn -0.8819 -0.2195 0.4173
vn -0.8661 -0.2752 0.4173
vn -0.8468 -0.3298 0.4173
vn -0.8241 -0.3830 0.4173
vn -0.7981 -0.4347 0.4173
vn -0.7688 -0.4846 0.4173
vn -0.7364 -0.5326 0.4173
vn -0.7010 -0.5784 0.4173
vn -0.6627 -0.6218 0.4173
vn -0.6218 -0.6628 0.4173
vn -0.5783 -0.7010 0.4173
vn -0.5325 -0.7364 0.4173
vn -0.4846 -0.7688 0.4172
vn -0.4346 -0.7981 0.4173
vn -0.3829 -0.8242 0.4173
vn -0.3296 -0.8469 0.4172
vn -0.2750 -0.8662 0.4173
vn -0.2193 -0.8819 0.4173
vn -0.1627 -0.8941 0.4173
vn -0.1055 -0.9026 0.4173
vn -0.0478 -0.9075 0.4173
vn 0.0101 -0.9087 0.4173
vn 0.0679 -0.9063 0.4172
vn 0.1254 -0.9001 0.4173
vn 0.1825 -0.8903 0.4173
vn 0.2389 -0.8768 0.4173
vn 0.2942 -0.8599 0.4173
vn 0.3483 -0.8394 0.4173
vn 0.4011 -0.8155 0.4173
vn 0.4522 -0.7883 0.4173
vn 0.5015 -0.7579 0.4173
vn 0.5487 -0.7245 0.4173
vn 0.5937 -0.6880 0.4173
vn 0.6363 -0.6489 0.4173
vn 0.6763 -0.6070 0.4173
vn 0.7136 -0.5627 0.4172
vn 0.7480 -0.5162 0.4172
vn 0.7793 -0.4675 0.4173
vn 0.8075 -0.4169 0.4173
vn 0.8324 -0.3647 0.4172
vn 0.8540 -0.3109 0.4172
vn 0.8720 -0.2559 0.4173
vn 0.8991 -0.0802 0.4303
vn 0.9024 -0.0227 0.4303
vn 0.9020 0.0348 0.4304
vn 0.8979 0.0921 0.4304
vn 0.8903 0.1491 0.4303
vn 0.8790 0.2055 0.4303
vn 0.8641 0.2610 0.4304
vn 0.8457 0.3155 0.4303
vn 0.8239 0.3687 0.4303
vn 0.7988 0.4204 0.4303
vn 0.7704 0.4704 0.4303
vn 0.7389 0.5185 0.4303
vn 0.7044 0.5645 0.4303
vn 0.6670 0.6082 0.4303
vn 0.6269 0.6495 0.4303
vn 0.5843 0.6881 0.4303
vn 0.5393 0.7239 0.4304
vn 0.4921 0.7567 0.4303
vn 0.4429 0.7865 0.4303
vn 0.3920 0.8131 0.4303
vn 0.3394 0.8364 0.4304
vn 0.2854 0.8564 0.4303
vn 0.2303 0.8728 0.4303
vn 0.1743 0.8857 0.4304
vn 0.1176 0.8950 0.4303
vn 0.0603 0.9006 0.4303
vn 0.0029 0.9027 0.4303
vn -0.0546 0.9010 0.4304
vn -0.1119 0.8957 0.4304
vn -0.1687 0.8868 0.4303
vn -0.2248 0.8742 0.4303
vn -0.2800 0.8581 0.4303
vn -0.3340 0.8386 0.4303
vn -0.3868 0.8156 0.4303
vn -0.4379 0.7893 0.4304
vn -0.4873 0.7598 0.4303
vn -0.5347 0.7273 0.4303
vn -0.5799 0.6917 0.4303
vn -0.6228 0.6534 0.4304
vn -0.6631 0.6124 0.4303
vn -0.7008 0.5690 0.4303
vn -0.7356 0.5232 0.4304
vn -0.7674 0.4753 0.4303
vn -0.7961 0.4255 0.4303
vn -0.8216 0.3739 0.4304
vn -0.8437 0.3209 0.4304
vn -0.8624 0.2665 0.4303
vn -0.8776 0.2110 0.4303
vn -0.8893 0.1547 0.4303
vn -0.8974 0.0978 0.4304
vn -0.9018 0.0405 0.4303
vn -0.9025 -0.0170 0.4303
vn -0.8996 -0.0745 0.4303
vn -0.8930 -0.1316 0.4303
vn -0.8828 -0.1882 0.4303
vn -0.8691 -0.2440 0.4303
vn -0.8518 -0.2989 0.4303
vn -0.8310 -0.3525 0.4303
vn -0.8069 -0.4047 0.4303
vn -0.7795 -0.4552 0.4304
vn -0.7489 -0.5039 0.4304
vn -0.7153 -0.5506 0.4303
vn -0.6788 -0.5950 0.4303
vn -0.6395 -0.6370 0.4303
vn -0.5977 -0.6765 0.4303
vn -0.5534 -0.7131 0.4303
vn -0.5069 -0.7469 0.4304
vn -0.4583 -0.7777 0.4304
vn -0.4078 -0.8053 0.4303
vn -0.3557 -0.8296 0.4303
vn -0.3022 -0.8506 0.4304
vn -0.2474 -0.8681 0.4303
vn -0.1916 -0.8821 0.4303
vn -0.1351 -0.8925 0.4303
vn -0.0780 -0.8993 0.4303
vn -0.0206 -0.9024 0.4303
vn 0.0369 -0.9019 0.4303
vn 0.0943 -0.8977 0.4303
vn 0.1512 -0.8899 0.4304
vn 0.2076 -0.8785 0.4303
vn 0.2631 -0.8635 0.4303
vn 0.3176 -0.8450 0.4304
vn 0.3707 -0.8230 0.4303
vn 0.4223 -0.7978 0.4303
vn 0.4723 -0.7693 0.4304
vn 0.5203 -0.7376 0.4303
vn 0.5662 -0.7030 0.4303
vn 0.6098 -0.6655 0.4303
vn 0.6510 -0.6253 0.4304
vn 0.6895 -0.5826 0.4303
vn 0.7252 -0.5375 0.4303
vn 0.7579 -0.4903 0.4303
vn 0.7876 -0.4410 0.4303
vn 0.8141 -0.3900 0.4303
vn 0.8372 -0.3374 0.4303
vn 0.8570 -0.2834 0.4304
vn 0.8733 -0.2283 0.4303
vn 0.8861 -0.1722 0.4303
vn 0.8953 -0.1154 0.4303
vn 0.8985 0.0615 0.4346
vn 0.8928 0.1186 0.4346
vn 0.8834 0.1752 0.4346
vn 0.8705 0.2311 0.4346
vn 0.8540 0.2860 0.4346
vn 0.8340 0.3398 0.4346
vn 0.8107 0.3923 0.4346
vn 0.7841 0.4431 0.4346
vn 0.7543 0.4921 0.4346
vn 0.7214 0.5391 0.4346
vn 0.6856 0.5840 0.4346
vn 0.6471 0.6264 0.4346
vn 0.6059 0.6664 0.4346
vn 0.5622 0.7036 0.4346
vn 0.5163 0.7379 0.4346
vn 0.4683 0.7693 0.4346
vn 0.4183 0.7976 0.4346
vn 0.3667 0.8226 0.4346
vn 0.3136 0.8443 0.4346
vn 0.2592 0.8625 0.4346
vn 0.2037 0.8773 0.4346
vn 0.1474 0.8885 0.4346
vn 0.0906 0.8960 0.4346
vn 0.0334 0.9000 0.4346
vn -0.0240 0.9003 0.4346
vn -0.0813 0.8969 0.4346
vn -0.1382 0.8899 0.4346
vn -0.1946 0.8793 0.4346
vn -0.2502 0.8652 0.4346
vn -0.3048 0.8475 0.4346
vn -0.3581 0.8263 0.4346
vn -0.4100 0.8019 0.4346
vn -0.4602 0.7741 0.4346
vn -0.5086 0.7433 0.4346
vn -0.5549 0.7094 0.4346
vn -0.5989 0.6726 0.4346
vn -0.6405 0.6331 0.4346
vn -0.6795 0.5910 0.4346
vn -0.7158 0.5466 0.4346
vn -0.7491 0.4999 0.4346
vn -0.7794 0.4512 0.4346
vn -0.8066 0.4006 0.4346
vn -0.8305 0.3485 0.4346
vn -0.8510 0.2949 0.4346
vn -0.8680 0.2401 0.4346
vn -0.8815 0.1843 0.4346
vn -0.8915 0.1278 0.4346
vn -0.8978 0.0708 0.4346
vn -0.9005 0.0135 0.4346
vn -0.8995 -0.0439 0.4346
vn -0.8949 -0.1010 0.4346
vn -0.8867 -0.1578 0.4346
vn -0.8748 -0.2140 0.4346
vn -0.8594 -0.2692 0.4346
vn -0.8405 -0.3234 0.4346
vn -0.8183 -0.3762 0.4346
vn -0.7926 -0.4276 0.4346
vn -0.7638 -0.4772 0.4346
vn -0.7319 -0.5248 0.4346
vn -0.6970 -0.5704 0.4346
vn -0.6593 -0.6136 0.4346
vn -0.6189 -0.6543 0.4346
vn -0.5759 -0.6924 0.4346
vn -0.5307 -0.7277 0.4346
vn -0.4833 -0.7600 0.4346
vn -0.4339 -0.7892 0.4346
vn -0.3828 -0.8152 0.4346
vn -0.3301 -0.8379 0.4346
vn -0.2761 -0.8572 0.4346
vn -0.2209 -0.8731 0.4346
vn -0.1649 -0.8854 0.4346
vn -0.1082 -0.8941 0.4346
vn -0.0510 -0.8992 0.4346
vn 0.0063 -0.9006 0.4346
vn 0.0636 -0.8984 0.4346
vn 0.1207 -0.8925 0.4346
vn 0.1773 -0.8830 0.4346
vn 0.2332 -0.8699 0.4346
vn 0.2881 -0.8533 0.4346
vn 0.3418 -0.8332 0.4346
vn 0.3942 -0.8098 0.4346
vn 0.4449 -0.7830 0.4346
vn 0.4939 -0.7531 0.4346
vn 0.5408 -0.7201 0.4346
vn 0.5856 -0.6842 0.4346
vn 0.6280 -0.6456 0.4346
vn 0.6678 -0.6043 0.4346
vn 0.7049 -0.5605 0.4346
vn 0.7392 -0.5145 0.4346
vn 0.7704 -0.4664 0.4346
vn 0.7986 -0.4164 0.4346
vn 0.8235 -0.3647 0.4346
vn 0.8450 -0.3115 0.4346
vn 0.8631 -0.2571 0.4346
vn 0.8777 -0.2016 0.4346
vn 0.8888 -0.1453 0.4346
vn 0.8963 -0.0884 0.4346
vn 0.9001 -0.0312 0.4346
vn 0.9002 0.0262 0.4346
vn 0.8799 0.2019 0.4302
vn 0.8652 0.2576 0.4302
vn 0.8471 0.3121 0.4302
vn 0.8255 0.3654 0.4302
vn 0.8005 0.4172 0.4302
vn 0.7723 0.4674 0.4302
vn 0.7410 0.5156 0.4302
vn 0.7067 0.5617 0.4302
vn 0.6695 0.6056 0.4302
vn 0.6296 0.6470 0.4302
vn 0.5871 0.6857 0.4302
vn 0.5423 0.7217 0.4302
vn 0.4952 0.7548 0.4302
vn 0.4461 0.7848 0.4302
vn 0.3953 0.8116 0.4302
vn 0.3428 0.8351 0.4302
vn 0.2889 0.8552 0.4302
vn 0.2339 0.8719 0.4302
vn 0.1779 0.8850 0.4302
vn 0.1212 0.8946 0.4302
vn 0.0640 0.9005 0.4302
vn 0.0065 0.9027 0.4302
vn -0.0510 0.9013 0.4302
vn -0.1083 0.8962 0.4302
vn -0.1651 0.8875 0.4302
vn -0.2213 0.8752 0.4302
vn -0.2766 0.8593 0.4302
vn -0.3307 0.8400 0.4302
vn -0.3835 0.8172 0.4302
vn -0.4348 0.7911 0.4302
vn -0.4843 0.7618 0.4302
vn -0.5318 0.7295 0.4302
vn -0.5772 0.6941 0.4302
vn -0.6202 0.6560 0.4302
vn -0.6607 0.6152 0.4302
vn -0.6985 0.5719 0.4302
vn -0.7335 0.5262 0.4302
vn -0.7655 0.4785 0.4302
vn -0.7944 0.4287 0.4302
vn -0.8201 0.3773 0.4302
vn -0.8425 0.3243 0.4302
vn -0.8614 0.2700 0.4302
vn -0.8769 0.2146 0.4302
vn -0.8887 0.1583 0.4302
vn -0.8970 0.1014 0.4302
vn -0.9017 0.0441 0.4302
vn -0.9026 -0.0134 0.4302
vn -0.9000 -0.0708 0.4302
vn -0.8936 -0.1280 0.4302
vn -0.8837 -0.1846 0.4302
vn -0.8701 -0.2405 0.4302
vn -0.8530 -0.2954 0.4302
vn -0.8325 -0.3491 0.4302
vn -0.8086 -0.4014 0.4302
vn -0.7814 -0.4521 0.4302
vn -0.7510 -0.5009 0.4302
vn -0.7176 -0.5477 0.4302
vn -0.6813 -0.5923 0.4302
vn -0.6422 -0.6345 0.4302
vn -0.6005 -0.6741 0.4302
vn -0.5563 -0.7109 0.4302
vn -0.5099 -0.7449 0.4302
vn -0.4615 -0.7759 0.4302
vn -0.4111 -0.8037 0.4302
vn -0.3591 -0.8282 0.4302
vn -0.3057 -0.8494 0.4302
vn -0.2509 -0.8672 0.4302
vn -0.1952 -0.8814 0.4302
vn -0.1387 -0.8920 0.4302
vn -0.0817 -0.8990 0.4302
vn -0.0242 -0.9024 0.4302
vn 0.0333 -0.9021 0.4302
vn 0.0906 -0.8982 0.4302
vn 0.1476 -0.8906 0.4302
vn 0.2041 -0.8794 0.4302
vn 0.2596 -0.8646 0.4302
vn 0.3141 -0.8463 0.4302
vn 0.3674 -0.8246 0.4302
vn 0.4191 -0.7995 0.4302
vn 0.4692 -0.7712 0.4302
vn 0.5174 -0.7398 0.4302
vn 0.5634 -0.7053 0.4302
vn 0.6072 -0.6680 0.4302
vn 0.6485 -0.6280 0.4302
vn 0.6872 -0.5854 0.4302
vn 0.7230 -0.5405 0.4302
vn 0.7560 -0.4934 0.4302
vn 0.7859 -0.4443 0.4302
vn 0.8125 -0.3933 0.4302
vn 0.8359 -0.3408 0.4302
vn 0.8559 -0.2869 0.4302
vn 0.8725 -0.2318 0.4302
vn 0.8855 -0.1758 0.4302
vn 0.8949 -0.1190 0.4302
vn 0.9006 -0.0618 0.4302
vn 0.9027 -0.0044 0.4302
vn 0.9012 0.0531 0.4302
vn 0.8960 0.1104 0.4302
vn 0.8871 0.1672 0.4302
vn 0.8431 0.3395 0.4170
vn 0.8198 0.3925 0.4170
vn 0.7931 0.4439 0.4170
vn 0.7633 0.4935 0.4170
vn 0.7303 0.5411 0.4170
vn 0.6944 0.5865 0.4170
vn 0.6556 0.6295 0.4170
vn 0.6142 0.6700 0.4170
vn 0.5703 0.7078 0.4170
vn 0.5241 0.7426 0.4170
vn 0.4757 0.7745 0.4170
vn 0.4255 0.8032 0.4170
vn 0.3735 0.8287 0.4170
vn 0.3199 0.8508 0.4170
vn 0.2651 0.8694 0.4170
vn 0.2092 0.8845 0.4170
vn 0.1525 0.8960 0.4170
vn 0.0951 0.9039 0.4170
vn 0.0374 0.9082 0.4170
vn -0.0205 0.9087 0.4170
vn -0.0783 0.9055 0.4170
vn -0.1358 0.8987 0.4170
vn -0.1928 0.8882 0.4170
vn -0.2490 0.8742 0.4170
vn -0.3041 0.8565 0.4170
vn -0.3580 0.8354 0.4170
vn -0.4105 0.8109 0.4170
vn -0.4613 0.7832 0.4170
vn -0.5102 0.7522 0.4170
vn -0.5571 0.7182 0.4170
vn -0.6017 0.6813 0.4170
vn -0.6438 0.6416 0.4170
vn -0.6834 0.5993 0.4170
vn -0.7201 0.5546 0.4170
vn -0.7540 0.5076 0.4170
vn -0.7848 0.4586 0.4170
vn -0.8124 0.4077 0.4170
vn -0.8367 0.3551 0.4170
vn -0.8576 0.3011 0.4170
vn -0.8750 0.2459 0.4170
vn -0.8889 0.1896 0.4170
vn -0.8992 0.1327 0.4170
vn -0.9058 0.0752 0.4170
vn -0.9088 0.0174 0.4170
vn -0.9080 -0.0405 0.4170
vn -0.9036 -0.0983 0.4170
vn -0.8955 -0.1556 0.4170
vn -0.8838 -0.2123 0.4170
vn -0.8685 -0.2681 0.4170
vn -0.8496 -0.3229 0.4170
vn -0.8273 -0.3764 0.4170
vn -0.8017 -0.4283 0.4170
vn -0.7728 -0.4784 0.4170
vn -0.7408 -0.5267 0.4170
vn -0.7057 -0.5728 0.4170
vn -0.6678 -0.6166 0.4169
vn -0.6272 -0.6578 0.4170
vn -0.5841 -0.6964 0.4170
vn -0.5385 -0.7322 0.4169
vn -0.4908 -0.7650 0.4170
vn -0.4411 -0.7947 0.4170
vn -0.3896 -0.8212 0.4170
vn -0.3366 -0.8443 0.4170
vn -0.2821 -0.8640 0.4170
vn -0.2266 -0.8802 0.4170
vn -0.1701 -0.8929 0.4170
vn -0.1128 -0.9019 0.4170
vn -0.0552 -0.9073 0.4170
vn 0.0027 -0.9089 0.4170
vn 0.0606 -0.9069 0.4170
vn 0.1182 -0.9012 0.4170
vn 0.1753 -0.8919 0.4170
vn 0.2317 -0.8789 0.4170
vn 0.2872 -0.8624 0.4170
vn 0.3416 -0.8423 0.4170
vn 0.3945 -0.8189 0.4170
vn 0.4458 -0.7921 0.4170
vn 0.4953 -0.7621 0.4170
vn 0.5429 -0.7290 0.4170
vn 0.5882 -0.6930 0.4170
vn 0.6311 -0.6541 0.4170
vn 0.6715 -0.6126 0.4170
vn 0.7091 -0.5686 0.4170
vn 0.7439 -0.5223 0.4169
vn 0.7756 -0.4739 0.4170
vn 0.8042 -0.4235 0.4170
vn 0.8296 -0.3715 0.4170
vn 0.8515 -0.3179 0.4170
vn 0.8700 -0.2630 0.4170
vn 0.8850 -0.2071 0.4170
vn 0.8964 -0.1504 0.4170
vn 0.9042 -0.0930 0.4170
vn 0.9082 -0.0352 0.4170
vn 0.9086 0.0227 0.4170
vn 0.9054 0.0805 0.4170
vn 0.8984 0.1380 0.4170
vn 0.8878 0.1949 0.4170
vn 0.8736 0.2510 0.4170
vn 0.8558 0.3061 0.4170
vn 0.7880 0.4724 0.3947
vn 0.7564 0.5216 0.3947
vn 0.7216 0.5687 0.3947
vn 0.6839 0.6135 0.3947
vn 0.6435 0.6558 0.3947
vn 0.6004 0.6955 0.3947
vn 0.5549 0.7323 0.3947
vn 0.5072 0.7661 0.3947
vn 0.4574 0.7969 0.3947
vn 0.4057 0.8244 0.3947
vn 0.3524 0.8485 0.3947
vn 0.2976 0.8693 0.3947
vn 0.2417 0.8864 0.3947
vn 0.1848 0.9000 0.3947
vn 0.1271 0.9100 0.3947
vn 0.0689 0.9162 0.3947
vn 0.0104 0.9187 0.3947
vn -0.0481 0.9175 0.3947
vn -0.1064 0.9126 0.3947
vn -0.1643 0.9040 0.3947
vn -0.2215 0.8917 0.3947
vn -0.2779 0.8758 0.3947
vn -0.3331 0.8563 0.3947
vn -0.3869 0.8334 0.3947
vn -0.4392 0.8070 0.3947
vn -0.4897 0.7774 0.3947
vn -0.5382 0.7447 0.3947
vn -0.5845 0.7089 0.3947
vn -0.6285 0.6702 0.3947
vn -0.6699 0.6289 0.3947
vn -0.7085 0.5850 0.3947
vn -0.7443 0.5386 0.3947
vn -0.7771 0.4902 0.3947
vn -0.8068 0.4397 0.3947
vn -0.8331 0.3874 0.3947
vn -0.8561 0.3336 0.3947
vn -0.8756 0.2784 0.3947
vn -0.8916 0.2221 0.3947
vn -0.9039 0.1649 0.3947
vn -0.9125 0.1070 0.3947
vn -0.9175 0.0487 0.3947
vn -0.9187 -0.0098 0.3947
vn -0.9163 -0.0683 0.3947
vn -0.9100 -0.1265 0.3947
vn -0.9001 -0.1842 0.3947
vn -0.8866 -0.2411 0.3947
vn -0.8694 -0.2971 0.3947
vn -0.8488 -0.3518 0.3947
vn -0.8246 -0.4052 0.3947
vn -0.7972 -0.4568 0.3947
vn -0.7665 -0.5067 0.3947
vn -0.7326 -0.5545 0.3947
vn -0.6959 -0.6000 0.3947
vn -0.6562 -0.6431 0.3947
vn -0.6140 -0.6835 0.3947
vn -0.5692 -0.7212 0.3947
vn -0.5221 -0.7560 0.3947
vn -0.4729 -0.7877 0.3947
vn -0.4218 -0.8162 0.3947
vn -0.3690 -0.8414 0.3947
vn -0.3147 -0.8632 0.3947
vn -0.2591 -0.8815 0.3947
vn -0.2024 -0.8962 0.3947
vn -0.1449 -0.9073 0.3947
vn -0.0869 -0.9147 0.3947
vn -0.0285 -0.9183 0.3947
vn 0.0301 -0.9183 0.3947
vn 0.0885 -0.9145 0.3947
vn 0.1465 -0.9070 0.3947
vn 0.2040 -0.8959 0.3947
vn 0.2606 -0.8811 0.3947
vn 0.3162 -0.8627 0.3947
vn 0.3705 -0.8408 0.3947
vn 0.4232 -0.8155 0.3947
vn 0.4743 -0.7869 0.3947
vn 0.5234 -0.7551 0.3947
vn 0.5705 -0.7202 0.3947
vn 0.6152 -0.6825 0.3947
vn 0.6574 -0.6419 0.3947
vn 0.6969 -0.5988 0.3947
vn 0.7336 -0.5532 0.3947
vn 0.7673 -0.5053 0.3947
vn 0.7980 -0.4555 0.3947
vn 0.8253 -0.4037 0.3947
vn 0.8494 -0.3504 0.3947
vn 0.8699 -0.2956 0.3947
vn 0.8870 -0.2396 0.3947
vn 0.9005 -0.1826 0.3947
vn 0.9103 -0.1249 0.3947
vn 0.9164 -0.0667 0.3947
vn 0.9188 -0.0082 0.3947
vn 0.9174 0.0503 0.3947
vn 0.9124 0.1086 0.3947
vn 0.9036 0.1665 0.3947
vn 0.8911 0.2237 0.3947
vn 0.8751 0.2800 0.3947
vn 0.8555 0.3351 0.3947
vn 0.8324 0.3889 0.3947
vn 0.8060 0.4411 0.3947
vn 0.7143 0.5982 0.3633
vn 0.6747 0.6425 0.3633
vn 0.6324 0.6841 0.3633
vn 0.5876 0.7230 0.3633
vn 0.5404 0.7590 0.3633
vn 0.4909 0.7918 0.3633
vn 0.4395 0.8215 0.3633
vn 0.3863 0.8478 0.3633
vn 0.3316 0.8707 0.3633
vn 0.2755 0.8900 0.3633
vn 0.2182 0.9058 0.3633
vn 0.1601 0.9178 0.3633
vn 0.1014 0.9261 0.3633
vn 0.0422 0.9307 0.3633
vn -0.0172 0.9315 0.3633
vn -0.0764 0.9285 0.3633
vn -0.1354 0.9218 0.3633
vn -0.1938 0.9113 0.3633
vn -0.2514 0.8971 0.3633
vn -0.3081 0.8793 0.3633
vn -0.3634 0.8579 0.3633
vn -0.4173 0.8330 0.3633
vn -0.4695 0.8047 0.3633
vn -0.5198 0.7732 0.3633
vn -0.5679 0.7386 0.3633
vn -0.6138 0.7009 0.3633
vn -0.6572 0.6604 0.3633
vn -0.6979 0.6172 0.3633
vn -0.7358 0.5715 0.3633
vn -0.7707 0.5235 0.3633
vn -0.8024 0.4734 0.3633
vn -0.8310 0.4213 0.3633
vn -0.8561 0.3676 0.3633
vn -0.8778 0.3123 0.3633
vn -0.8959 0.2558 0.3633
vn -0.9103 0.1982 0.3633
vn -0.9211 0.1399 0.3633
vn -0.9281 0.0810 0.3633
vn -0.9314 0.0217 0.3633
vn -0.9309 -0.0377 0.3633
vn -0.9266 -0.0969 0.3633
vn -0.9186 -0.1556 0.3633
vn -0.9068 -0.2138 0.3633
vn -0.8913 -0.2711 0.3633
vn -0.8723 -0.3273 0.3633
vn -0.8497 -0.3822 0.3633
vn -0.8236 -0.4355 0.3633
vn -0.7942 -0.4871 0.3633
vn -0.7616 -0.5367 0.3633
vn -0.7259 -0.5841 0.3633
vn -0.6872 -0.6291 0.3633
vn -0.6458 -0.6716 0.3633
vn -0.6017 -0.7113 0.3633
vn -0.5552 -0.7482 0.3633
vn -0.5064 -0.7820 0.3633
vn -0.4556 -0.8127 0.3633
vn -0.4029 -0.8400 0.3633
vn -0.3486 -0.8640 0.3633
vn -0.2929 -0.8844 0.3633
vn -0.2360 -0.9013 0.3633
vn -0.1781 -0.9145 0.3633
vn -0.1196 -0.9240 0.3633
vn -0.0605 -0.9297 0.3633
vn -0.0012 -0.9317 0.3633
vn 0.0582 -0.9299 0.3633
vn 0.1172 -0.9243 0.3633
vn 0.1758 -0.9149 0.3633
vn 0.2337 -0.9019 0.3633
vn 0.2907 -0.8852 0.3633
vn 0.3464 -0.8649 0.3633
vn 0.4008 -0.8410 0.3633
vn 0.4536 -0.8138 0.3633
vn 0.5045 -0.7833 0.3633
vn 0.5533 -0.7496 0.3633
vn 0.5999 -0.7128 0.3633
vn 0.6441 -0.6732 0.3633
vn 0.6856 -0.6308 0.3633
vn 0.7244 -0.5859 0.3633
vn 0.7602 -0.5385 0.3633
vn 0.7930 -0.4891 0.3633
vn 0.8225 -0.4376 0.3633
vn 0.8487 -0.3843 0.3633
vn 0.8714 -0.3295 0.3633
vn 0.8907 -0.2734 0.3633
vn 0.9063 -0.2161 0.3633
vn 0.9182 -0.1580 0.3633
vn 0.9264 -0.0992 0.3633
vn 0.9308 -0.0400 0.3633
vn 0.9315 0.0194 0.3633
vn 0.9283 0.0786 0.3633
vn 0.9215 0.1376 0.3633
vn 0.9108 0.1960 0.3633
vn 0.8965 0.2536 0.3633
vn 0.8785 0.3101 0.3633
vn 0.8570 0.3654 0.3633
vn 0.8320 0.4193 0.3633
vn 0.8036 0.4714 0.3633
vn 0.7720 0.5216 0.3633
vn 0.7372 0.5697 0.3633
vn 0.6217 0.7138 0.3225
vn 0.5749 0.7520 0.3225
vn 0.5259 0.7870 0.3225
vn 0.4747 0.8189 0.3225
vn 0.4216 0.8475 0.3225
vn 0.3668 0.8726 0.3225
vn 0.3105 0.8942 0.3225
vn 0.2529 0.9122 0.3225
vn 0.1943 0.9264 0.3225
vn 0.1349 0.9369 0.3225
vn 0.0750 0.9436 0.3225
vn 0.0148 0.9465 0.3225
vn -0.0455 0.9455 0.3225
vn -0.1056 0.9407 0.3225
vn -0.1653 0.9320 0.3225
vn -0.2243 0.9196 0.3225
vn -0.2824 0.9035 0.3225
vn -0.3393 0.8837 0.3225
vn -0.3949 0.8603 0.3225
vn -0.4489 0.8334 0.3225
vn -0.5010 0.8031 0.3225
vn -0.5512 0.7696 0.3225
vn -0.5990 0.7329 0.3225
vn -0.6445 0.6933 0.3225
vn -0.6873 0.6508 0.3225
vn -0.7274 0.6058 0.3225
vn -0.7644 0.5582 0.3225
vn -0.7984 0.5084 0.3225
vn -0.8292 0.4566 0.3225
vn -0.8566 0.4028 0.3225
vn -0.8805 0.3475 0.3225
vn -0.9008 0.2907 0.3225
vn -0.9175 0.2328 0.3225
vn -0.9305 0.1739 0.3225
vn -0.9396 0.1143 0.3225
vn -0.9450 0.0542 0.3225
vn -0.9466 -0.0060 0.3225
vn -0.9442 -0.0663 0.3225
vn -0.9381 -0.1263 0.3225
vn -0.9282 -0.1858 0.3225
vn -0.9145 -0.2445 0.3225
vn -0.8970 -0.3022 0.3225
vn -0.8760 -0.3587 0.3225
vn -0.8513 -0.4138 0.3225
vn -0.8233 -0.4672 0.3225
vn -0.7919 -0.5186 0.3225
vn -0.7572 -0.5680 0.3225
vn -0.7195 -0.6150 0.3225
vn -0.6789 -0.6596 0.3225
vn -0.6355 -0.7015 0.3225
vn -0.5896 -0.7405 0.3225
vn -0.5412 -0.7766 0.3225
vn -0.4907 -0.8095 0.3225
vn -0.4382 -0.8391 0.3225
vn -0.3838 -0.8653 0.3225
vn -0.3280 -0.8879 0.3225
vn -0.2708 -0.9070 0.3225
vn -0.2125 -0.9224 0.3225
vn -0.1533 -0.9341 0.3225
vn -0.0935 -0.9419 0.3225
vn -0.0334 -0.9460 0.3225
vn 0.0269 -0.9462 0.3225
vn 0.0871 -0.9426 0.3225
vn 0.1469 -0.9351 0.3225
vn 0.2062 -0.9238 0.3225
vn 0.2646 -0.9088 0.3225
vn 0.3219 -0.8902 0.3225
vn 0.3779 -0.8678 0.3225
vn 0.4324 -0.8420 0.3225
vn 0.4852 -0.8128 0.3225
vn 0.5359 -0.7802 0.3225
vn 0.5845 -0.7445 0.3225
vn 0.6307 -0.7058 0.3225
vn 0.6744 -0.6642 0.3225
vn 0.7153 -0.6199 0.3225
vn 0.7533 -0.5731 0.3225
vn 0.7883 -0.5240 0.3225
vn 0.8201 -0.4728 0.3225
vn 0.8485 -0.4196 0.3225
vn 0.8735 -0.3647 0.3225
vn 0.8949 -0.3084 0.3225
vn 0.9128 -0.2508 0.3225
vn 0.9269 -0.1921 0.3225
vn 0.9372 -0.1327 0.3225
vn 0.9438 -0.0728 0.3225
vn 0.9465 -0.0125 0.3225
vn 0.9454 0.0478 0.3225
vn 0.9404 0.1079 0.3225
vn 0.9316 0.1675 0.3225
vn 0.9191 0.2265 0.3225
vn 0.9028 0.2845 0.3225
vn 0.8829 0.3414 0.3225
vn 0.8593 0.3969 0.3225
vn 0.8323 0.4509 0.3225
vn 0.8019 0.5030 0.3225
vn 0.7682 0.5530 0.3225
vn 0.7315 0.6008 0.3225
vn 0.6918 0.6461 0.3225
vn 0.6492 0.6889 0.3225
vn 0.5106 0.8155 0.2724
vn 0.4576 0.8464 0.2724
vn 0.4028 0.8738 0.2724
vn 0.3464 0.8977 0.2724
vn 0.2885 0.9179 0.2724
vn 0.2295 0.9344 0.2724
vn 0.1696 0.9471 0.2724
vn 0.1089 0.9560 0.2724
vn 0.0478 0.9610 0.2724
vn -0.0135 0.9621 0.2724
vn -0.0747 0.9593 0.2724
vn -0.1357 0.9526 0.2724
vn -0.1960 0.9420 0.2724
vn -0.2556 0.9276 0.2724
vn -0.3141 0.9095 0.2724
vn -0.3714 0.8876 0.2724
vn -0.4272 0.8622 0.2724
vn -0.4812 0.8332 0.2724
vn -0.5333 0.8009 0.2724
vn -0.5832 0.7653 0.2724
vn -0.6307 0.7266 0.2724
vn -0.6757 0.6850 0.2724
vn -0.7179 0.6406 0.2724
vn -0.7573 0.5936 0.2724
vn -0.7935 0.5442 0.2724
vn -0.8266 0.4925 0.2724
vn -0.8563 0.4389 0.2724
vn -0.8825 0.3835 0.2724
vn -0.9051 0.3265 0.2724
vn -0.9240 0.2682 0.2724
vn -0.9392 0.2089 0.2724
vn -0.9506 0.1487 0.2724
vn -0.9582 0.0878 0.2724
vn -0.9618 0.0266 0.2724
vn -0.9616 -0.0347 0.2724
vn -0.9574 -0.0958 0.2724
vn -0.9494 -0.1566 0.2724
vn -0.9375 -0.2167 0.2724
vn -0.9218 -0.2760 0.2724
vn -0.9023 -0.3341 0.2724
vn -0.8792 -0.3909 0.2724
vn -0.8525 -0.4461 0.2724
vn -0.8224 -0.4995 0.2724
vn -0.7889 -0.5508 0.2724
vn -0.7523 -0.5999 0.2724
vn -0.7126 -0.6466 0.2724
vn -0.6699 -0.6907 0.2724
vn -0.6246 -0.7319 0.2724
vn -0.5768 -0.7702 0.2724
vn -0.5265 -0.8053 0.2724
vn -0.4742 -0.8372 0.2724
vn -0.4199 -0.8657 0.2724
vn -0.3640 -0.8907 0.2724
vn -0.3065 -0.9121 0.2724
vn -0.2478 -0.9297 0.2724
vn -0.1881 -0.9436 0.2724
vn -0.1276 -0.9537 0.2724
vn -0.0667 -0.9599 0.2724
vn -0.0054 -0.9622 0.2724
vn 0.0559 -0.9606 0.2724
vn 0.1169 -0.9551 0.2724
vn 0.1775 -0.9457 0.2724
vn 0.2373 -0.9325 0.2724
vn 0.2962 -0.9155 0.2724
vn 0.3539 -0.8947 0.2724
vn 0.4102 -0.8704 0.2724
vn 0.4647 -0.8425 0.2724
vn 0.5175 -0.8112 0.2724
vn 0.5681 -0.7766 0.2724
vn 0.6164 -0.7389 0.2724
vn 0.6621 -0.6981 0.2724
vn 0.7052 -0.6546 0.2724
vn 0.7455 -0.6083 0.2724
vn 0.7827 -0.5596 0.2724
vn 0.8168 -0.5086 0.2724
vn 0.8475 -0.4556 0.2724
vn 0.8748 -0.4007 0.2724
vn 0.8985 -0.3442 0.2724
vn 0.9186 -0.2863 0.2724
vn 0.9350 -0.2273 0.2724
vn 0.9475 -0.1673 0.2724
vn 0.9563 -0.1066 0.2724
vn 0.9611 -0.0455 0.2724
vn 0.9621 0.0158 0.2724
vn 0.9591 0.0770 0.2724
vn 0.9523 0.1379 0.2724
vn 0.9415 0.1982 0.2724
vn 0.9270 0.2578 0.2724
vn 0.9087 0.3163 0.2724
vn 0.8867 0.3735 0.2724
vn 0.8611 0.4292 0.2724
vn 0.8321 0.4832 0.2724
vn 0.7996 0.5352 0.2724
vn 0.7639 0.5850 0.2724
vn 0.7251 0.6325 0.2724
vn 0.6834 0.6773 0.2724
vn 0.6389 0.7195 0.2724
vn 0.5918 0.7587 0.2724
vn 0.5423 0.7948 0.2724
vn 0.3826 0.8989 0.2135
vn 0.3246 0.9214 0.2135
vn 0.2653 0.9402 0.2135
vn 0.2048 0.9552 0.2135
vn 0.1436 0.9663 0.2135
vn 0.0818 0.9735 0.2135
vn 0.0196 0.9767 0.2135
vn -0.0426 0.9760 0.2135
vn -0.1046 0.9713 0.2135
vn -0.1663 0.9627 0.2135
vn -0.2272 0.9501 0.2135
vn -0.2873 0.9337 0.2135
vn -0.3461 0.9136 0.2135
vn -0.4036 0.8897 0.2135
vn -0.4594 0.8622 0.2135
vn -0.5134 0.8312 0.2135
vn -0.5653 0.7968 0.2135
vn -0.6149 0.7592 0.2135
vn -0.6619 0.7185 0.2135
vn -0.7063 0.6749 0.2135
vn -0.7479 0.6286 0.2135
vn -0.7864 0.5797 0.2135
vn -0.8217 0.5284 0.2135
vn -0.8537 0.4750 0.2135
vn -0.8822 0.4197 0.2135
vn -0.9071 0.3627 0.2135
vn -0.9284 0.3042 0.2135
vn -0.9459 0.2445 0.2135
vn -0.9595 0.1838 0.2135
vn -0.9693 0.1223 0.2135
vn -0.9751 0.0603 0.2135
vn -0.9769 -0.0019 0.2135
vn -0.9748 -0.0641 0.2135
vn -0.9688 -0.1260 0.2135
vn -0.9588 -0.1874 0.2135
vn -0.9449 -0.2481 0.2135
vn -0.9272 -0.3078 0.2135
vn -0.9057 -0.3662 0.2135
vn -0.8806 -0.4231 0.2135
vn -0.8518 -0.4783 0.2135
vn -0.8197 -0.5316 0.2135
vn -0.7841 -0.5827 0.2135
vn -0.7455 -0.6314 0.2135
vn -0.7038 -0.6776 0.2135
vn -0.6592 -0.7210 0.2135
vn -0.6119 -0.7615 0.2135
vn -0.5622 -0.7990 0.2135
vn -0.5102 -0.8331 0.2135
vn -0.4561 -0.8639 0.2135
vn -0.4002 -0.8912 0.2135
vn -0.3426 -0.9149 0.2135
vn -0.2837 -0.9348 0.2135
vn -0.2236 -0.9510 0.2136
vn -0.1626 -0.9633 0.2135
vn -0.1009 -0.9717 0.2135
vn -0.0388 -0.9762 0.2135
vn 0.0234 -0.9767 0.2135
vn 0.0856 -0.9732 0.2135
vn 0.1474 -0.9658 0.2135
vn 0.2085 -0.9544 0.2135
vn 0.2688 -0.9392 0.2135
vn 0.3281 -0.9202 0.2135
vn 0.3860 -0.8974 0.2135
vn 0.4424 -0.8710 0.2135
vn 0.4969 -0.8411 0.2135
vn 0.5495 -0.8078 0.2135
vn 0.5998 -0.7711 0.2135
vn 0.6477 -0.7314 0.2135
vn 0.6930 -0.6886 0.2135
vn 0.7354 -0.6431 0.2135
vn 0.7748 -0.5950 0.2135
vn 0.8112 -0.5445 0.2135
vn 0.8442 -0.4917 0.2135
vn 0.8738 -0.4369 0.2135
vn 0.8998 -0.3804 0.2135
vn 0.9222 -0.3224 0.2135
vn 0.9409 -0.2630 0.2135
vn 0.9557 -0.2026 0.2135
vn 0.9667 -0.1413 0.2135
vn 0.9737 -0.0795 0.2135
vn 0.9768 -0.0173 0.2135
vn 0.9759 0.0449 0.2135
vn 0.9711 0.1070 0.2135
vn 0.9623 0.1686 0.2135
vn 0.9496 0.2295 0.2135
vn 0.9331 0.2895 0.2135
vn 0.9127 0.3483 0.2135
vn 0.8887 0.4057 0.2135
vn 0.8611 0.4615 0.2135
vn 0.8299 0.5154 0.2135
vn 0.7954 0.5672 0.2135
vn 0.7577 0.6167 0.2135
vn 0.7169 0.6636 0.2135
vn 0.6732 0.7079 0.2135
vn 0.6268 0.7494 0.2135
vn 0.5778 0.7878 0.2135
vn 0.5265 0.8229 0.2135
vn 0.4730 0.8548 0.2135
vn 0.4176 0.8832 0.2136
vn 0.2404 0.9595 0.1471
vn 0.1788 0.9728 0.1471
vn 0.1165 0.9822 0.1471
vn 0.0537 0.9877 0.1471
vn -0.0093 0.9891 0.1471
vn -0.0723 0.9865 0.1471
vn -0.1349 0.9799 0.1471
vn -0.1970 0.9693 0.1471
vn -0.2584 0.9548 0.1471
vn -0.3186 0.9364 0.1471
vn -0.3776 0.9142 0.1471
vn -0.4350 0.8883 0.1471
vn -0.4907 0.8588 0.1471
vn -0.5444 0.8258 0.1471
vn -0.5959 0.7895 0.1471
vn -0.6449 0.7499 0.1471
vn -0.6914 0.7074 0.1471
vn -0.7350 0.6619 0.1471
vn -0.7757 0.6138 0.1471
vn -0.8132 0.5631 0.1471
vn -0.8474 0.5102 0.1471
vn -0.8781 0.4552 0.1471
vn -0.9053 0.3984 0.1471
vn -0.9289 0.3400 0.1471
vn -0.9486 0.2801 0.1471
vn -0.9645 0.2191 0.1471
vn -0.9765 0.1573 0.1471
vn -0.9846 0.0948 0.1471
vn -0.9886 0.0319 0.1471
vn -0.9886 -0.0311 0.1471
vn -0.9846 -0.0940 0.1471
vn -0.9767 -0.1565 0.1471
vn -0.9647 -0.2184 0.1471
vn -0.9489 -0.2793 0.1471
vn -0.9292 -0.3392 0.1471
vn -0.9057 -0.3976 0.1471
vn -0.8785 -0.4545 0.1471
vn -0.8478 -0.5095 0.1471
vn -0.8136 -0.5625 0.1471
vn -0.7762 -0.6131 0.1471
vn -0.7356 -0.6613 0.1471
vn -0.6920 -0.7068 0.1471
vn -0.6456 -0.7494 0.1471
vn -0.5965 -0.7890 0.1471
vn -0.5451 -0.8254 0.1471
vn -0.4914 -0.8584 0.1471
vn -0.4358 -0.8880 0.1471
vn -0.3784 -0.9139 0.1471
vn -0.3194 -0.9361 0.1471
vn -0.2592 -0.9546 0.1471
vn -0.1979 -0.9691 0.1471
vn -0.1357 -0.9798 0.1471
vn -0.0731 -0.9864 0.1471
vn -0.0101 -0.9891 0.1471
vn 0.0528 -0.9877 0.1471
vn 0.1156 -0.9823 0.1471
vn 0.1779 -0.9730 0.1471
vn 0.2395 -0.9597 0.1471
vn 0.3002 -0.9425 0.1471
vn 0.3595 -0.9215 0.1471
vn 0.4175 -0.8967 0.1471
vn 0.4737 -0.8683 0.1471
vn 0.5281 -0.8364 0.1471
vn 0.5802 -0.8011 0.1471
vn 0.6301 -0.7625 0.1471
vn 0.6774 -0.7208 0.1471
vn 0.7219 -0.6762 0.1471
vn 0.7634 -0.6289 0.1471
vn 0.8019 -0.5790 0.1471
vn 0.8372 -0.5268 0.1471
vn 0.8690 -0.4724 0.1471
vn 0.8973 -0.4161 0.1471
vn 0.9220 -0.3582 0.1471
vn 0.9429 -0.2987 0.1471
vn 0.9600 -0.2381 0.1471
vn 0.9733 -0.1764 0.1471
vn 0.9825 -0.1141 0.1471
vn 0.9878 -0.0513 0.1471
vn 0.9890 0.0116 0.1471
vn 0.9863 0.0746 0.1471
vn 0.9795 0.1372 0.1471
vn 0.9688 0.1994 0.1471
vn 0.9542 0.2606 0.1471
vn 0.9356 0.3209 0.1471
vn 0.9133 0.3798 0.1471
vn 0.8873 0.4372 0.1471
vn 0.8576 0.4928 0.1471
vn 0.8245 0.5464 0.1471
vn 0.7881 0.5978 0.1471
vn 0.7484 0.6467 0.1471
vn 0.7057 0.6931 0.1471
vn 0.6601 0.7366 0.1471
vn 0.6119 0.7771 0.1471
vn 0.5612 0.8145 0.1471
vn 0.5082 0.8486 0.1471
vn 0.4532 0.8792 0.1471
vn 0.3963 0.9063 0.1471
vn 0.3378 0.9297 0.1471
vn 0.2779 0.9493 0.1471
vn 0.0882 0.9933 0.0751
vn 0.0247 0.9969 0.0751
vn -0.0388 0.9964 0.0751
vn -0.1021 0.9919 0.0751
vn -0.1651 0.9834 0.0751
vn -0.2274 0.9709 0.0751
vn -0.2887 0.9545 0.0751
vn -0.3489 0.9341 0.0751
vn -0.4077 0.9100 0.0751
vn -0.4648 0.8822 0.0751
vn -0.5200 0.8508 0.0751
vn -0.5731 0.8160 0.0751
vn -0.6239 0.7779 0.0751
vn -0.6722 0.7366 0.0751
vn -0.7177 0.6923 0.0751
vn -0.7604 0.6452 0.0751
vn -0.7999 0.5955 0.0751
vn -0.8362 0.5433 0.0751
vn -0.8691 0.4890 0.0751
vn -0.8984 0.4327 0.0751
vn -0.9242 0.3746 0.0751
vn -0.9461 0.3150 0.0751
vn -0.9643 0.2541 0.0751
vn -0.9785 0.1922 0.0751
vn -0.9887 0.1295 0.0751
vn -0.9950 0.0663 0.0751
vn -0.9972 0.0028 0.0751
vn -0.9953 -0.0607 0.0751
vn -0.9894 -0.1240 0.0751
vn -0.9795 -0.1867 0.0751
vn -0.9657 -0.2487 0.0751
vn -0.9479 -0.3097 0.0751
vn -0.9262 -0.3694 0.0751
vn -0.9008 -0.4276 0.0751
vn -0.8718 -0.4841 0.0751
vn -0.8392 -0.5387 0.0750
vn -0.8032 -0.5910 0.0751
vn -0.7639 -0.6409 0.0751
vn -0.7216 -0.6883 0.0751
vn -0.6763 -0.7328 0.0751
vn -0.6283 -0.7744 0.0751
vn -0.5777 -0.8128 0.0751
vn -0.5248 -0.8479 0.0751
vn -0.4697 -0.8796 0.0751
vn -0.4127 -0.9078 0.0751
vn -0.3541 -0.9322 0.0751
vn -0.2940 -0.9528 0.0751
vn -0.2328 -0.9696 0.0751
vn -0.1706 -0.9825 0.0751
vn -0.1077 -0.9913 0.0751
vn -0.0443 -0.9962 0.0751
vn 0.0192 -0.9970 0.0751
vn 0.0827 -0.9937 0.0751
vn 0.1458 -0.9865 0.0751
vn 0.2083 -0.9752 0.0751
vn 0.2699 -0.9600 0.0751
vn 0.3305 -0.9408 0.0751
vn 0.3897 -0.9179 0.0751
vn 0.4473 -0.8912 0.0751
vn 0.5032 -0.8609 0.0751
vn 0.5570 -0.8271 0.0751
vn 0.6085 -0.7900 0.0751
vn 0.6576 -0.7496 0.0751
vn 0.7040 -0.7062 0.0751
vn 0.7475 -0.6600 0.0751
vn 0.7880 -0.6110 0.0751
vn 0.8253 -0.5596 0.0751
vn 0.8593 -0.5059 0.0751
vn 0.8898 -0.4502 0.0751
vn 0.9166 -0.3926 0.0751
vn 0.9398 -0.3335 0.0751
vn 0.9591 -0.2730 0.0751
vn 0.9745 -0.2114 0.0751
vn 0.9860 -0.1489 0.0751
vn 0.9935 -0.0858 0.0751
vn 0.9969 -0.0224 0.0751
vn 0.9963 0.0411 0.0751
vn 0.9917 0.1045 0.0751
vn 0.9830 0.1674 0.0751
vn 0.9704 0.2297 0.0751
vn 0.9538 0.2910 0.0751
vn 0.9333 0.3511 0.0751
vn 0.9091 0.4099 0.0751
vn 0.8811 0.4669 0.0751
vn 0.8496 0.5220 0.0751
vn 0.8146 0.5751 0.0751
vn 0.7764 0.6258 0.0751
vn 0.7350 0.6740 0.0751
vn 0.6906 0.7194 0.0751
vn 0.6434 0.7619 0.0751
vn 0.5936 0.8013 0.0751
vn 0.5413 0.8375 0.0751
vn 0.4869 0.8702 0.0751
vn 0.4305 0.8995 0.0751
vn 0.3724 0.9250 0.0751
vn 0.3127 0.9469 0.0751
vn 0.2518 0.9649 0.0751
vn 0.1898 0.9789 0.0751
vn 0.1271 0.9890 0.0751
vn -0.2227 0.9720 0.0753
vn -0.2841 0.9558 0.0753
vn -0.3444 0.9358 0.0753
vn -0.4033 0.9120 0.0753
vn -0.4605 0.8845 0.0753
vn -0.5159 0.8534 0.0753
vn -0.5691 0.8188 0.0753
vn -0.6201 0.7809 0.0753
vn -0.6686 0.7398 0.0753
vn -0.7144 0.6957 0.0753
vn -0.7572 0.6488 0.0753
vn -0.7970 0.5993 0.0753
vn -0.8335 0.5474 0.0753
vn -0.8667 0.4932 0.0753
vn -0.8963 0.4370 0.0753
vn -0.8194 0.5733 -0.0000
vn -0.9223 0.3790 0.0753
vn -0.9446 0.3195 0.0753
vn -0.9630 0.2588 0.0753
vn -0.9775 0.1969 0.0753
vn -0.9881 0.1343 0.0753
vn -0.9946 0.0711 0.0753
vn -0.9971 0.0076 0.0753
vn -0.9956 -0.0559 0.0753
vn -0.9900 -0.1192 0.0753
vn -0.9804 -0.1820 0.0753
vn -0.9668 -0.2440 0.0753
vn -0.9493 -0.3051 0.0753
vn -0.9280 -0.3649 0.0753
vn -0.9029 -0.4232 0.0753
vn -0.8741 -0.4799 0.0753
vn -0.8418 -0.5345 0.0753
vn -0.9175 -0.3976 -0.0000
vn -0.8060 -0.5870 0.0753
vn -0.7670 -0.6372 0.0753
vn -0.7249 -0.6847 0.0753
vn -0.6798 -0.7295 0.0753
vn -0.6320 -0.7713 0.0753
vn -0.5816 -0.8100 0.0753
vn -0.5288 -0.8454 0.0753
vn -0.4739 -0.8773 0.0753
vn -0.4171 -0.9057 0.0753
vn -0.5551 -0.8318 -0.0000
vn -0.3586 -0.9304 0.0753
vn -0.5010 -0.8655 -0.0000
vn -0.2986 -0.9514 0.0753
vn -0.2375 -0.9685 0.0753
vn -0.1753 -0.9816 0.0753
vn -0.1124 -0.9908 0.0753
vn -0.0491 -0.9959 0.0753
vn 0.0144 -0.9971 0.0753
vn -0.1420 -0.9899 -0.0000
vn 0.0778 -0.9941 0.0753
vn -0.0787 -0.9969 -0.0000
vn 0.1410 -0.9871 0.0753
vn 0.2035 -0.9762 0.0753
vn 0.2653 -0.9612 0.0753
vn 0.3259 -0.9424 0.0753
vn 0.3853 -0.9197 0.0753
vn 0.2375 -0.9714 -0.0000
vn 0.4430 -0.8933 0.0753
vn 0.4990 -0.8633 0.0753
vn 0.5530 -0.8298 0.0753
vn 0.4178 -0.9086 -0.0000
vn 0.6047 -0.7929 0.0753
vn 0.6539 -0.7528 0.0753
vn 0.7005 -0.7096 0.0753
vn 0.7443 -0.6636 0.0753
vn 0.7851 -0.6148 0.0753
vn 0.8226 -0.5636 0.0753
vn 0.8568 -0.5101 0.0753
vn 0.8876 -0.4545 0.0753
vn 0.9147 -0.3971 0.0753
vn 0.9381 -0.3380 0.0753
vn 0.9577 -0.2776 0.0753
vn 0.9735 -0.2161 0.0753
vn 0.9853 -0.1536 0.0753
vn 0.9930 -0.0906 0.0753
vn 0.9968 -0.0272 0.0753
vn 0.9965 0.0363 0.0753
vn 0.9922 0.0997 0.0753
vn 0.9984 -0.0567 -0.0000
vn 0.9838 0.1627 0.0753
vn 0.9715 0.2250 0.0753
vn 0.9552 0.2864 0.0753
vn 0.9350 0.3466 0.0753
vn 0.9110 0.4054 0.0753
vn 0.8834 0.4626 0.0753
vn 0.8521 0.5179 0.0753
vn 0.9252 0.3795 -0.0000
vn 0.8174 0.5711 0.0753
vn 0.7794 0.6220 0.0753
vn 0.8694 0.4941 -0.0000
vn 0.7382 0.6704 0.0753
vn 0.6940 0.7160 0.0753
vn 0.6470 0.7587 0.0753
vn 0.5974 0.7984 0.0753
vn 0.5454 0.8348 0.0753
vn 0.4911 0.8678 0.0753
vn 0.4349 0.8973 0.0753
vn 0.3768 0.9232 0.0753
vn 0.3173 0.9453 0.0753
vn 0.2564 0.9636 0.0753
vn 0.1946 0.9780 0.0753
vn 0.1319 0.9884 0.0753
vn 0.0687 0.9948 0.0753
vn 0.0052 0.9971 0.0753
vn -0.0583 0.9955 0.0753
vn -0.1215 0.9897 0.0753
vn 0.0347 0.9994 -0.0000
vn -0.1843 0.9800 0.0753
vn -0.0290 0.9996 -0.0000
vn -0.3688 0.9177 0.1475
vn -0.4264 0.8924 0.1475
vn -0.4824 0.8634 0.1475
vn -0.5364 0.8310 0.1475
vn -0.5882 0.7951 0.1475
vn -0.6377 0.7561 0.1475
vn -0.6845 0.7139 0.1475
vn -0.7286 0.6689 0.1475
vn -0.7697 0.6212 0.1475
vn -0.8077 0.5709 0.1475
vn -0.8424 0.5183 0.1475
vn -0.8737 0.4636 0.1475
vn -0.9014 0.4070 0.1475
vn -0.9255 0.3488 0.1475
vn -0.9458 0.2892 0.1475
vn -0.9623 0.2284 0.1475
vn -0.9749 0.1667 0.1475
vn -0.9835 0.1043 0.1475
vn -0.9882 0.0414 0.1475
vn -0.9888 -0.0216 0.1475
vn -0.9854 -0.0845 0.1475
vn -0.9781 -0.1471 0.1475
vn -0.9667 -0.2090 0.1475
vn -0.9515 -0.2701 0.1475
vn -0.9323 -0.3302 0.1475
vn -0.9094 -0.3889 0.1475
vn -0.8828 -0.4460 0.1475
vn -0.8526 -0.5013 0.1475
vn -0.8190 -0.5546 0.1475
vn -0.7820 -0.6056 0.1475
vn -0.7418 -0.6542 0.1475
vn -0.6987 -0.7001 0.1475
vn -0.6527 -0.7431 0.1475
vn -0.6041 -0.7832 0.1475
vn -0.5530 -0.8200 0.1475
vn -0.4996 -0.8536 0.1475
vn -0.4443 -0.8837 0.1475
vn -0.3871 -0.9101 0.1475
vn -0.3284 -0.9330 0.1475
vn -0.2683 -0.9520 0.1475
vn -0.2071 -0.9671 0.1475
vn -0.1451 -0.9784 0.1475
vn -0.0826 -0.9856 0.1475
vn -0.0196 -0.9889 0.1475
vn 0.0434 -0.9881 0.1475
vn 0.1062 -0.9833 0.1475
vn 0.1686 -0.9746 0.1475
vn 0.2303 -0.9619 0.1475
vn 0.2911 -0.9453 0.1475
vn 0.3507 -0.9248 0.1475
vn 0.4088 -0.9006 0.1475
vn 0.4653 -0.8728 0.1475
vn 0.5200 -0.8414 0.1475
vn 0.5725 -0.8065 0.1475
vn 0.6227 -0.7685 0.1475
vn 0.6703 -0.7273 0.1475
vn 0.7153 -0.6831 0.1475
vn 0.7573 -0.6362 0.1475
vn 0.7963 -0.5867 0.1475
vn 0.8320 -0.5348 0.1475
vn 0.8644 -0.4807 0.1475
vn 0.8932 -0.4247 0.1475
vn 0.9185 -0.3670 0.1475
vn 0.9400 -0.3077 0.1475
vn 0.9577 -0.2473 0.1475
vn 0.9715 -0.1858 0.1475
vn 0.9813 -0.1236 0.1475
vn 0.9872 -0.0608 0.1475
vn 0.9891 0.0021 0.1475
vn 0.9869 0.0651 0.1475
vn 0.9808 0.1278 0.1475
vn 0.9706 0.1900 0.1475
vn 0.9566 0.2514 0.1475
vn 0.9386 0.3118 0.1475
vn 0.9169 0.3710 0.1475
vn 0.8914 0.4286 0.1475
vn 0.8623 0.4844 0.1475
vn 0.8297 0.5384 0.1475
vn 0.7937 0.5901 0.1475
vn 0.7545 0.6394 0.1475
vn 0.7123 0.6862 0.1475
vn 0.6672 0.7301 0.1475
vn 0.6194 0.7711 0.1475
vn 0.5690 0.8090 0.1475
vn 0.5163 0.8436 0.1475
vn 0.4615 0.8748 0.1475
vn 0.4049 0.9024 0.1475
vn 0.3466 0.9263 0.1475
vn 0.2869 0.9465 0.1475
vn 0.2261 0.9629 0.1475
vn 0.1643 0.9753 0.1475
vn 0.1019 0.9838 0.1475
vn 0.0391 0.9883 0.1475
vn -0.0240 0.9888 0.1475
vn -0.0868 0.9852 0.1475
vn -0.1494 0.9777 0.1475
vn -0.2113 0.9662 0.1475
vn -0.2724 0.9508 0.1475
vn -0.3324 0.9315 0.1475
vn -0.5014 0.8383 0.2141
vn -0.5537 0.8047 0.2141
vn -0.6038 0.7678 0.2141
vn -0.6515 0.7278 0.2141
vn -0.6965 0.6849 0.2141
vn -0.7387 0.6391 0.2141
vn -0.7779 0.5908 0.2141
vn -0.8140 0.5400 0.2141
vn -0.8467 0.4871 0.2141
vn -0.8760 0.4322 0.2141
vn -0.9017 0.3756 0.2141
vn -0.9238 0.3174 0.2141
vn -0.9421 0.2579 0.2141
vn -0.9567 0.1974 0.2141
vn -0.9673 0.1361 0.2141
vn -0.9740 0.0743 0.2141
vn -0.9767 0.0121 0.2141
vn -0.9755 -0.0501 0.2141
vn -0.9704 -0.1121 0.2141
vn -0.9613 -0.1737 0.2141
vn -0.9482 -0.2345 0.2141
vn -0.9314 -0.2945 0.2141
vn -0.9107 -0.3532 0.2141
vn -0.8864 -0.4104 0.2141
vn -0.8585 -0.4660 0.2141
vn -0.8271 -0.5197 0.2141
vn -0.7923 -0.5713 0.2141
vn -0.7543 -0.6206 0.2141
vn -0.7133 -0.6674 0.2141
vn -0.6693 -0.7114 0.2141
vn -0.6227 -0.7526 0.2141
vn -0.5735 -0.7907 0.2141
vn -0.5220 -0.8256 0.2141
vn -0.4684 -0.8572 0.2141
vn -0.4128 -0.8853 0.2141
vn -0.3556 -0.9098 0.2141
vn -0.2970 -0.9306 0.2141
vn -0.2372 -0.9476 0.2141
vn -0.1763 -0.9608 0.2141
vn -0.1148 -0.9701 0.2141
vn -0.0528 -0.9754 0.2141
vn 0.0094 -0.9768 0.2141
vn 0.0716 -0.9742 0.2141
vn 0.1335 -0.9677 0.2141
vn 0.1948 -0.9572 0.2141
vn 0.2553 -0.9429 0.2141
vn 0.3148 -0.9247 0.2141
vn 0.3731 -0.9028 0.2141
vn 0.4298 -0.8772 0.2141
vn 0.4848 -0.8480 0.2141
vn 0.5378 -0.8155 0.2140
vn 0.5886 -0.7796 0.2141
vn 0.6371 -0.7405 0.2141
vn 0.6829 -0.6984 0.2141
vn 0.7260 -0.6535 0.2141
vn 0.7661 -0.6060 0.2141
vn 0.8032 -0.5560 0.2141
vn 0.8369 -0.5037 0.2141
vn 0.8673 -0.4494 0.2141
vn 0.8942 -0.3932 0.2141
vn 0.9174 -0.3355 0.2141
vn 0.9369 -0.2764 0.2141
vn 0.9526 -0.2162 0.2141
vn 0.9644 -0.1551 0.2141
vn 0.9723 -0.0934 0.2141
vn 0.9763 -0.0313 0.2141
vn 0.9763 0.0309 0.2141
vn 0.9724 0.0930 0.2141
vn 0.9645 0.1547 0.2141
vn 0.9527 0.2158 0.2141
vn 0.9370 0.2761 0.2141
vn 0.9175 0.3352 0.2141
vn 0.8943 0.3929 0.2141
vn 0.8675 0.4490 0.2141
vn 0.8371 0.5034 0.2141
vn 0.8034 0.5556 0.2141
vn 0.7664 0.6057 0.2141
vn 0.7263 0.6532 0.2141
vn 0.6832 0.6981 0.2141
vn 0.6374 0.7402 0.2141
vn 0.5889 0.7793 0.2141
vn 0.5381 0.8152 0.2141
vn 0.4851 0.8478 0.2141
vn 0.4302 0.8770 0.2141
vn 0.3734 0.9026 0.2141
vn 0.3152 0.9246 0.2141
vn 0.2557 0.9428 0.2141
vn 0.1952 0.9571 0.2141
vn 0.1338 0.9676 0.2141
vn 0.0719 0.9742 0.2141
vn 0.0098 0.9768 0.2141
vn -0.0524 0.9754 0.2141
vn -0.1144 0.9701 0.2141
vn -0.1760 0.9608 0.2141
vn -0.2368 0.9477 0.2141
vn -0.2966 0.9307 0.2141
vn -0.3553 0.9099 0.2141
vn -0.4125 0.8854 0.2141
vn -0.4681 0.8574 0.2141
vn -0.6168 0.7383 0.2730
vn -0.6626 0.6975 0.2730
vn -0.7056 0.6539 0.2730
vn -0.7458 0.6077 0.2730
vn -0.7830 0.5589 0.2730
vn -0.8170 0.5080 0.2730
vn -0.8477 0.4549 0.2730
vn -0.8749 0.4000 0.2730
vn -0.8986 0.3435 0.2730
vn -0.9187 0.2856 0.2730
vn -0.9350 0.2265 0.2730
vn -0.9475 0.1665 0.2730
vn -0.9562 0.1059 0.2730
vn -0.9610 0.0448 0.2730
vn -0.9619 -0.0165 0.2730
vn -0.9589 -0.0777 0.2730
vn -0.9520 -0.1386 0.2730
vn -0.9412 -0.1990 0.2730
vn -0.9266 -0.2585 0.2730
vn -0.9083 -0.3170 0.2730
vn -0.8863 -0.3741 0.2730
vn -0.8607 -0.4298 0.2730
vn -0.8316 -0.4837 0.2730
vn -0.7991 -0.5357 0.2730
vn -0.7633 -0.5855 0.2730
vn -0.7245 -0.6329 0.2730
vn -0.6827 -0.6778 0.2730
vn -0.6382 -0.7198 0.2730
vn -0.5911 -0.7590 0.2730
vn -0.5415 -0.7951 0.2730
vn -0.4898 -0.8280 0.2730
vn -0.4361 -0.8575 0.2730
vn -0.3806 -0.8835 0.2730
vn -0.3236 -0.9060 0.2730
vn -0.2653 -0.9247 0.2730
vn -0.2059 -0.9397 0.2730
vn -0.1456 -0.9509 0.2730
vn -0.0847 -0.9583 0.2730
vn -0.0235 -0.9617 0.2730
vn 0.0377 -0.9613 0.2730
vn 0.0988 -0.9569 0.2730
vn 0.1596 -0.9487 0.2730
vn 0.2196 -0.9366 0.2730
vn 0.2788 -0.9207 0.2730
vn 0.3369 -0.9011 0.2730
vn 0.3936 -0.8778 0.2730
vn 0.4487 -0.8510 0.2730
vn 0.5019 -0.8207 0.2730
vn 0.5532 -0.7871 0.2730
vn 0.6022 -0.7503 0.2730
vn 0.6487 -0.7104 0.2730
vn 0.6926 -0.6676 0.2730
vn 0.7337 -0.6222 0.2730
vn 0.7719 -0.5742 0.2730
vn 0.8069 -0.5239 0.2730
vn 0.8386 -0.4714 0.2730
vn 0.8669 -0.4171 0.2730
vn 0.8917 -0.3611 0.2730
vn 0.9129 -0.3036 0.2730
vn 0.9303 -0.2448 0.2730
vn 0.9440 -0.1851 0.2730
vn 0.9539 -0.1246 0.2730
vn 0.9599 -0.0636 0.2730
vn 0.9620 -0.0024 0.2730
vn 0.9602 0.0589 0.2730
vn 0.9545 0.1199 0.2730
vn 0.9449 0.1804 0.2730
vn 0.9315 0.2402 0.2730
vn 0.9144 0.2991 0.2730
vn 0.8935 0.3567 0.2730
vn 0.8689 0.4128 0.2730
vn 0.8409 0.4673 0.2730
vn 0.8094 0.5199 0.2730
vn 0.7747 0.5704 0.2730
vn 0.7368 0.6186 0.2730
vn 0.6959 0.6642 0.2730
vn 0.6522 0.7072 0.2730
vn 0.6059 0.7473 0.2730
vn 0.5571 0.7843 0.2730
vn 0.5060 0.8182 0.2730
vn 0.4529 0.8488 0.2730
vn 0.3979 0.8759 0.2730
vn 0.3413 0.8994 0.2730
vn 0.2834 0.9193 0.2730
vn 0.2243 0.9355 0.2730
vn 0.1643 0.9479 0.2730
vn 0.1036 0.9564 0.2730
vn 0.0424 0.9611 0.2730
vn -0.0188 0.9618 0.2730
vn -0.0800 0.9587 0.2730
vn -0.1409 0.9517 0.2730
vn -0.2012 0.9407 0.2730
vn -0.2607 0.9260 0.2730
vn -0.3191 0.9075 0.2730
vn -0.3763 0.8854 0.2730
vn -0.4319 0.8596 0.2730
vn -0.4857 0.8304 0.2730
vn -0.5376 0.7978 0.2730
vn -0.5873 0.7619 0.2730
vn -0.7129 0.6224 0.3231
vn -0.7511 0.5758 0.3231
vn -0.7862 0.5268 0.3231
vn -0.8182 0.4756 0.3231
vn -0.8468 0.4226 0.3231
vn -0.8720 0.3678 0.3231
vn -0.8936 0.3116 0.3231
vn -0.9116 0.2540 0.3231
vn -0.9260 0.1954 0.3231
vn -0.9365 0.1361 0.3231
vn -0.9433 0.0762 0.3231
vn -0.9462 0.0160 0.3231
vn -0.9453 -0.0443 0.3231
vn -0.9406 -0.1044 0.3231
vn -0.9320 -0.1641 0.3231
vn -0.9197 -0.2231 0.3231
vn -0.9036 -0.2812 0.3231
vn -0.8839 -0.3382 0.3231
vn -0.8606 -0.3937 0.3231
vn -0.8338 -0.4477 0.3231
vn -0.8036 -0.4999 0.3231
vn -0.7701 -0.5501 0.3231
vn -0.7335 -0.5980 0.3231
vn -0.6940 -0.6435 0.3231
vn -0.6516 -0.6863 0.3231
vn -0.6066 -0.7264 0.3231
vn -0.5591 -0.7636 0.3231
vn -0.5093 -0.7976 0.3231
vn -0.4575 -0.8284 0.3231
vn -0.4038 -0.8559 0.3231
vn -0.3485 -0.8799 0.3231
vn -0.2918 -0.9003 0.3231
vn -0.2339 -0.9170 0.3231
vn -0.1750 -0.9301 0.3231
vn -0.1154 -0.9393 0.3231
vn -0.0554 -0.9448 0.3231
vn 0.0049 -0.9464 0.3231
vn 0.0651 -0.9441 0.3231
vn 0.1251 -0.9381 0.3231
vn 0.1845 -0.9282 0.3231
vn 0.2433 -0.9146 0.3231
vn 0.3010 -0.8972 0.3231
vn 0.3576 -0.8762 0.3231
vn 0.4126 -0.8517 0.3231
vn 0.4660 -0.8237 0.3231
vn 0.5175 -0.7923 0.3231
vn 0.5669 -0.7578 0.3231
vn 0.6140 -0.7202 0.3231
vn 0.6586 -0.6796 0.3231
vn 0.7005 -0.6363 0.3231
vn 0.7396 -0.5904 0.3231
vn 0.7757 -0.5421 0.3231
vn 0.8087 -0.4916 0.3231
vn 0.8383 -0.4391 0.3231
vn 0.8646 -0.3849 0.3231
vn 0.8873 -0.3290 0.3231
vn 0.9065 -0.2719 0.3231
vn 0.9220 -0.2136 0.3231
vn 0.9337 -0.1545 0.3231
vn 0.9416 -0.0947 0.3231
vn 0.9457 -0.0346 0.3231
vn 0.9460 0.0257 0.3231
vn 0.9425 0.0859 0.3231
vn 0.9351 0.1457 0.3231
vn 0.9239 0.2050 0.3231
vn 0.9090 0.2634 0.3231
vn 0.8904 0.3207 0.3231
vn 0.8681 0.3768 0.3231
vn 0.8424 0.4313 0.3231
vn 0.8132 0.4840 0.3231
vn 0.7808 0.5348 0.3231
vn 0.7451 0.5835 0.3231
vn 0.7065 0.6297 0.3231
vn 0.6649 0.6734 0.3231
vn 0.6207 0.7144 0.3231
vn 0.5740 0.7525 0.3231
vn 0.5249 0.7875 0.3231
vn 0.4737 0.8193 0.3231
vn 0.4205 0.8478 0.3231
vn 0.3657 0.8729 0.3231
vn 0.3094 0.8944 0.3231
vn 0.2518 0.9123 0.3231
vn 0.1932 0.9264 0.3231
vn 0.1339 0.9369 0.3231
vn 0.0740 0.9435 0.3231
vn 0.0137 0.9463 0.3231
vn -0.0466 0.9452 0.3231
vn -0.1066 0.9403 0.3231
vn -0.1663 0.9317 0.3231
vn -0.2253 0.9192 0.3231
vn -0.2834 0.9029 0.3231
vn -0.3403 0.8831 0.3231
vn -0.3958 0.8596 0.3231
vn -0.4497 0.8327 0.3231
vn -0.5018 0.8024 0.3231
vn -0.5519 0.7688 0.3231
vn -0.5997 0.7321 0.3231
vn -0.6451 0.6924 0.3231
vn -0.6879 0.6499 0.3231
vn -0.7889 0.4952 0.3638
vn -0.8188 0.4440 0.3638
vn -0.8454 0.3910 0.3638
vn -0.8686 0.3363 0.3638
vn -0.8883 0.2803 0.3638
vn -0.9043 0.2232 0.3638
vn -0.9167 0.1652 0.3638
vn -0.9254 0.1065 0.3638
vn -0.9303 0.0474 0.3638
vn -0.9314 -0.0119 0.3638
vn -0.9287 -0.0712 0.3638
vn -0.9223 -0.1302 0.3638
vn -0.9122 -0.1887 0.3638
vn -0.8983 -0.2464 0.3638
vn -0.8808 -0.3031 0.3638
vn -0.8597 -0.3585 0.3638
vn -0.8351 -0.4125 0.3638
vn -0.8072 -0.4649 0.3638
vn -0.7759 -0.5153 0.3638
vn -0.7415 -0.5637 0.3638
vn -0.7042 -0.6097 0.3638
vn -0.6639 -0.6533 0.3638
vn -0.6210 -0.6943 0.3638
vn -0.5755 -0.7324 0.3638
vn -0.5277 -0.7676 0.3638
vn -0.4778 -0.7996 0.3638
vn -0.4259 -0.8284 0.3638
vn -0.3722 -0.8539 0.3638
vn -0.3171 -0.8758 0.3638
vn -0.2607 -0.8942 0.3638
vn -0.2033 -0.9090 0.3638
vn -0.1450 -0.9201 0.3638
vn -0.0861 -0.9275 0.3638
vn -0.0269 -0.9311 0.3638
vn 0.0325 -0.9309 0.3638
vn 0.0917 -0.9269 0.3638
vn 0.1505 -0.9192 0.3638
vn 0.2087 -0.9078 0.3638
vn 0.2661 -0.8927 0.3638
vn 0.3224 -0.8739 0.3638
vn 0.3774 -0.8516 0.3638
vn 0.4308 -0.8259 0.3638
vn 0.4825 -0.7967 0.3638
vn 0.5323 -0.7644 0.3638
vn 0.5799 -0.7290 0.3638
vn 0.6251 -0.6906 0.3638
vn 0.6678 -0.6494 0.3638
vn 0.7078 -0.6055 0.3638
vn 0.7449 -0.5592 0.3638
vn 0.7790 -0.5107 0.3638
vn 0.8099 -0.4600 0.3638
vn 0.8376 -0.4075 0.3638
vn 0.8618 -0.3534 0.3638
vn 0.8826 -0.2978 0.3638
vn 0.8998 -0.2410 0.3638
vn 0.9133 -0.1832 0.3638
vn 0.9231 -0.1247 0.3638
vn 0.9292 -0.0656 0.3638
vn 0.9314 -0.0063 0.3638
vn 0.9300 0.0530 0.3638
vn 0.9247 0.1121 0.3638
vn 0.9157 0.1707 0.3638
vn 0.9030 0.2287 0.3638
vn 0.8866 0.2857 0.3638
vn 0.8666 0.3416 0.3638
vn 0.8431 0.3960 0.3638
vn 0.8162 0.4489 0.3638
vn 0.7859 0.5000 0.3638
vn 0.7525 0.5490 0.3638
vn 0.7160 0.5958 0.3638
vn 0.6766 0.6402 0.3638
vn 0.6345 0.6820 0.3638
vn 0.5898 0.7210 0.3638
vn 0.5427 0.7571 0.3638
vn 0.4934 0.7901 0.3638
vn 0.4421 0.8199 0.3638
vn 0.3890 0.8464 0.3638
vn 0.3343 0.8694 0.3638
vn 0.2782 0.8889 0.3638
vn 0.2211 0.9049 0.3638
vn 0.1630 0.9171 0.3638
vn 0.1043 0.9256 0.3638
vn 0.0451 0.9304 0.3638
vn -0.0142 0.9314 0.3638
vn -0.0735 0.9286 0.3638
vn -0.1324 0.9220 0.3638
vn -0.1908 0.9117 0.3638
vn -0.2485 0.8977 0.3638
vn -0.3052 0.8801 0.3638
vn -0.3606 0.8588 0.3638
vn -0.4145 0.8341 0.3638
vn -0.4668 0.8061 0.3638
vn -0.5172 0.7747 0.3638
vn -0.5654 0.7402 0.3638
vn -0.6114 0.7027 0.3638
vn -0.6549 0.6624 0.3638
vn -0.6958 0.6193 0.3638
vn -0.7338 0.5737 0.3638
vn -0.7688 0.5258 0.3638
vn -0.8449 0.3606 0.3952
vn -0.8661 0.3061 0.3952
vn -0.8839 0.2503 0.3952
vn -0.8980 0.1935 0.3952
vn -0.9085 0.1359 0.3952
vn -0.9153 0.0778 0.3952
vn -0.9184 0.0194 0.3952
vn -0.9178 -0.0391 0.3952
vn -0.9134 -0.0975 0.3952
vn -0.9054 -0.1554 0.3952
vn -0.8936 -0.2128 0.3952
vn -0.8783 -0.2692 0.3952
vn -0.8594 -0.3246 0.3952
vn -0.8369 -0.3786 0.3952
vn -0.8111 -0.4312 0.3952
vn -0.7820 -0.4820 0.3952
vn -0.7497 -0.5308 0.3952
vn -0.7144 -0.5774 0.3952
vn -0.6762 -0.6217 0.3952
vn -0.6353 -0.6635 0.3952
vn -0.5917 -0.7026 0.3952
vn -0.5458 -0.7389 0.3952
vn -0.4977 -0.7721 0.3952
vn -0.4475 -0.8023 0.3952
vn -0.3955 -0.8291 0.3952
vn -0.3419 -0.8526 0.3952
vn -0.2869 -0.8727 0.3952
vn -0.2308 -0.8892 0.3952
vn -0.1737 -0.9020 0.3952
vn -0.1159 -0.9113 0.3952
vn -0.0577 -0.9168 0.3952
vn 0.0008 -0.9186 0.3952
vn 0.0593 -0.9167 0.3952
vn 0.1176 -0.9111 0.3952
vn 0.1753 -0.9017 0.3952
vn 0.2324 -0.8887 0.3952
vn 0.2885 -0.8721 0.3952
vn 0.3435 -0.8520 0.3952
vn 0.3970 -0.8284 0.3952
vn 0.4490 -0.8014 0.3952
vn 0.4991 -0.7712 0.3952
vn 0.5472 -0.7379 0.3952
vn 0.5930 -0.7016 0.3952
vn 0.6365 -0.6624 0.3952
vn 0.6774 -0.6205 0.3952
vn 0.7155 -0.5761 0.3952
vn 0.7507 -0.5294 0.3952
vn 0.7829 -0.4805 0.3952
vn 0.8119 -0.4297 0.3952
vn 0.8376 -0.3771 0.3952
vn 0.8600 -0.3230 0.3952
vn 0.8788 -0.2676 0.3952
vn 0.8940 -0.2111 0.3952
vn 0.9057 -0.1538 0.3952
vn 0.9136 -0.0958 0.3952
vn 0.9178 -0.0375 0.3952
vn 0.9184 0.0211 0.3952
vn 0.9152 0.0795 0.3952
vn 0.9082 0.1376 0.3952
vn 0.8976 0.1952 0.3952
vn 0.8834 0.2519 0.3952
vn 0.8656 0.3077 0.3952
vn 0.8442 0.3622 0.3952
vn 0.8194 0.4152 0.3952
vn 0.7913 0.4665 0.3952
vn 0.7600 0.5159 0.3952
vn 0.7256 0.5633 0.3952
vn 0.6883 0.6083 0.3952
vn 0.6482 0.6509 0.3952
vn 0.6054 0.6909 0.3952
vn 0.5602 0.7280 0.3952
vn 0.5127 0.7622 0.3952
vn 0.4632 0.7933 0.3952
vn 0.4117 0.8212 0.3952
vn 0.3586 0.8457 0.3952
vn 0.3040 0.8669 0.3952
vn 0.2482 0.8844 0.3952
vn 0.1914 0.8985 0.3952
vn 0.1338 0.9088 0.3952
vn 0.0756 0.9155 0.3952
vn 0.0172 0.9185 0.3952
vn -0.0413 0.9177 0.3952
vn -0.0996 0.9132 0.3952
vn -0.1576 0.9050 0.3952
vn -0.2149 0.8931 0.3952
vn -0.2713 0.8776 0.3952
vn -0.3267 0.8586 0.3952
vn -0.3807 0.8360 0.3952
vn -0.4331 0.8101 0.3952
vn -0.4838 0.7809 0.3952
vn -0.5325 0.7485 0.3952
vn -0.5791 0.7131 0.3952
vn -0.6233 0.6748 0.3952
vn -0.6650 0.6337 0.3952
vn -0.7040 0.5901 0.3952
vn -0.7402 0.5440 0.3952
vn -0.7733 0.4958 0.3952
vn -0.8033 0.4456 0.3952
vn -0.8301 0.3935 0.3952
vn -0.8814 0.2215 0.4172
vn -0.8937 0.1649 0.4173
vn -0.9024 0.1077 0.4173
vn -0.9074 0.0500 0.4173
vn -0.9088 -0.0079 0.4173
vn -0.9064 -0.0658 0.4172
vn -0.9004 -0.1233 0.4173
vn -0.8907 -0.1804 0.4173
vn -0.8774 -0.2367 0.4173
vn -0.8606 -0.2921 0.4173
vn -0.8402 -0.3463 0.4173
vn -0.8165 -0.3991 0.4173
vn -0.7894 -0.4503 0.4173
vn -0.7591 -0.4996 0.4173
vn -0.7258 -0.5470 0.4173
vn -0.6895 -0.5921 0.4173
vn -0.6504 -0.6348 0.4173
vn -0.6086 -0.6749 0.4173
vn -0.5644 -0.7123 0.4172
vn -0.5179 -0.7467 0.4173
vn -0.4693 -0.7782 0.4173
vn -0.4188 -0.8065 0.4173
vn -0.3666 -0.8315 0.4173
vn -0.3129 -0.8532 0.4173
vn -0.2580 -0.8714 0.4173
vn -0.2020 -0.8861 0.4173
vn -0.1452 -0.8971 0.4173
vn -0.0878 -0.9045 0.4172
vn -0.0300 -0.9083 0.4173
vn 0.0279 -0.9084 0.4173
vn 0.0857 -0.9047 0.4173
vn 0.1431 -0.8974 0.4173
vn 0.2000 -0.8865 0.4173
vn 0.2560 -0.8720 0.4173
vn 0.3110 -0.8539 0.4173
vn 0.3648 -0.8324 0.4173
vn 0.4170 -0.8075 0.4173
vn 0.4676 -0.7793 0.4173
vn 0.5163 -0.7479 0.4173
vn 0.5628 -0.7135 0.4173
vn 0.6071 -0.6763 0.4173
vn 0.6489 -0.6362 0.4173
vn 0.6881 -0.5936 0.4173
vn 0.7245 -0.5486 0.4173
vn 0.7580 -0.5013 0.4173
vn 0.7884 -0.4521 0.4173
vn 0.8156 -0.4010 0.4173
vn 0.8394 -0.3482 0.4173
vn 0.8599 -0.2941 0.4173
vn 0.8769 -0.2387 0.4173
vn 0.8903 -0.1824 0.4173
vn 0.9001 -0.1254 0.4173
vn 0.9063 -0.0678 0.4172
vn 0.9087 -0.0100 0.4173
vn 0.9075 0.0479 0.4173
vn 0.9026 0.1056 0.4173
vn 0.8941 0.1629 0.4173
vn 0.8819 0.2195 0.4173
vn 0.8661 0.2752 0.4173
vn 0.8469 0.3297 0.4173
vn 0.8241 0.3830 0.4173
vn 0.7981 0.4347 0.4172
vn 0.7688 0.4846 0.4172
vn 0.7364 0.5326 0.4173
vn 0.7010 0.5784 0.4173
vn 0.6627 0.6218 0.4173
vn 0.6218 0.6628 0.4173
vn 0.5783 0.7010 0.4173
vn 0.5325 0.7365 0.4173
vn 0.4845 0.7689 0.4173
vn 0.4346 0.7981 0.4173
vn 0.3829 0.8242 0.4173
vn 0.3296 0.8469 0.4173
vn 0.2751 0.8662 0.4173
vn 0.2194 0.8819 0.4173
vn 0.1628 0.8941 0.4173
vn 0.1055 0.9026 0.4173
vn 0.0478 0.9075 0.4173
vn -0.0100 0.9087 0.4173
vn -0.0679 0.9063 0.4172
vn -0.1255 0.9001 0.4172
vn -0.1825 0.8903 0.4173
vn -0.2388 0.8768 0.4173
vn -0.2942 0.8599 0.4173
vn -0.3483 0.8394 0.4172
vn -0.4011 0.8155 0.4173
vn -0.4522 0.7883 0.4173
vn -0.5015 0.7579 0.4172
vn -0.5487 0.7245 0.4173
vn -0.5937 0.6881 0.4173
vn -0.6363 0.6488 0.4173
vn -0.6763 0.6070 0.4173
vn -0.7136 0.5627 0.4173
vn -0.7480 0.5162 0.4173
vn -0.7793 0.4675 0.4173
vn -0.8075 0.4169 0.4173
vn -0.8324 0.3647 0.4173
vn -0.8539 0.3109 0.4173
vn -0.8720 0.2559 0.4173
vn -0.8991 0.0802 0.4303
vn -0.9024 0.0227 0.4304
vn -0.9020 -0.0348 0.4304
vn -0.8980 -0.0921 0.4303
vn -0.8903 -0.1491 0.4303
vn -0.8790 -0.2055 0.4303
vn -0.8641 -0.2610 0.4303
vn -0.8457 -0.3155 0.4304
vn -0.8239 -0.3687 0.4303
vn -0.7988 -0.4204 0.4304
vn -0.7704 -0.4704 0.4304
vn -0.7389 -0.5185 0.4303
vn -0.7044 -0.5645 0.4304
vn -0.6670 -0.6082 0.4304
vn -0.6269 -0.6495 0.4303
vn -0.5843 -0.6881 0.4303
vn -0.5393 -0.7238 0.4304
vn -0.4921 -0.7567 0.4303
vn -0.4429 -0.7865 0.4303
vn -0.3919 -0.8131 0.4304
vn -0.3394 -0.8364 0.4304
vn -0.2854 -0.8564 0.4303
vn -0.2303 -0.8728 0.4303
vn -0.1743 -0.8857 0.4303
vn -0.1176 -0.8950 0.4303
vn -0.0603 -0.9006 0.4303
vn -0.0028 -0.9027 0.4303
vn 0.0546 -0.9010 0.4303
vn 0.1119 -0.8957 0.4303
vn 0.1687 -0.8868 0.4303
vn 0.2248 -0.8742 0.4303
vn 0.2800 -0.8581 0.4303
vn 0.3341 -0.8386 0.4303
vn 0.3868 -0.8156 0.4304
vn 0.4380 -0.7893 0.4303
vn 0.4873 -0.7598 0.4303
vn 0.5347 -0.7273 0.4303
vn 0.5799 -0.6917 0.4303
vn 0.6228 -0.6534 0.4303
vn 0.6631 -0.6125 0.4303
vn 0.7008 -0.5690 0.4303
vn 0.7356 -0.5232 0.4303
vn 0.7674 -0.4753 0.4304
vn 0.7961 -0.4255 0.4304
vn 0.8216 -0.3740 0.4304
vn 0.8437 -0.3209 0.4304
vn 0.8624 -0.2665 0.4304
vn 0.8776 -0.2110 0.4303
vn 0.8893 -0.1547 0.4303
vn 0.8974 -0.0978 0.4303
vn 0.9018 -0.0405 0.4303
vn 0.9025 0.0170 0.4304
vn 0.8996 0.0745 0.4304
vn 0.8930 0.1316 0.4303
vn 0.8828 0.1882 0.4304
vn 0.8691 0.2440 0.4303
vn 0.8518 0.2989 0.4303
vn 0.8310 0.3525 0.4303
vn 0.8069 0.4047 0.4303
vn 0.7795 0.4552 0.4303
vn 0.7489 0.5039 0.4304
vn 0.7153 0.5506 0.4303
vn 0.6788 0.5950 0.4303
vn 0.6395 0.6370 0.4304
vn 0.5977 0.6764 0.4304
vn 0.5534 0.7131 0.4303
vn 0.5069 0.7469 0.4304
vn 0.4583 0.7777 0.4304
vn 0.4078 0.8053 0.4303
vn 0.3557 0.8296 0.4303
vn 0.3022 0.8506 0.4303
vn 0.2474 0.8681 0.4303
vn 0.1916 0.8821 0.4303
vn 0.1351 0.8925 0.4303
vn 0.0780 0.8993 0.4304
vn 0.0206 0.9024 0.4304
vn -0.0369 0.9019 0.4303
vn -0.0943 0.8977 0.4303
vn -0.1512 0.8899 0.4303
vn -0.2076 0.8785 0.4303
vn -0.2631 0.8635 0.4303
vn -0.3175 0.8450 0.4303
vn -0.3707 0.8230 0.4304
vn -0.4223 0.7978 0.4303
vn -0.4723 0.7693 0.4303
vn -0.5203 0.7376 0.4303
vn -0.5662 0.7030 0.4304
vn -0.6098 0.6655 0.4303
vn -0.6510 0.6253 0.4303
vn -0.6894 0.5826 0.4304
vn -0.7251 0.5375 0.4303
vn -0.7579 0.4903 0.4303
vn -0.7876 0.4410 0.4303
vn -0.8141 0.3900 0.4304
vn -0.8372 0.3374 0.4304
vn -0.8570 0.2834 0.4304
vn -0.8733 0.2282 0.4304
vn -0.8861 0.1722 0.4303
vn -0.8953 0.1154 0.4303
vn -0.8985 -0.0615 0.4346
vn -0.8928 -0.1186 0.4346
vn -0.8834 -0.1752 0.4346
vn -0.8705 -0.2311 0.4346
vn -0.8540 -0.2860 0.4346
vn -0.8340 -0.3398 0.4346
vn -0.8107 -0.3923 0.4346
vn -0.7841 -0.4431 0.4346
vn -0.7543 -0.4921 0.4346
vn -0.7214 -0.5391 0.4346
vn -0.6856 -0.5840 0.4346
vn -0.6471 -0.6264 0.4346
vn -0.6059 -0.6663 0.4346
vn -0.5622 -0.7036 0.4346
vn -0.5163 -0.7379 0.4346
vn -0.4682 -0.7693 0.4346
vn -0.4183 -0.7976 0.4346
vn -0.3667 -0.8226 0.4346
vn -0.3136 -0.8443 0.4346
vn -0.2592 -0.8625 0.4346
vn -0.2037 -0.8773 0.4346
vn -0.1474 -0.8885 0.4346
vn -0.0906 -0.8960 0.4346
vn -0.0334 -0.9000 0.4346
vn 0.0240 -0.9003 0.4346
vn 0.0813 -0.8969 0.4346
vn 0.1383 -0.8899 0.4346
vn 0.1946 -0.8793 0.4346
vn 0.2502 -0.8652 0.4346
vn 0.3048 -0.8475 0.4346
vn 0.3581 -0.8263 0.4346
vn 0.4100 -0.8019 0.4346
vn 0.4602 -0.7741 0.4346
vn 0.5086 -0.7433 0.4346
vn 0.5549 -0.7094 0.4346
vn 0.5989 -0.6726 0.4346
vn 0.6405 -0.6331 0.4346
vn 0.6795 -0.5910 0.4346
vn 0.7158 -0.5466 0.4346
vn 0.7491 -0.4999 0.4346
vn 0.7794 -0.4512 0.4346
vn 0.8066 -0.4006 0.4346
vn 0.8305 -0.3484 0.4346
vn 0.8510 -0.2949 0.4346
vn 0.8680 -0.2401 0.4346
vn 0.8815 -0.1843 0.4346
vn 0.8915 -0.1278 0.4346
vn 0.8978 -0.0708 0.4346
vn 0.9005 -0.0135 0.4346
vn 0.8995 0.0439 0.4346
vn 0.8949 0.1010 0.4346
vn 0.8867 0.1578 0.4346
vn 0.8748 0.2140 0.4346
vn 0.8594 0.2692 0.4346
vn 0.8405 0.3234 0.4346
vn 0.8183 0.3762 0.4346
vn 0.7926 0.4276 0.4346
vn 0.7638 0.4772 0.4346
vn 0.7319 0.5248 0.4346
vn 0.6970 0.5704 0.4346
vn 0.6592 0.6136 0.4346
vn 0.6188 0.6543 0.4346
vn 0.5759 0.6924 0.4346
vn 0.5307 0.7277 0.4346
vn 0.4832 0.7600 0.4346
vn 0.4339 0.7892 0.4346
vn 0.3828 0.8152 0.4346
vn 0.3301 0.8379 0.4346
vn 0.2761 0.8572 0.4346
vn 0.2209 0.8731 0.4346
vn 0.1649 0.8854 0.4346
vn 0.1082 0.8941 0.4346
vn 0.0511 0.8992 0.4346
vn -0.0063 0.9006 0.4346
vn -0.0637 0.8984 0.4346
vn -0.1207 0.8925 0.4346
vn -0.1773 0.8830 0.4346
vn -0.2332 0.8699 0.4346
vn -0.2881 0.8533 0.4346
vn -0.3418 0.8332 0.4346
vn -0.3942 0.8098 0.4346
vn -0.4449 0.7830 0.4346
vn -0.4939 0.7531 0.4346
vn -0.5408 0.7201 0.4346
vn -0.5856 0.6842 0.4346
vn -0.6280 0.6456 0.4346
vn -0.6678 0.6043 0.4346
vn -0.7049 0.5605 0.4346
vn -0.7392 0.5145 0.4346
vn -0.7704 0.4664 0.4346
vn -0.7986 0.4164 0.4346
vn -0.8235 0.3647 0.4346
vn -0.8450 0.3115 0.4346
vn -0.8631 0.2571 0.4346
vn -0.8777 0.2016 0.4346
vn -0.8888 0.1453 0.4346
vn -0.8963 0.0884 0.4346
vn -0.9001 0.0312 0.4346
vn -0.9002 -0.0262 0.4346
vn -0.8799 -0.2019 0.4302
vn -0.8652 -0.2576 0.4302
vn -0.8471 -0.3121 0.4302
vn -0.8255 -0.3654 0.4302
vn -0.8005 -0.4172 0.4302
vn -0.7723 -0.4674 0.4302
vn -0.7410 -0.5156 0.4302
vn -0.7067 -0.5617 0.4302
vn -0.6695 -0.6056 0.4302
vn -0.6296 -0.6470 0.4302
vn -0.5871 -0.6857 0.4302
vn -0.5423 -0.7217 0.4302
vn -0.4952 -0.7548 0.4302
vn -0.4462 -0.7848 0.4302
vn -0.3953 -0.8116 0.4302
vn -0.3428 -0.8351 0.4302
vn -0.2889 -0.8553 0.4302
vn -0.2339 -0.8719 0.4302
vn -0.1779 -0.8850 0.4302
vn -0.1212 -0.8946 0.4302
vn -0.0640 -0.9005 0.4302
vn -0.0065 -0.9027 0.4302
vn 0.0510 -0.9013 0.4302
vn 0.1083 -0.8962 0.4302
vn 0.1651 -0.8875 0.4302
vn 0.2213 -0.8752 0.4302
vn 0.2765 -0.8593 0.4302
vn 0.3307 -0.8400 0.4302
vn 0.3835 -0.8172 0.4302
vn 0.4348 -0.7911 0.4302
vn 0.4843 -0.7619 0.4302
vn 0.5318 -0.7295 0.4302
vn 0.5772 -0.6941 0.4302
vn 0.6202 -0.6560 0.4302
vn 0.6607 -0.6152 0.4302
vn 0.6985 -0.5719 0.4302
vn 0.7335 -0.5262 0.4302
vn 0.7655 -0.4785 0.4302
vn 0.7944 -0.4287 0.4302
vn 0.8201 -0.3773 0.4302
vn 0.8425 -0.3243 0.4302
vn 0.8614 -0.2700 0.4302
vn 0.8769 -0.2146 0.4302
vn 0.8887 -0.1583 0.4302
vn 0.8970 -0.1014 0.4302
vn 0.9017 -0.0441 0.4302
vn 0.9026 0.0134 0.4302
vn 0.9000 0.0708 0.4302
vn 0.8936 0.1280 0.4302
vn 0.8837 0.1846 0.4302
vn 0.8701 0.2405 0.4302
vn 0.8530 0.2954 0.4302
vn 0.8325 0.3491 0.4302
vn 0.8086 0.4014 0.4302
vn 0.7814 0.4521 0.4302
vn 0.7510 0.5009 0.4302
vn 0.7176 0.5477 0.4302
vn 0.6813 0.5923 0.4302
vn 0.6422 0.6345 0.4302
vn 0.6005 0.6741 0.4302
vn 0.5563 0.7109 0.4302
vn 0.5100 0.7449 0.4302
vn 0.4615 0.7759 0.4302
vn 0.4111 0.8037 0.4302
vn 0.3591 0.8282 0.4302
vn 0.3057 0.8494 0.4302
vn 0.2510 0.8671 0.4302
vn 0.1953 0.8814 0.4302
vn 0.1387 0.8920 0.4302
vn 0.0817 0.8990 0.4302
vn 0.0243 0.9024 0.4302
vn -0.0333 0.9021 0.4302
vn -0.0906 0.8982 0.4302
vn -0.1476 0.8906 0.4302
vn -0.2041 0.8794 0.4302
vn -0.2596 0.8646 0.4302
vn -0.3141 0.8463 0.4302
vn -0.3674 0.8246 0.4302
vn -0.4191 0.7995 0.4302
vn -0.4692 0.7712 0.4302
vn -0.5173 0.7398 0.4302
vn -0.5634 0.7053 0.4302
vn -0.6072 0.6680 0.4302
vn -0.6485 0.6280 0.4302
vn -0.6871 0.5855 0.4302
vn -0.7230 0.5405 0.4302
vn -0.7560 0.4934 0.4302
vn -0.7859 0.4443 0.4302
vn -0.8126 0.3933 0.4302
vn -0.8359 0.3408 0.4302
vn -0.8559 0.2869 0.4302
vn -0.8725 0.2318 0.4302
vn -0.8855 0.1758 0.4302
vn -0.8949 0.1190 0.4302
vn -0.9006 0.0618 0.4302
vn -0.9027 0.0044 0.4302
vn -0.9012 -0.0531 0.4302
vn -0.8960 -0.1104 0.4302
vn -0.8871 -0.1672 0.4302
vn -0.8431 -0.3395 0.4170
vn -0.8198 -0.3925 0.4170
vn -0.7931 -0.4439 0.4170
vn -0.7633 -0.4935 0.4170
vn -0.7303 -0.5411 0.4170
vn -0.6944 -0.5865 0.4170
vn -0.6556 -0.6295 0.4170
vn -0.6142 -0.6700 0.4170
vn -0.5703 -0.7077 0.4170
vn -0.5241 -0.7426 0.4170
vn -0.4757 -0.7745 0.4170
vn -0.4254 -0.8032 0.4170
vn -0.3734 -0.8287 0.4169
vn -0.3199 -0.8508 0.4170
vn -0.2651 -0.8694 0.4170
vn -0.2092 -0.8845 0.4170
vn -0.1525 -0.8960 0.4170
vn -0.0951 -0.9039 0.4170
vn -0.0373 -0.9082 0.4170
vn 0.0206 -0.9087 0.4170
vn 0.0784 -0.9055 0.4170
vn 0.1358 -0.8987 0.4170
vn 0.1928 -0.8882 0.4170
vn 0.2490 -0.8742 0.4170
vn 0.3041 -0.8565 0.4170
vn 0.3580 -0.8354 0.4170
vn 0.4105 -0.8110 0.4170
vn 0.4613 -0.7832 0.4170
vn 0.5102 -0.7522 0.4170
vn 0.5571 -0.7182 0.4170
vn 0.6017 -0.6813 0.4170
vn 0.6439 -0.6416 0.4170
vn 0.6834 -0.5993 0.4170
vn 0.7201 -0.5546 0.4170
vn 0.7540 -0.5076 0.4170
vn 0.7848 -0.4586 0.4170
vn 0.8124 -0.4077 0.4170
vn 0.8367 -0.3551 0.4170
vn 0.8576 -0.3011 0.4170
vn 0.8750 -0.2459 0.4170
vn 0.8889 -0.1897 0.4170
vn 0.8992 -0.1327 0.4170
vn 0.9058 -0.0752 0.4170
vn 0.9088 -0.0173 0.4170
vn 0.9080 0.0406 0.4170
vn 0.9036 0.0983 0.4170
vn 0.8955 0.1556 0.4170
vn 0.8838 0.2123 0.4170
vn 0.8685 0.2681 0.4170
vn 0.8496 0.3229 0.4170
vn 0.8274 0.3764 0.4169
vn 0.8017 0.4283 0.4170
vn 0.7728 0.4784 0.4170
vn 0.7408 0.5267 0.4170
vn 0.7057 0.5728 0.4170
vn 0.6679 0.6165 0.4170
vn 0.6272 0.6578 0.4170
vn 0.5841 0.6964 0.4170
vn 0.5386 0.7322 0.4170
vn 0.4908 0.7650 0.4170
vn 0.4411 0.7947 0.4170
vn 0.3896 0.8212 0.4170
vn 0.3366 0.8443 0.4170
vn 0.2821 0.8640 0.4170
vn 0.2266 0.8802 0.4170
vn 0.1701 0.8929 0.4170
vn 0.1128 0.9019 0.4170
vn 0.0552 0.9072 0.4170
vn -0.0027 0.9089 0.4170
vn -0.0606 0.9069 0.4170
vn -0.1182 0.9012 0.4170
vn -0.1753 0.8919 0.4170
vn -0.2318 0.8789 0.4169
vn -0.2872 0.8623 0.4170
vn -0.3416 0.8423 0.4170
vn -0.3945 0.8189 0.4170
vn -0.4458 0.7921 0.4170
vn -0.4954 0.7621 0.4170
vn -0.5429 0.7290 0.4170
vn -0.5882 0.6930 0.4170
vn -0.6311 0.6541 0.4170
vn -0.6715 0.6126 0.4170
vn -0.7091 0.5686 0.4170
vn -0.7439 0.5223 0.4170
vn -0.7756 0.4739 0.4170
vn -0.8042 0.4235 0.4170
vn -0.8296 0.3715 0.4170
vn -0.8515 0.3179 0.4170
vn -0.8700 0.2630 0.4170
vn -0.8850 0.2071 0.4170
vn -0.8964 0.1503 0.4170
vn -0.9042 0.0929 0.4170
vn -0.9082 0.0352 0.4170
vn -0.9086 -0.0227 0.4170
vn -0.9054 -0.0805 0.4170
vn -0.8984 -0.1380 0.4170
vn -0.8878 -0.1949 0.4170
vn -0.8736 -0.2510 0.4170
vn -0.8558 -0.3062 0.4170
vn -0.7880 -0.4724 0.3947
vn -0.7564 -0.5216 0.3947
vn -0.7216 -0.5687 0.3947
vn -0.6839 -0.6135 0.3947
vn -0.6435 -0.6558 0.3947
vn -0.6004 -0.6955 0.3947
vn -0.5549 -0.7323 0.3947
vn -0.5072 -0.7661 0.3947
vn -0.4574 -0.7969 0.3947
vn -0.4057 -0.8244 0.3947
vn -0.3524 -0.8485 0.3947
vn -0.2977 -0.8692 0.3947
vn -0.2417 -0.8864 0.3947
vn -0.1848 -0.9000 0.3947
vn -0.1271 -0.9100 0.3947
vn -0.0689 -0.9162 0.3947
vn -0.0104 -0.9187 0.3947
vn 0.0481 -0.9175 0.3947
vn 0.1064 -0.9126 0.3947
vn 0.1643 -0.9040 0.3947
vn 0.2215 -0.8917 0.3947
vn 0.2778 -0.8758 0.3947
vn 0.3330 -0.8563 0.3947
vn 0.3869 -0.8334 0.3947
vn 0.4392 -0.8070 0.3947
vn 0.4897 -0.7774 0.3947
vn 0.5382 -0.7447 0.3947
vn 0.5845 -0.7089 0.3947
vn 0.6284 -0.6703 0.3947
vn 0.6698 -0.6289 0.3947
vn 0.7085 -0.5849 0.3947
vn 0.7443 -0.5387 0.3947
vn 0.7771 -0.4902 0.3947
vn 0.8067 -0.4397 0.3947
vn 0.8331 -0.3874 0.3947
vn 0.8561 -0.3336 0.3947
vn 0.8756 -0.2784 0.3947
vn 0.8916 -0.2221 0.3947
vn 0.9039 -0.1649 0.3947
vn 0.9125 -0.1070 0.3947
vn 0.9175 -0.0487 0.3947
vn 0.9187 0.0098 0.3947
vn 0.9162 0.0683 0.3947
vn 0.9100 0.1265 0.3947
vn 0.9001 0.1842 0.3947
vn 0.8866 0.2411 0.3947
vn 0.8694 0.2971 0.3947
vn 0.8488 0.3518 0.3947
vn 0.8246 0.4052 0.3947
vn 0.7972 0.4568 0.3947
vn 0.7665 0.5067 0.3947
vn 0.7326 0.5545 0.3947
vn 0.6958 0.6000 0.3947
vn 0.6562 0.6431 0.3947
vn 0.6140 0.6835 0.3947
vn 0.5692 0.7212 0.3947
vn 0.5221 0.7560 0.3947
vn 0.4729 0.7877 0.3947
vn 0.4218 0.8162 0.3947
vn 0.3690 0.8414 0.3947
vn 0.3147 0.8632 0.3947
vn 0.2591 0.8815 0.3947
vn 0.2024 0.8962 0.3947
vn 0.1449 0.9073 0.3947
vn 0.0869 0.9147 0.3947
vn 0.0285 0.9184 0.3947
vn -0.0301 0.9183 0.3947
vn -0.0885 0.9145 0.3947
vn -0.1465 0.9070 0.3947
vn -0.2040 0.8959 0.3947
vn -0.2606 0.8811 0.3947
vn -0.3161 0.8627 0.3947
vn -0.3704 0.8408 0.3947
vn -0.4232 0.8155 0.3947
vn -0.4743 0.7869 0.3947
vn -0.5234 0.7551 0.3947
vn -0.5705 0.7202 0.3947
vn -0.6152 0.6825 0.3947
vn -0.6574 0.6419 0.3947
vn -0.6969 0.5988 0.3947
vn -0.7336 0.5532 0.3947
vn -0.7673 0.5053 0.3947
vn -0.7980 0.4555 0.3947
vn -0.8253 0.4037 0.3947
vn -0.8494 0.3504 0.3947
vn -0.8699 0.2956 0.3947
vn -0.8870 0.2396 0.3947
vn -0.9005 0.1826 0.3947
vn -0.9103 0.1249 0.3947
vn -0.9164 0.0667 0.3947
vn -0.9188 0.0082 0.3947
vn -0.9174 -0.0503 0.3947
vn -0.9124 -0.1086 0.3947
vn -0.9036 -0.1665 0.3947
vn -0.8912 -0.2237 0.3947
vn -0.8751 -0.2800 0.3947
vn -0.8555 -0.3351 0.3947
vn -0.8324 -0.3889 0.3947
vn -0.8060 -0.4411 0.3947
vn -0.7143 -0.5982 0.3633
vn -0.6747 -0.6425 0.3633
vn -0.6324 -0.6841 0.3633
vn -0.5876 -0.7230 0.3633
vn -0.5404 -0.7590 0.3633
vn -0.4910 -0.7918 0.3633
vn -0.4395 -0.8215 0.3633
vn -0.3864 -0.8478 0.3633
vn -0.3316 -0.8707 0.3633
vn -0.2755 -0.8900 0.3633
vn -0.2183 -0.9057 0.3633
vn -0.1601 -0.9178 0.3633
vn -0.1014 -0.9261 0.3633
vn -0.0422 -0.9307 0.3633
vn 0.0172 -0.9315 0.3633
vn 0.0764 -0.9285 0.3633
vn 0.1354 -0.9218 0.3633
vn 0.1938 -0.9113 0.3633
vn 0.2514 -0.8971 0.3633
vn 0.3080 -0.8793 0.3633
vn 0.3634 -0.8579 0.3633
vn 0.4173 -0.8330 0.3633
vn 0.4695 -0.8047 0.3633
vn 0.5198 -0.7732 0.3633
vn 0.5680 -0.7385 0.3633
vn 0.6138 -0.7009 0.3633
vn 0.6572 -0.6604 0.3633
vn 0.6979 -0.6172 0.3633
vn 0.7358 -0.5715 0.3633
vn 0.7707 -0.5235 0.3633
vn 0.8024 -0.4734 0.3633
vn 0.8309 -0.4214 0.3633
vn 0.8561 -0.3676 0.3633
vn 0.8778 -0.3123 0.3633
vn 0.8959 -0.2558 0.3633
vn 0.9103 -0.1982 0.3633
vn 0.9211 -0.1399 0.3633
vn 0.9281 -0.0810 0.3633
vn 0.9314 -0.0217 0.3633
vn 0.9309 0.0377 0.3633
vn 0.9266 0.0969 0.3633
vn 0.9186 0.1557 0.3633
vn 0.9068 0.2138 0.3633
vn 0.8914 0.2711 0.3633
vn 0.8723 0.3273 0.3633
vn 0.8497 0.3822 0.3633
vn 0.8236 0.4355 0.3633
vn 0.7942 0.4871 0.3633
vn 0.7616 0.5366 0.3633
vn 0.7259 0.5840 0.3633
vn 0.6872 0.6291 0.3633
vn 0.6458 0.6716 0.3633
vn 0.6017 0.7113 0.3633
vn 0.5552 0.7482 0.3633
vn 0.5064 0.7820 0.3633
vn 0.4556 0.8127 0.3633
vn 0.4029 0.8400 0.3633
vn 0.3486 0.8640 0.3633
vn 0.2929 0.8844 0.3633
vn 0.2360 0.9013 0.3633
vn 0.1781 0.9145 0.3633
vn 0.1196 0.9240 0.3633
vn 0.0605 0.9297 0.3633
vn 0.0012 0.9317 0.3633
vn -0.0582 0.9299 0.3633
vn -0.1172 0.9243 0.3633
vn -0.1759 0.9149 0.3633
vn -0.2338 0.9019 0.3633
vn -0.2907 0.8852 0.3633
vn -0.3465 0.8649 0.3633
vn -0.4008 0.8410 0.3633
vn -0.4536 0.8138 0.3633
vn -0.5044 0.7833 0.3633
vn -0.5533 0.7496 0.3633
vn -0.5999 0.7128 0.3633
vn -0.6441 0.6732 0.3633
vn -0.6856 0.6308 0.3633
vn -0.7244 0.5859 0.3633
vn -0.7602 0.5386 0.3633
vn -0.7930 0.4891 0.3633
vn -0.8225 0.4376 0.3633
vn -0.8487 0.3843 0.3633
vn -0.8715 0.3295 0.3633
vn -0.8907 0.2733 0.3633
vn -0.9063 0.2161 0.3633
vn -0.9182 0.1579 0.3633
vn -0.9264 0.0992 0.3633
vn -0.9308 0.0400 0.3633
vn -0.9315 -0.0194 0.3633
vn -0.9283 -0.0786 0.3633
vn -0.9215 -0.1376 0.3633
vn -0.9108 -0.1959 0.3633
vn -0.8965 -0.2535 0.3633
vn -0.8785 -0.3101 0.3633
vn -0.8570 -0.3654 0.3633
vn -0.8320 -0.4193 0.3633
vn -0.8036 -0.4714 0.3633
vn -0.7720 -0.5216 0.3633
vn -0.7372 -0.5697 0.3633
vn -0.6216 -0.7138 0.3225
vn -0.5749 -0.7520 0.3225
vn -0.5259 -0.7870 0.3225
vn -0.4747 -0.8189 0.3225
vn -0.4216 -0.8475 0.3225
vn -0.3668 -0.8726 0.3225
vn -0.3105 -0.8942 0.3225
vn -0.2529 -0.9122 0.3225
vn -0.1943 -0.9264 0.3225
vn -0.1349 -0.9369 0.3225
vn -0.0750 -0.9436 0.3225
vn -0.0148 -0.9465 0.3225
vn 0.0455 -0.9455 0.3225
vn 0.1056 -0.9407 0.3225
vn 0.1653 -0.9320 0.3225
vn 0.2243 -0.9196 0.3225
vn 0.2824 -0.9035 0.3225
vn 0.3393 -0.8837 0.3225
vn 0.3949 -0.8603 0.3225
vn 0.4489 -0.8334 0.3225
vn 0.5010 -0.8031 0.3225
vn 0.5512 -0.7696 0.3225
vn 0.5991 -0.7329 0.3225
vn 0.6445 -0.6933 0.3225
vn 0.6873 -0.6508 0.3225
vn 0.7274 -0.6058 0.3225
vn 0.7645 -0.5582 0.3225
vn 0.7985 -0.5084 0.3225
vn 0.8292 -0.4565 0.3225
vn 0.8566 -0.4028 0.3225
vn 0.8805 -0.3475 0.3225
vn 0.9008 -0.2907 0.3225
vn 0.9175 -0.2327 0.3225
vn 0.9305 -0.1739 0.3225
vn 0.9396 -0.1143 0.3225
vn 0.9450 -0.0542 0.3225
vn 0.9466 0.0061 0.3225
vn 0.9442 0.0663 0.3225
vn 0.9381 0.1263 0.3225
vn 0.9282 0.1858 0.3225
vn 0.9145 0.2445 0.3225
vn 0.8970 0.3022 0.3225
vn 0.8760 0.3587 0.3225
vn 0.8513 0.4138 0.3225
vn 0.8233 0.4672 0.3225
vn 0.7919 0.5186 0.3225
vn 0.7572 0.5680 0.3225
vn 0.7195 0.6150 0.3225
vn 0.6789 0.6596 0.3225
vn 0.6355 0.7015 0.3225
vn 0.5896 0.7405 0.3225
vn 0.5413 0.7766 0.3225
vn 0.4907 0.8094 0.3225
vn 0.4382 0.8390 0.3225
vn 0.3839 0.8652 0.3225
vn 0.3280 0.8879 0.3225
vn 0.2708 0.9070 0.3225
vn 0.2125 0.9224 0.3225
vn 0.1533 0.9341 0.3225
vn 0.0936 0.9419 0.3225
vn 0.0334 0.9460 0.3225
vn -0.0269 0.9462 0.3225
vn -0.0871 0.9426 0.3225
vn -0.1470 0.9351 0.3225
vn -0.2062 0.9238 0.3225
vn -0.2646 0.9088 0.3225
vn -0.3219 0.8902 0.3225
vn -0.3780 0.8678 0.3225
vn -0.4325 0.8420 0.3225
vn -0.4852 0.8128 0.3225
vn -0.5359 0.7802 0.3225
vn -0.5845 0.7445 0.3225
vn -0.6308 0.7058 0.3225
vn -0.6744 0.6642 0.3225
vn -0.7153 0.6199 0.3225
vn -0.7533 0.5731 0.3225
vn -0.7883 0.5240 0.3225
vn -0.8201 0.4727 0.3225
vn -0.8485 0.4196 0.3225
vn -0.8735 0.3647 0.3225
vn -0.8950 0.3083 0.3225
vn -0.9128 0.2507 0.3225
vn -0.9269 0.1921 0.3225
vn -0.9372 0.1327 0.3225
vn -0.9438 0.0728 0.3225
vn -0.9465 0.0125 0.3225
vn -0.9454 -0.0478 0.3225
vn -0.9404 -0.1079 0.3225
vn -0.9316 -0.1675 0.3225
vn -0.9191 -0.2265 0.3225
vn -0.9028 -0.2845 0.3225
vn -0.8828 -0.3414 0.3225
vn -0.8593 -0.3970 0.3225
vn -0.8323 -0.4509 0.3225
vn -0.8019 -0.5029 0.3225
vn -0.7682 -0.5530 0.3225
vn -0.7315 -0.6008 0.3225
vn -0.6917 -0.6461 0.3225
vn -0.6492 -0.6889 0.3225
vn -0.5106 -0.8155 0.2724
vn -0.4577 -0.8464 0.2724
vn -0.4028 -0.8738 0.2724
vn -0.3464 -0.8977 0.2724
vn -0.2885 -0.9179 0.2724
vn -0.2295 -0.9344 0.2724
vn -0.1695 -0.9471 0.2724
vn -0.1089 -0.9560 0.2724
vn -0.0478 -0.9610 0.2724
vn 0.0135 -0.9621 0.2724
vn 0.0747 -0.9593 0.2724
vn 0.1356 -0.9526 0.2724
vn 0.1960 -0.9420 0.2724
vn 0.2556 -0.9276 0.2724
vn 0.3141 -0.9095 0.2724
vn 0.3714 -0.8876 0.2724
vn 0.4272 -0.8622 0.2724
vn 0.4812 -0.8332 0.2724
vn 0.5333 -0.8009 0.2724
vn 0.5832 -0.7653 0.2724
vn 0.6307 -0.7266 0.2724
vn 0.6757 -0.6850 0.2724
vn 0.7179 -0.6406 0.2724
vn 0.7573 -0.5936 0.2724
vn 0.7935 -0.5442 0.2724
vn 0.8266 -0.4925 0.2724
vn 0.8563 -0.4389 0.2724
vn 0.8825 -0.3835 0.2724
vn 0.9051 -0.3265 0.2724
vn 0.9240 -0.2682 0.2724
vn 0.9393 -0.2088 0.2724
vn 0.9506 -0.1486 0.2724
vn 0.9582 -0.0878 0.2724
vn 0.9618 -0.0266 0.2724
vn 0.9616 0.0347 0.2724
vn 0.9574 0.0958 0.2724
vn 0.9494 0.1566 0.2724
vn 0.9375 0.2167 0.2724
vn 0.9218 0.2760 0.2724
vn 0.9023 0.3341 0.2724
vn 0.8792 0.3909 0.2724
vn 0.8525 0.4461 0.2724
vn 0.8224 0.4994 0.2724
vn 0.7889 0.5508 0.2724
vn 0.7523 0.5999 0.2724
vn 0.7126 0.6466 0.2724
vn 0.6699 0.6906 0.2724
vn 0.6246 0.7319 0.2724
vn 0.5767 0.7702 0.2724
vn 0.5265 0.8053 0.2724
vn 0.4742 0.8372 0.2724
vn 0.4199 0.8657 0.2724
vn 0.3639 0.8907 0.2724
vn 0.3065 0.9121 0.2724
vn 0.2478 0.9297 0.2724
vn 0.1881 0.9436 0.2724
vn 0.1276 0.9537 0.2724
vn 0.0667 0.9599 0.2724
vn 0.0054 0.9622 0.2724
vn -0.0558 0.9606 0.2724
vn -0.1169 0.9551 0.2724
vn -0.1775 0.9457 0.2724
vn -0.2373 0.9325 0.2724
vn -0.2962 0.9155 0.2724
vn -0.3539 0.8947 0.2724
vn -0.4102 0.8704 0.2724
vn -0.4647 0.8425 0.2724
vn -0.5174 0.8112 0.2724
vn -0.5680 0.7766 0.2724
vn -0.6163 0.7389 0.2724
vn -0.6621 0.6981 0.2724
vn -0.7052 0.6546 0.2724
vn -0.7455 0.6083 0.2724
vn -0.7827 0.5596 0.2724
vn -0.8167 0.5087 0.2724
vn -0.8475 0.4556 0.2724
vn -0.8748 0.4008 0.2724
vn -0.8985 0.3442 0.2724
vn -0.9186 0.2863 0.2724
vn -0.9350 0.2273 0.2724
vn -0.9475 0.1673 0.2724
vn -0.9563 0.1066 0.2724
vn -0.9611 0.0455 0.2724
vn -0.9621 -0.0158 0.2724
vn -0.9591 -0.0770 0.2724
vn -0.9523 -0.1379 0.2724
vn -0.9415 -0.1983 0.2724
vn -0.9270 -0.2578 0.2724
vn -0.9087 -0.3163 0.2724
vn -0.8867 -0.3735 0.2724
vn -0.8611 -0.4292 0.2724
vn -0.8321 -0.4832 0.2724
vn -0.7996 -0.5352 0.2724
vn -0.7639 -0.5850 0.2724
vn -0.7251 -0.6324 0.2724
vn -0.6834 -0.6773 0.2724
vn -0.6389 -0.7195 0.2724
vn -0.5918 -0.7587 0.2724
vn -0.5423 -0.7948 0.2724
vn -0.3826 -0.8989 0.2135
vn -0.3246 -0.9214 0.2135
vn -0.2653 -0.9402 0.2135
vn -0.2049 -0.9552 0.2135
vn -0.1436 -0.9663 0.2135
vn -0.0818 -0.9735 0.2135
vn -0.0196 -0.9767 0.2135
vn 0.0426 -0.9760 0.2135
vn 0.1046 -0.9713 0.2135
vn 0.1663 -0.9627 0.2135
vn 0.2272 -0.9501 0.2135
vn 0.2872 -0.9338 0.2135
vn 0.3461 -0.9136 0.2135
vn 0.4036 -0.8897 0.2135
vn 0.4594 -0.8622 0.2135
vn 0.5134 -0.8312 0.2135
vn 0.5653 -0.7968 0.2135
vn 0.6148 -0.7592 0.2135
vn 0.6619 -0.7185 0.2135
vn 0.7063 -0.6749 0.2135
vn 0.7479 -0.6286 0.2135
vn 0.7864 -0.5797 0.2135
vn 0.8217 -0.5284 0.2135
vn 0.8537 -0.4750 0.2135
vn 0.8822 -0.4197 0.2135
vn 0.9071 -0.3627 0.2135
vn 0.9284 -0.3042 0.2135
vn 0.9458 -0.2445 0.2135
vn 0.9595 -0.1838 0.2135
vn 0.9693 -0.1223 0.2135
vn 0.9751 -0.0603 0.2135
vn 0.9769 0.0019 0.2135
vn 0.9748 0.0641 0.2135
vn 0.9688 0.1260 0.2135
vn 0.9588 0.1874 0.2135
vn 0.9449 0.2481 0.2135
vn 0.9272 0.3077 0.2136
vn 0.9057 0.3662 0.2135
vn 0.8806 0.4231 0.2135
vn 0.8518 0.4783 0.2135
vn 0.8197 0.5316 0.2135
vn 0.7841 0.5827 0.2135
vn 0.7455 0.6314 0.2135
vn 0.7038 0.6776 0.2135
vn 0.6592 0.7210 0.2135
vn 0.6119 0.7615 0.2135
vn 0.5622 0.7990 0.2135
vn 0.5102 0.8331 0.2135
vn 0.4561 0.8639 0.2135
vn 0.4002 0.8912 0.2135
vn 0.3426 0.9149 0.2135
vn 0.2837 0.9348 0.2135
vn 0.2236 0.9510 0.2135
vn 0.1626 0.9633 0.2135
vn 0.1009 0.9717 0.2135
vn 0.0388 0.9762 0.2135
vn -0.0234 0.9767 0.2135
vn -0.0855 0.9732 0.2135
vn -0.1473 0.9658 0.2135
vn -0.2085 0.9544 0.2135
vn -0.2689 0.9392 0.2135
vn -0.3281 0.9202 0.2135
vn -0.3860 0.8974 0.2135
vn -0.4424 0.8710 0.2135
vn -0.4970 0.8411 0.2135
vn -0.5495 0.8077 0.2135
vn -0.5998 0.7711 0.2135
vn -0.6477 0.7314 0.2135
vn -0.6929 0.6887 0.2135
vn -0.7354 0.6431 0.2135
vn -0.7748 0.5950 0.2135
vn -0.8111 0.5445 0.2136
vn -0.8442 0.4917 0.2135
vn -0.8738 0.4370 0.2135
vn -0.8998 0.3805 0.2135
vn -0.9222 0.3224 0.2135
vn -0.9409 0.2630 0.2135
vn -0.9557 0.2026 0.2135
vn -0.9667 0.1413 0.2135
vn -0.9737 0.0795 0.2135
vn -0.9768 0.0173 0.2135
vn -0.9759 -0.0449 0.2135
vn -0.9711 -0.1070 0.2135
vn -0.9623 -0.1686 0.2135
vn -0.9496 -0.2295 0.2135
vn -0.9331 -0.2895 0.2135
vn -0.9127 -0.3483 0.2135
vn -0.8887 -0.4057 0.2135
vn -0.8611 -0.4615 0.2135
vn -0.8299 -0.5154 0.2135
vn -0.7955 -0.5671 0.2135
vn -0.7577 -0.6166 0.2135
vn -0.7169 -0.6636 0.2135
vn -0.6732 -0.7079 0.2135
vn -0.6268 -0.7494 0.2135
vn -0.5778 -0.7877 0.2135
vn -0.5265 -0.8229 0.2135
vn -0.4730 -0.8548 0.2135
vn -0.4176 -0.8832 0.2135
vn -0.2403 -0.9595 0.1471
vn -0.1788 -0.9728 0.1471
vn -0.1165 -0.9822 0.1471
vn -0.0537 -0.9877 0.1471
vn 0.0093 -0.9891 0.1471
vn 0.0722 -0.9865 0.1471
vn 0.1349 -0.9799 0.1471
vn 0.1970 -0.9693 0.1471
vn 0.2584 -0.9548 0.1471
vn 0.3186 -0.9364 0.1471
vn 0.3776 -0.9142 0.1471
vn 0.4350 -0.8883 0.1471
vn 0.4907 -0.8588 0.1471
vn 0.5444 -0.8258 0.1471
vn 0.5959 -0.7895 0.1471
vn 0.6449 -0.7499 0.1471
vn 0.6914 -0.7074 0.1471
vn 0.7350 -0.6619 0.1471
vn 0.7757 -0.6138 0.1471
vn 0.8132 -0.5631 0.1471
vn 0.8474 -0.5102 0.1471
vn 0.8781 -0.4552 0.1471
vn 0.9053 -0.3984 0.1471
vn 0.9289 -0.3399 0.1471
vn 0.9486 -0.2801 0.1471
vn 0.9645 -0.2192 0.1471
vn 0.9765 -0.1573 0.1471
vn 0.9846 -0.0948 0.1471
vn 0.9886 -0.0319 0.1471
vn 0.9886 0.0311 0.1471
vn 0.9846 0.0940 0.1471
vn 0.9767 0.1564 0.1471
vn 0.9647 0.2183 0.1471
vn 0.9489 0.2793 0.1471
vn 0.9292 0.3392 0.1471
vn 0.9057 0.3976 0.1471
vn 0.8785 0.4545 0.1471
vn 0.8478 0.5095 0.1471
vn 0.8136 0.5625 0.1471
vn 0.7762 0.6131 0.1471
vn 0.7356 0.6613 0.1471
vn 0.6920 0.7068 0.1471
vn 0.6456 0.7494 0.1471
vn 0.5965 0.7890 0.1471
vn 0.5451 0.8254 0.1471
vn 0.4914 0.8584 0.1471
vn 0.4358 0.8879 0.1471
vn 0.3783 0.9139 0.1471
vn 0.3194 0.9361 0.1471
vn 0.2591 0.9546 0.1471
vn 0.1978 0.9691 0.1471
vn 0.1357 0.9798 0.1471
vn 0.0731 0.9864 0.1471
vn 0.0101 0.9891 0.1471
vn -0.0529 0.9877 0.1471
vn -0.1156 0.9823 0.1471
vn -0.1779 0.9730 0.1471
vn -0.2395 0.9597 0.1471
vn -0.3002 0.9425 0.1471
vn -0.3596 0.9214 0.1471
vn -0.4175 0.8967 0.1471
vn -0.4737 0.8683 0.1471
vn -0.5280 0.8364 0.1471
vn -0.5802 0.8011 0.1471
vn -0.6301 0.7625 0.1471
vn -0.6773 0.7208 0.1471
vn -0.7219 0.6762 0.1471
vn -0.7635 0.6289 0.1471
vn -0.8019 0.5790 0.1471
vn -0.8372 0.5268 0.1471
vn -0.8690 0.4724 0.1471
vn -0.8973 0.4161 0.1471
vn -0.9220 0.3581 0.1471
vn -0.9429 0.2987 0.1471
vn -0.9600 0.2380 0.1471
vn -0.9733 0.1764 0.1471
vn -0.9825 0.1141 0.1471
vn -0.9878 0.0513 0.1471
vn -0.9891 -0.0117 0.1471
vn -0.9863 -0.0746 0.1471
vn -0.9796 -0.1372 0.1471
vn -0.9688 -0.1993 0.1471
vn -0.9542 -0.2606 0.1471
vn -0.9356 -0.3209 0.1471
vn -0.9133 -0.3798 0.1471
vn -0.8873 -0.4372 0.1471
vn -0.8576 -0.4928 0.1471
vn -0.8245 -0.5464 0.1471
vn -0.7881 -0.5978 0.1471
vn -0.7484 -0.6467 0.1471
vn -0.7057 -0.6931 0.1471
vn -0.6602 -0.7366 0.1471
vn -0.6119 -0.7771 0.1471
vn -0.5612 -0.8145 0.1471
vn -0.5082 -0.8486 0.1471
vn -0.4531 -0.8792 0.1471
vn -0.3962 -0.9063 0.1471
vn -0.3377 -0.9297 0.1471
vn -0.2779 -0.9493 0.1471
vn -0.0882 -0.9933 0.0751
vn -0.0248 -0.9969 0.0751
vn 0.0387 -0.9964 0.0751
vn 0.1021 -0.9919 0.0751
vn 0.1651 -0.9834 0.0751
vn 0.2274 -0.9709 0.0751
vn 0.2887 -0.9545 0.0751
vn 0.3489 -0.9342 0.0751
vn 0.4077 -0.9100 0.0751
vn 0.4648 -0.8822 0.0751
vn 0.5200 -0.8508 0.0751
vn 0.5732 -0.8160 0.0751
vn 0.6239 -0.7779 0.0751
vn 0.6722 -0.7366 0.0751
vn 0.7177 -0.6923 0.0751
vn 0.7603 -0.6452 0.0751
vn 0.7999 -0.5954 0.0751
vn 0.8362 -0.5433 0.0751
vn 0.8691 -0.4890 0.0751
vn 0.8984 -0.4326 0.0751
vn 0.9242 -0.3746 0.0751
vn 0.9461 -0.3150 0.0751
vn 0.9643 -0.2541 0.0751
vn 0.9785 -0.1922 0.0751
vn 0.9887 -0.1295 0.0751
vn 0.9950 -0.0663 0.0751
vn 0.9972 -0.0028 0.0751
vn 0.9953 0.0607 0.0751
vn 0.9894 0.1240 0.0751
vn 0.9795 0.1867 0.0751
vn 0.9657 0.2487 0.0751
vn 0.9479 0.3097 0.0751
vn 0.9262 0.3694 0.0751
vn 0.9008 0.4276 0.0751
vn 0.8718 0.4841 0.0751
vn 0.8392 0.5386 0.0751
vn 0.8032 0.5910 0.0751
vn 0.7639 0.6409 0.0751
vn 0.7216 0.6883 0.0751
vn 0.6763 0.7328 0.0751
vn 0.6283 0.7744 0.0751
vn 0.5777 0.8128 0.0751
vn 0.5247 0.8480 0.0751
vn 0.4697 0.8796 0.0751
vn 0.4128 0.9077 0.0751
vn 0.3541 0.9322 0.0751
vn 0.2940 0.9528 0.0751
vn 0.2328 0.9696 0.0751
vn 0.1706 0.9825 0.0751
vn 0.1077 0.9913 0.0751
vn 0.0443 0.9962 0.0751
vn -0.0192 0.9970 0.0751
vn -0.0826 0.9937 0.0751
vn -0.1457 0.9865 0.0751
vn -0.2082 0.9752 0.0751
vn -0.2699 0.9600 0.0751
vn -0.3305 0.9408 0.0751
vn -0.3897 0.9179 0.0751
vn -0.4474 0.8912 0.0751
vn -0.5032 0.8609 0.0751
vn -0.5570 0.8271 0.0751
vn -0.6085 0.7900 0.0751
vn -0.6576 0.7496 0.0751
vn -0.7040 0.7062 0.0751
vn -0.7475 0.6600 0.0751
vn -0.7880 0.6111 0.0751
vn -0.8253 0.5596 0.0751
vn -0.8593 0.5060 0.0751
vn -0.8898 0.4502 0.0751
vn -0.9166 0.3927 0.0751
vn -0.9398 0.3335 0.0751
vn -0.9591 0.2729 0.0751
vn -0.9745 0.2113 0.0751
vn -0.9860 0.1489 0.0751
vn -0.9935 0.0858 0.0751
vn -0.9969 0.0224 0.0751
vn -0.9963 -0.0411 0.0751
vn -0.9917 -0.1045 0.0751
vn -0.9830 -0.1674 0.0751
vn -0.9704 -0.2297 0.0751
vn -0.9538 -0.2910 0.0751
vn -0.9333 -0.3511 0.0751
vn -0.9091 -0.4098 0.0751
vn -0.8811 -0.4669 0.0751
vn -0.8496 -0.5221 0.0751
vn -0.8146 -0.5751 0.0751
vn -0.7764 -0.6258 0.0751
vn -0.7350 -0.6739 0.0751
vn -0.6906 -0.7194 0.0751
vn -0.6433 -0.7619 0.0751
vn -0.5935 -0.8013 0.0751
vn -0.5413 -0.8375 0.0751
vn -0.4869 -0.8702 0.0751
vn -0.4305 -0.8995 0.0751
vn -0.3724 -0.9250 0.0751
vn -0.3127 -0.9469 0.0751
vn -0.2518 -0.9649 0.0751
vn -0.1899 -0.9789 0.0751
vn -0.1272 -0.9890 0.0751
vn 0.4355 -0.9002 -0.0000
vn 0.9134 -0.4072 -0.0000
vn 0.9993 -0.0371 -0.0000
vn 0.9882 0.1535 -0.0000
vn 0.9175 0.3976 -0.0000
vn 0.6563 0.7545 -0.0000
vn 0.1420 0.9899 -0.0000
vn 0.0787 0.9969 -0.0000
vn -0.4178 0.9086 -0.0000
vn -0.4748 0.8801 -0.0000
vn -0.5828 0.8127 -0.0000
vn -0.8438 0.5366 -0.0000
vn -0.9252 -0.3796 -0.0000
vn -0.8694 -0.4940 -0.0000
vn -0.7168 -0.6973 -0.0000
vn 0.0291 -0.9996 -0.0000
vn 0.2227 -0.9720 -0.0751
vn 0.2842 -0.9558 -0.0751
vn 0.3444 -0.9358 -0.0751
vn 0.4033 -0.9120 -0.0751
vn 0.4606 -0.8845 -0.0751
vn 0.5159 -0.8533 -0.0751
vn 0.5692 -0.8187 -0.0751
vn 0.6202 -0.7808 -0.0751
vn 0.6687 -0.7398 -0.0751
vn 0.7144 -0.6957 -0.0751
vn 0.7572 -0.6488 -0.0750
vn 0.7970 -0.5993 -0.0750
vn 0.8336 -0.5473 -0.0751
vn 0.8667 -0.4931 -0.0751
vn 0.8963 -0.4369 -0.0751
vn 0.9224 -0.3790 -0.0751
vn 0.9446 -0.3195 -0.0751
vn 0.9630 -0.2587 -0.0751
vn 0.9776 -0.1968 -0.0751
vn 0.9881 -0.1342 -0.0751
vn 0.9946 -0.0710 -0.0751
vn 0.9971 -0.0076 -0.0751
vn 0.9956 0.0559 -0.0751
vn 0.9900 0.1192 -0.0751
vn 0.9804 0.1820 -0.0751
vn 0.9669 0.2441 -0.0751
vn 0.9494 0.3051 -0.0751
vn 0.9280 0.3650 -0.0751
vn 0.9029 0.4233 -0.0751
vn 0.8741 0.4799 -0.0751
vn 0.8418 0.5346 -0.0751
vn 0.8060 0.5871 -0.0751
vn 0.7670 0.6373 -0.0751
vn 0.7249 0.6848 -0.0751
vn 0.6798 0.7296 -0.0751
vn 0.6319 0.7714 -0.0751
vn 0.5816 0.8100 -0.0751
vn 0.5288 0.8454 -0.0751
vn 0.4739 0.8774 -0.0751
vn 0.4171 0.9058 -0.0751
vn 0.3586 0.9305 -0.0751
vn 0.2986 0.9514 -0.0751
vn 0.2374 0.9685 -0.0751
vn 0.1753 0.9817 -0.0751
vn 0.1124 0.9908 -0.0751
vn 0.0491 0.9960 -0.0751
vn -0.0144 0.9971 -0.0751
vn -0.0779 0.9941 -0.0751
vn -0.1410 0.9872 -0.0751
vn -0.2036 0.9762 -0.0751
vn -0.2653 0.9612 -0.0751
vn -0.3260 0.9424 -0.0751
vn -0.3853 0.9197 -0.0751
vn -0.4431 0.8933 -0.0751
vn -0.4991 0.8633 -0.0751
vn -0.5530 0.8298 -0.0751
vn -0.6047 0.7929 -0.0751
vn -0.6540 0.7528 -0.0751
vn -0.7006 0.7096 -0.0751
vn -0.7444 0.6635 -0.0751
vn -0.7851 0.6148 -0.0751
vn -0.8226 0.5636 -0.0751
vn -0.8568 0.5101 -0.0751
vn -0.8876 0.4545 -0.0751
vn -0.9147 0.3970 -0.0751
vn -0.9382 0.3380 -0.0751
vn -0.9578 0.2776 -0.0751
vn -0.9735 0.2160 -0.0751
vn -0.9853 0.1536 -0.0751
vn -0.9931 0.0906 -0.0751
vn -0.9968 0.0271 -0.0751
vn -0.9965 -0.0364 -0.0751
vn -0.9922 -0.0997 -0.0751
vn -0.9838 -0.1627 -0.0751
vn -0.9715 -0.2250 -0.0751
vn -0.9552 -0.2864 -0.0751
vn -0.9350 -0.3467 -0.0751
vn -0.9110 -0.4055 -0.0751
vn -0.8833 -0.4627 -0.0751
vn -0.8521 -0.5180 -0.0751
vn -0.8174 -0.5712 -0.0751
vn -0.7794 -0.6221 -0.0751
vn -0.7382 -0.6704 -0.0751
vn -0.6940 -0.7161 -0.0751
vn -0.6470 -0.7588 -0.0751
vn -0.5974 -0.7984 -0.0751
vn -0.5453 -0.8349 -0.0751
vn -0.4911 -0.8679 -0.0751
vn -0.4348 -0.8974 -0.0751
vn -0.3768 -0.9233 -0.0751
vn -0.3172 -0.9454 -0.0751
vn -0.2564 -0.9636 -0.0751
vn -0.1945 -0.9780 -0.0751
vn -0.1319 -0.9884 -0.0751
vn -0.0687 -0.9948 -0.0751
vn -0.0052 -0.9972 -0.0751
vn 0.0583 -0.9955 -0.0751
vn 0.1216 -0.9897 -0.0751
vn 0.1844 -0.9800 -0.0751
vn 0.3689 -0.9178 -0.1471
vn 0.4265 -0.8924 -0.1471
vn 0.4825 -0.8634 -0.1471
vn 0.5365 -0.8310 -0.1471
vn 0.5883 -0.7951 -0.1471
vn 0.6378 -0.7561 -0.1471
vn 0.6846 -0.7139 -0.1471
vn 0.7286 -0.6689 -0.1471
vn 0.7698 -0.6211 -0.1471
vn 0.8078 -0.5709 -0.1471
vn 0.8425 -0.5183 -0.1471
vn 0.8738 -0.4636 -0.1471
vn 0.9015 -0.4070 -0.1471
vn 0.9256 -0.3488 -0.1471
vn 0.9459 -0.2892 -0.1471
vn 0.9624 -0.2283 -0.1471
vn 0.9750 -0.1666 -0.1471
vn 0.9836 -0.1042 -0.1471
vn 0.9883 -0.0414 -0.1471
vn 0.9889 0.0216 -0.1471
vn 0.9855 0.0846 -0.1471
vn 0.9781 0.1472 -0.1471
vn 0.9668 0.2092 -0.1471
vn 0.9515 0.2703 -0.1471
vn 0.9323 0.3303 -0.1471
vn 0.9094 0.3890 -0.1471
vn 0.8828 0.4461 -0.1471
vn 0.8526 0.5014 -0.1471
vn 0.8190 0.5547 -0.1471
vn 0.7820 0.6057 -0.1471
vn 0.7418 0.6543 -0.1471
vn 0.6986 0.7002 -0.1471
vn 0.6527 0.7432 -0.1471
vn 0.6040 0.7833 -0.1471
vn 0.5529 0.8201 -0.1471
vn 0.4996 0.8537 -0.1471
vn 0.4442 0.8838 -0.1471
vn 0.3870 0.9102 -0.1471
vn 0.3283 0.9330 -0.1471
vn 0.2683 0.9520 -0.1471
vn 0.2071 0.9672 -0.1471
vn 0.1451 0.9784 -0.1471
vn 0.0825 0.9857 -0.1471
vn 0.0196 0.9889 -0.1471
vn -0.0434 0.9882 -0.1471
vn -0.1063 0.9834 -0.1471
vn -0.1687 0.9746 -0.1471
vn -0.2304 0.9619 -0.1471
vn -0.2911 0.9453 -0.1471
vn -0.3507 0.9248 -0.1471
vn -0.4090 0.9006 -0.1471
vn -0.4655 0.8728 -0.1471
vn -0.5201 0.8414 -0.1471
vn -0.5726 0.8065 -0.1471
vn -0.6228 0.7684 -0.1471
vn -0.6705 0.7272 -0.1471
vn -0.7154 0.6830 -0.1471
vn -0.7574 0.6361 -0.1471
vn -0.7964 0.5866 -0.1471
vn -0.8321 0.5347 -0.1471
vn -0.8645 0.4807 -0.1471
vn -0.8933 0.4247 -0.1471
vn -0.9185 0.3669 -0.1471
vn -0.9401 0.3077 -0.1471
vn -0.9577 0.2472 -0.1471
vn -0.9715 0.1857 -0.1471
vn -0.9814 0.1235 -0.1471
vn -0.9873 0.0608 -0.1471
vn -0.9891 -0.0022 -0.1471
vn -0.9870 -0.0652 -0.1471
vn -0.9808 -0.1279 -0.1471
vn -0.9707 -0.1901 -0.1471
vn -0.9566 -0.2515 -0.1471
vn -0.9386 -0.3119 -0.1471
vn -0.9169 -0.3711 -0.1471
vn -0.8914 -0.4287 -0.1471
vn -0.8623 -0.4846 -0.1471
vn -0.8297 -0.5385 -0.1471
vn -0.7937 -0.5902 -0.1471
vn -0.7545 -0.6396 -0.1471
vn -0.7123 -0.6863 -0.1471
vn -0.6671 -0.7303 -0.1471
vn -0.6193 -0.7713 -0.1471
vn -0.5689 -0.8091 -0.1471
vn -0.5163 -0.8437 -0.1471
vn -0.4615 -0.8749 -0.1471
vn -0.4049 -0.9025 -0.1471
vn -0.3466 -0.9264 -0.1471
vn -0.2869 -0.9466 -0.1471
vn -0.2261 -0.9629 -0.1471
vn -0.1643 -0.9754 -0.1471
vn -0.1018 -0.9839 -0.1471
vn -0.0390 -0.9884 -0.1471
vn 0.0240 -0.9888 -0.1471
vn 0.0869 -0.9853 -0.1471
vn 0.1495 -0.9778 -0.1471
vn 0.2114 -0.9663 -0.1471
vn 0.2725 -0.9508 -0.1471
vn 0.3325 -0.9316 -0.1471
vn 0.5015 -0.8384 -0.2136
vn 0.5539 -0.8047 -0.2136
vn 0.6040 -0.7678 -0.2135
vn 0.6516 -0.7278 -0.2135
vn 0.6967 -0.6849 -0.2135
vn 0.7389 -0.6391 -0.2135
vn 0.7781 -0.5908 -0.2135
vn 0.8141 -0.5400 -0.2135
vn 0.8468 -0.4871 -0.2135
vn 0.8761 -0.4322 -0.2135
vn 0.9019 -0.3755 -0.2136
vn 0.9240 -0.3173 -0.2135
vn 0.9423 -0.2579 -0.2135
vn 0.9568 -0.1974 -0.2135
vn 0.9674 -0.1360 -0.2135
vn 0.9741 -0.0742 -0.2135
vn 0.9769 -0.0120 -0.2135
vn 0.9756 0.0502 -0.2135
vn 0.9705 0.1122 -0.2135
vn 0.9614 0.1738 -0.2135
vn 0.9483 0.2347 -0.2135
vn 0.9315 0.2946 -0.2135
vn 0.9108 0.3533 -0.2135
vn 0.8865 0.4106 -0.2135
vn 0.8586 0.4661 -0.2135
vn 0.8271 0.5199 -0.2135
vn 0.7923 0.5715 -0.2135
vn 0.7543 0.6208 -0.2135
vn 0.7133 0.6675 -0.2135
vn 0.6693 0.7116 -0.2135
vn 0.6227 0.7528 -0.2135
vn 0.5735 0.7909 -0.2135
vn 0.5220 0.8258 -0.2135
vn 0.4684 0.8574 -0.2135
vn 0.4128 0.8854 -0.2135
vn 0.3556 0.9099 -0.2135
vn 0.2969 0.9307 -0.2135
vn 0.2371 0.9477 -0.2135
vn 0.1762 0.9609 -0.2135
vn 0.1147 0.9702 -0.2135
vn 0.0527 0.9755 -0.2135
vn -0.0095 0.9769 -0.2136
vn -0.0717 0.9743 -0.2136
vn -0.1336 0.9678 -0.2135
vn -0.1950 0.9573 -0.2135
vn -0.2555 0.9429 -0.2135
vn -0.3150 0.9247 -0.2136
vn -0.3733 0.9028 -0.2135
vn -0.4300 0.8772 -0.2135
vn -0.4850 0.8481 -0.2135
vn -0.5380 0.8155 -0.2135
vn -0.5888 0.7796 -0.2135
vn -0.6373 0.7405 -0.2135
vn -0.6831 0.6984 -0.2136
vn -0.7262 0.6535 -0.2135
vn -0.7663 0.6059 -0.2135
vn -0.8033 0.5559 -0.2135
vn -0.8371 0.5036 -0.2136
vn -0.8675 0.4493 -0.2135
vn -0.8943 0.3932 -0.2135
vn -0.9175 0.3355 -0.2135
vn -0.9370 0.2763 -0.2135
vn -0.9527 0.2161 -0.2135
vn -0.9646 0.1550 -0.2135
vn -0.9725 0.0933 -0.2135
vn -0.9764 0.0312 -0.2135
vn -0.9764 -0.0311 -0.2135
vn -0.9725 -0.0932 -0.2135
vn -0.9646 -0.1549 -0.2135
vn -0.9528 -0.2160 -0.2135
vn -0.9371 -0.2762 -0.2135
vn -0.9176 -0.3353 -0.2135
vn -0.8944 -0.3931 -0.2135
vn -0.8675 -0.4492 -0.2135
vn -0.8372 -0.5035 -0.2135
vn -0.8034 -0.5558 -0.2135
vn -0.7664 -0.6058 -0.2135
vn -0.7263 -0.6534 -0.2135
vn -0.6832 -0.6983 -0.2135
vn -0.6374 -0.7404 -0.2135
vn -0.5889 -0.7795 -0.2135
vn -0.5381 -0.8154 -0.2135
vn -0.4851 -0.8480 -0.2135
vn -0.4301 -0.8772 -0.2135
vn -0.3734 -0.9028 -0.2135
vn -0.3152 -0.9247 -0.2135
vn -0.2556 -0.9429 -0.2135
vn -0.1951 -0.9573 -0.2135
vn -0.1338 -0.9677 -0.2135
vn -0.0719 -0.9743 -0.2135
vn -0.0097 -0.9769 -0.2135
vn 0.0525 -0.9755 -0.2135
vn 0.1145 -0.9702 -0.2135
vn 0.1761 -0.9609 -0.2135
vn 0.2369 -0.9478 -0.2136
vn 0.2968 -0.9308 -0.2136
vn 0.3554 -0.9100 -0.2135
vn 0.4126 -0.8855 -0.2135
vn 0.4682 -0.8574 -0.2135
vn 0.6170 -0.7383 -0.2724
vn 0.6627 -0.6976 -0.2724
vn 0.7058 -0.6540 -0.2724
vn 0.7460 -0.6077 -0.2724
vn 0.7832 -0.5589 -0.2724
vn 0.8172 -0.5079 -0.2724
vn 0.8479 -0.4549 -0.2724
vn 0.8751 -0.3999 -0.2724
vn 0.8988 -0.3434 -0.2724
vn 0.9189 -0.2855 -0.2724
vn 0.9352 -0.2264 -0.2724
vn 0.9477 -0.1664 -0.2724
vn 0.9564 -0.1058 -0.2724
vn 0.9612 -0.0446 -0.2724
vn 0.9620 0.0166 -0.2724
vn 0.9590 0.0779 -0.2724
vn 0.9521 0.1387 -0.2724
vn 0.9414 0.1991 -0.2724
vn 0.9268 0.2586 -0.2724
vn 0.9084 0.3171 -0.2724
vn 0.8864 0.3743 -0.2724
vn 0.8608 0.4300 -0.2724
vn 0.8317 0.4839 -0.2724
vn 0.7992 0.5359 -0.2724
vn 0.7634 0.5857 -0.2724
vn 0.7246 0.6331 -0.2724
vn 0.6828 0.6780 -0.2724
vn 0.6382 0.7200 -0.2724
vn 0.5911 0.7592 -0.2724
vn 0.5416 0.7953 -0.2724
vn 0.4898 0.8282 -0.2724
vn 0.4361 0.8577 -0.2724
vn 0.3806 0.8837 -0.2724
vn 0.3236 0.9062 -0.2724
vn 0.2652 0.9249 -0.2724
vn 0.2058 0.9399 -0.2724
vn 0.1455 0.9511 -0.2724
vn 0.0847 0.9585 -0.2724
vn 0.0234 0.9619 -0.2724
vn -0.0378 0.9614 -0.2724
vn -0.0990 0.9571 -0.2724
vn -0.1597 0.9488 -0.2724
vn -0.2198 0.9367 -0.2724
vn -0.2790 0.9208 -0.2724
vn -0.3371 0.9012 -0.2724
vn -0.3937 0.8779 -0.2724
vn -0.4489 0.8511 -0.2724
vn -0.5021 0.8208 -0.2724
vn -0.5534 0.7871 -0.2724
vn -0.6024 0.7503 -0.2724
vn -0.6489 0.7104 -0.2724
vn -0.6928 0.6677 -0.2724
vn -0.7339 0.6222 -0.2724
vn -0.7721 0.5742 -0.2724
vn -0.8071 0.5239 -0.2724
vn -0.8388 0.4715 -0.2724
vn -0.8671 0.4171 -0.2724
vn -0.8919 0.3610 -0.2724
vn -0.9131 0.3035 -0.2724
vn -0.9305 0.2448 -0.2724
vn -0.9442 0.1850 -0.2724
vn -0.9541 0.1245 -0.2724
vn -0.9601 0.0635 -0.2724
vn -0.9622 0.0023 -0.2724
vn -0.9604 -0.0590 -0.2724
vn -0.9547 -0.1200 -0.2724
vn -0.9451 -0.1806 -0.2724
vn -0.9317 -0.2404 -0.2724
vn -0.9145 -0.2992 -0.2724
vn -0.8936 -0.3568 -0.2724
vn -0.8690 -0.4130 -0.2724
vn -0.8410 -0.4675 -0.2724
vn -0.8095 -0.5201 -0.2724
vn -0.7747 -0.5706 -0.2724
vn -0.7368 -0.6188 -0.2724
vn -0.6960 -0.6644 -0.2724
vn -0.6522 -0.7074 -0.2724
vn -0.6059 -0.7475 -0.2724
vn -0.5570 -0.7845 -0.2724
vn -0.5060 -0.8184 -0.2724
vn -0.4528 -0.8490 -0.2724
vn -0.3979 -0.8761 -0.2724
vn -0.3413 -0.8996 -0.2724
vn -0.2833 -0.9195 -0.2724
vn -0.2242 -0.9357 -0.2724
vn -0.1642 -0.9481 -0.2724
vn -0.1035 -0.9566 -0.2724
vn -0.0424 -0.9613 -0.2724
vn 0.0189 -0.9620 -0.2724
vn 0.0802 -0.9588 -0.2724
vn 0.1410 -0.9518 -0.2724
vn 0.2013 -0.9409 -0.2724
vn 0.2608 -0.9262 -0.2724
vn 0.3193 -0.9077 -0.2724
vn 0.3764 -0.8855 -0.2724
vn 0.4320 -0.8597 -0.2724
vn 0.4859 -0.8305 -0.2724
vn 0.5378 -0.7978 -0.2724
vn 0.5875 -0.7620 -0.2724
vn 0.7131 -0.6225 -0.3225
vn 0.7513 -0.5758 -0.3225
vn 0.7864 -0.5268 -0.3225
vn 0.8184 -0.4756 -0.3225
vn 0.8470 -0.4226 -0.3225
vn 0.8722 -0.3678 -0.3225
vn 0.8939 -0.3115 -0.3225
vn 0.9119 -0.2540 -0.3225
vn 0.9262 -0.1954 -0.3225
vn 0.9367 -0.1360 -0.3225
vn 0.9435 -0.0761 -0.3225
vn 0.9464 -0.0159 -0.3225
vn 0.9455 0.0444 -0.3225
vn 0.9408 0.1045 -0.3225
vn 0.9322 0.1642 -0.3225
vn 0.9199 0.2232 -0.3225
vn 0.9038 0.2813 -0.3225
vn 0.8840 0.3383 -0.3225
vn 0.8607 0.3939 -0.3225
vn 0.8339 0.4479 -0.3225
vn 0.8037 0.5001 -0.3225
vn 0.7702 0.5503 -0.3225
vn 0.7336 0.5982 -0.3225
vn 0.6940 0.6437 -0.3225
vn 0.6516 0.6866 -0.3225
vn 0.6066 0.7267 -0.3225
vn 0.5591 0.7638 -0.3225
vn 0.5093 0.7979 -0.3225
vn 0.4575 0.8287 -0.3225
vn 0.4038 0.8561 -0.3225
vn 0.3485 0.8801 -0.3225
vn 0.2917 0.9005 -0.3225
vn 0.2338 0.9172 -0.3225
vn 0.1749 0.9303 -0.3225
vn 0.1154 0.9395 -0.3225
vn 0.0553 0.9450 -0.3225
vn -0.0050 0.9466 -0.3225
vn -0.0652 0.9443 -0.3225
vn -0.1252 0.9382 -0.3225
vn -0.1847 0.9284 -0.3225
vn -0.2434 0.9147 -0.3225
vn -0.3012 0.8974 -0.3225
vn -0.3577 0.8764 -0.3225
vn -0.4128 0.8518 -0.3225
vn -0.4662 0.8238 -0.3225
vn -0.5177 0.7925 -0.3225
vn -0.5671 0.7579 -0.3225
vn -0.6142 0.7202 -0.3225
vn -0.6588 0.6797 -0.3225
vn -0.7008 0.6364 -0.3225
vn -0.7398 0.5904 -0.3225
vn -0.7759 0.5421 -0.3225
vn -0.8089 0.4917 -0.3225
vn -0.8385 0.4392 -0.3225
vn -0.8648 0.3848 -0.3225
vn -0.8876 0.3290 -0.3225
vn -0.9067 0.2718 -0.3225
vn -0.9222 0.2136 -0.3225
vn -0.9339 0.1544 -0.3225
vn -0.9418 0.0946 -0.3225
vn -0.9459 0.0345 -0.3225
vn -0.9462 -0.0258 -0.3225
vn -0.9427 -0.0860 -0.3225
vn -0.9353 -0.1459 -0.3225
vn -0.9241 -0.2051 -0.3225
vn -0.9091 -0.2635 -0.3225
vn -0.8905 -0.3209 -0.3225
vn -0.8683 -0.3769 -0.3225
vn -0.8425 -0.4314 -0.3225
vn -0.8134 -0.4842 -0.3225
vn -0.7809 -0.5350 -0.3225
vn -0.7452 -0.5836 -0.3225
vn -0.7066 -0.6299 -0.3225
vn -0.6650 -0.6736 -0.3225
vn -0.6208 -0.7146 -0.3225
vn -0.5740 -0.7527 -0.3225
vn -0.5249 -0.7877 -0.3225
vn -0.4737 -0.8195 -0.3225
vn -0.4205 -0.8480 -0.3225
vn -0.3657 -0.8731 -0.3225
vn -0.3094 -0.8946 -0.3225
vn -0.2518 -0.9125 -0.3225
vn -0.1932 -0.9266 -0.3225
vn -0.1338 -0.9371 -0.3225
vn -0.0739 -0.9437 -0.3225
vn -0.0136 -0.9465 -0.3225
vn 0.0467 -0.9454 -0.3225
vn 0.1068 -0.9405 -0.3225
vn 0.1664 -0.9318 -0.3225
vn 0.2254 -0.9193 -0.3225
vn 0.2835 -0.9031 -0.3225
vn 0.3404 -0.8832 -0.3225
vn 0.3960 -0.8598 -0.3225
vn 0.4499 -0.8328 -0.3225
vn 0.5020 -0.8025 -0.3225
vn 0.5521 -0.7689 -0.3225
vn 0.5999 -0.7322 -0.3225
vn 0.6453 -0.6925 -0.3225
vn 0.6881 -0.6500 -0.3225
vn 0.7891 -0.4953 -0.3633
vn 0.8190 -0.4440 -0.3633
vn 0.8457 -0.3910 -0.3633
vn 0.8688 -0.3364 -0.3633
vn 0.8885 -0.2804 -0.3633
vn 0.9045 -0.2232 -0.3633
vn 0.9169 -0.1652 -0.3633
vn 0.9256 -0.1065 -0.3633
vn 0.9305 -0.0473 -0.3633
vn 0.9316 0.0120 -0.3633
vn 0.9289 0.0713 -0.3633
vn 0.9225 0.1303 -0.3633
vn 0.9123 0.1888 -0.3633
vn 0.8985 0.2465 -0.3633
vn 0.8810 0.3032 -0.3633
vn 0.8599 0.3587 -0.3633
vn 0.8353 0.4127 -0.3633
vn 0.8073 0.4650 -0.3633
vn 0.7761 0.5155 -0.3633
vn 0.7417 0.5639 -0.3633
vn 0.7043 0.6099 -0.3633
vn 0.6640 0.6535 -0.3633
vn 0.6210 0.6945 -0.3633
vn 0.5755 0.7326 -0.3633
vn 0.5277 0.7678 -0.3633
vn 0.4778 0.7998 -0.3633
vn 0.4259 0.8286 -0.3633
vn 0.3723 0.8541 -0.3633
vn 0.3171 0.8760 -0.3633
vn 0.2607 0.8945 -0.3633
vn 0.2032 0.9092 -0.3633
vn 0.1449 0.9203 -0.3633
vn 0.0861 0.9277 -0.3633
vn 0.0268 0.9313 -0.3633
vn -0.0325 0.9311 -0.3633
vn -0.0918 0.9271 -0.3633
vn -0.1506 0.9194 -0.3633
vn -0.2089 0.9080 -0.3633
vn -0.2662 0.8928 -0.3633
vn -0.3226 0.8741 -0.3633
vn -0.3775 0.8517 -0.3633
vn -0.4310 0.8260 -0.3633
vn -0.4827 0.7969 -0.3633
vn -0.5325 0.7645 -0.3633
vn -0.5801 0.7291 -0.3633
vn -0.6253 0.6906 -0.3633
vn -0.6680 0.6494 -0.3633
vn -0.7080 0.6056 -0.3633
vn -0.7451 0.5593 -0.3633
vn -0.7792 0.5107 -0.3633
vn -0.8102 0.4601 -0.3633
vn -0.8378 0.4076 -0.3633
vn -0.8621 0.3534 -0.3633
vn -0.8828 0.2977 -0.3633
vn -0.9000 0.2409 -0.3633
vn -0.9135 0.1832 -0.3633
vn -0.9233 0.1246 -0.3633
vn -0.9294 0.0656 -0.3633
vn -0.9316 0.0063 -0.3633
vn -0.9302 -0.0531 -0.3633
vn -0.9249 -0.1122 -0.3633
vn -0.9159 -0.1708 -0.3633
vn -0.9031 -0.2288 -0.3633
vn -0.8867 -0.2858 -0.3633
vn -0.8667 -0.3417 -0.3633
vn -0.8432 -0.3962 -0.3633
vn -0.8163 -0.4491 -0.3633
vn -0.7860 -0.5002 -0.3633
vn -0.7526 -0.5492 -0.3633
vn -0.7161 -0.5960 -0.3633
vn -0.6767 -0.6404 -0.3633
vn -0.6346 -0.6822 -0.3633
vn -0.5899 -0.7212 -0.3633
vn -0.5427 -0.7573 -0.3633
vn -0.4934 -0.7903 -0.3633
vn -0.4421 -0.8201 -0.3633
vn -0.3890 -0.8466 -0.3633
vn -0.3343 -0.8696 -0.3633
vn -0.2783 -0.8892 -0.3633
vn -0.2211 -0.9051 -0.3633
vn -0.1630 -0.9173 -0.3633
vn -0.1043 -0.9258 -0.3633
vn -0.0451 -0.9306 -0.3633
vn 0.0142 -0.9316 -0.3633
vn 0.0735 -0.9288 -0.3633
vn 0.1325 -0.9222 -0.3633
vn 0.1909 -0.9119 -0.3633
vn 0.2486 -0.8979 -0.3633
vn 0.3053 -0.8802 -0.3633
vn 0.3607 -0.8590 -0.3633
vn 0.4147 -0.8343 -0.3633
vn 0.4670 -0.8062 -0.3633
vn 0.5173 -0.7748 -0.3633
vn 0.5656 -0.7403 -0.3633
vn 0.6116 -0.7028 -0.3633
vn 0.6551 -0.6624 -0.3633
vn 0.6960 -0.6194 -0.3633
vn 0.7340 -0.5738 -0.3633
vn 0.7690 -0.5259 -0.3633
vn 0.8451 -0.3606 -0.3947
vn 0.8663 -0.3061 -0.3947
vn 0.8840 -0.2503 -0.3947
vn 0.8982 -0.1935 -0.3947
vn 0.9087 -0.1359 -0.3947
vn 0.9155 -0.0778 -0.3947
vn 0.9186 -0.0194 -0.3947
vn 0.9180 0.0392 -0.3947
vn 0.9136 0.0976 -0.3947
vn 0.9055 0.1555 -0.3947
vn 0.8938 0.2128 -0.3947
vn 0.8784 0.2693 -0.3947
vn 0.8595 0.3247 -0.3947
vn 0.8371 0.3788 -0.3947
vn 0.8113 0.4313 -0.3947
vn 0.7822 0.4821 -0.3947
vn 0.7499 0.5309 -0.3947
vn 0.7145 0.5776 -0.3947
vn 0.6763 0.6219 -0.3947
vn 0.6354 0.6637 -0.3947
vn 0.5918 0.7028 -0.3947
vn 0.5459 0.7391 -0.3947
vn 0.4977 0.7723 -0.3947
vn 0.4475 0.8024 -0.3947
vn 0.3955 0.8293 -0.3947
vn 0.3419 0.8528 -0.3947
vn 0.2869 0.8728 -0.3947
vn 0.2308 0.8893 -0.3947
vn 0.1737 0.9022 -0.3947
vn 0.1159 0.9115 -0.3947
vn 0.0576 0.9170 -0.3947
vn -0.0009 0.9188 -0.3947
vn -0.0594 0.9169 -0.3947
vn -0.1176 0.9112 -0.3947
vn -0.1754 0.9019 -0.3947
vn -0.2325 0.8889 -0.3947
vn -0.2886 0.8723 -0.3947
vn -0.3436 0.8521 -0.3947
vn -0.3971 0.8285 -0.3947
vn -0.4491 0.8016 -0.3947
vn -0.4992 0.7714 -0.3947
vn -0.5473 0.7380 -0.3947
vn -0.5932 0.7017 -0.3947
vn -0.6366 0.6625 -0.3947
vn -0.6775 0.6206 -0.3947
vn -0.7157 0.5762 -0.3947
vn -0.7509 0.5294 -0.3947
vn -0.7831 0.4806 -0.3947
vn -0.8121 0.4297 -0.3947
vn -0.8378 0.3772 -0.3947
vn -0.8601 0.3230 -0.3947
vn -0.8790 0.2676 -0.3947
vn -0.8942 0.2111 -0.3947
vn -0.9058 0.1537 -0.3947
vn -0.9138 0.0958 -0.3947
vn -0.9180 0.0374 -0.3947
vn -0.9186 -0.0211 -0.3947
vn -0.9153 -0.0796 -0.3947
vn -0.9084 -0.1377 -0.3947
vn -0.8978 -0.1952 -0.3947
vn -0.8836 -0.2520 -0.3947
vn -0.8657 -0.3078 -0.3947
vn -0.8444 -0.3623 -0.3947
vn -0.8196 -0.4153 -0.3947
vn -0.7915 -0.4666 -0.3947
vn -0.7602 -0.5161 -0.3947
vn -0.7258 -0.5634 -0.3947
vn -0.6884 -0.6085 -0.3947
vn -0.6483 -0.6511 -0.3947
vn -0.6055 -0.6911 -0.3947
vn -0.5603 -0.7282 -0.3947
vn -0.5128 -0.7624 -0.3947
vn -0.4632 -0.7935 -0.3947
vn -0.4118 -0.8214 -0.3947
vn -0.3586 -0.8459 -0.3947
vn -0.3040 -0.8670 -0.3947
vn -0.2482 -0.8846 -0.3947
vn -0.1914 -0.8986 -0.3947
vn -0.1338 -0.9090 -0.3947
vn -0.0756 -0.9157 -0.3947
vn -0.0172 -0.9186 -0.3947
vn 0.0413 -0.9179 -0.3947
vn 0.0997 -0.9134 -0.3947
vn 0.1577 -0.9052 -0.3947
vn 0.2150 -0.8933 -0.3947
vn 0.2714 -0.8778 -0.3947
vn 0.3268 -0.8587 -0.3947
vn 0.3808 -0.8362 -0.3947
vn 0.4332 -0.8102 -0.3947
vn 0.4839 -0.7810 -0.3947
vn 0.5327 -0.7486 -0.3947
vn 0.5793 -0.7132 -0.3947
vn 0.6235 -0.6749 -0.3947
vn 0.6652 -0.6338 -0.3947
vn 0.7042 -0.5901 -0.3947
vn 0.7404 -0.5441 -0.3947
vn 0.7735 -0.4959 -0.3947
vn 0.8035 -0.4456 -0.3947
vn 0.8302 -0.3935 -0.3947
vn 0.8815 -0.2215 -0.4170
vn 0.8938 -0.1649 -0.4170
vn 0.9025 -0.1076 -0.4170
vn 0.9076 -0.0500 -0.4170
vn 0.9089 0.0079 -0.4170
vn 0.9065 0.0658 -0.4170
vn 0.9005 0.1234 -0.4170
vn 0.8908 0.1804 -0.4170
vn 0.8775 0.2368 -0.4170
vn 0.8607 0.2922 -0.4170
vn 0.8403 0.3464 -0.4170
vn 0.8166 0.3992 -0.4170
vn 0.7895 0.4504 -0.4170
vn 0.7592 0.4997 -0.4170
vn 0.7259 0.5471 -0.4170
vn 0.6896 0.5922 -0.4170
vn 0.6505 0.6349 -0.4170
vn 0.6087 0.6750 -0.4170
vn 0.5645 0.7124 -0.4170
vn 0.5180 0.7469 -0.4170
vn 0.4694 0.7783 -0.4170
vn 0.4189 0.8067 -0.4170
vn 0.3667 0.8317 -0.4170
vn 0.3130 0.8533 -0.4170
vn 0.2580 0.8715 -0.4170
vn 0.2020 0.8862 -0.4170
vn 0.1452 0.8973 -0.4170
vn 0.0877 0.9047 -0.4170
vn 0.0300 0.9084 -0.4169
vn -0.0279 0.9085 -0.4169
vn -0.0857 0.9049 -0.4170
vn -0.1432 0.8976 -0.4170
vn -0.2000 0.8866 -0.4170
vn -0.2561 0.8721 -0.4170
vn -0.3111 0.8540 -0.4170
vn -0.3648 0.8325 -0.4170
vn -0.4171 0.8076 -0.4170
vn -0.4677 0.7794 -0.4170
vn -0.5163 0.7480 -0.4170
vn -0.5629 0.7136 -0.4169
vn -0.6072 0.6763 -0.4170
vn -0.6491 0.6363 -0.4170
vn -0.6882 0.5937 -0.4170
vn -0.7246 0.5487 -0.4170
vn -0.7581 0.5014 -0.4170
vn -0.7885 0.4521 -0.4170
vn -0.8157 0.4010 -0.4170
vn -0.8396 0.3483 -0.4170
vn -0.8600 0.2941 -0.4170
vn -0.8770 0.2387 -0.4169
vn -0.8904 0.1824 -0.4170
vn -0.9002 0.1254 -0.4170
vn -0.9064 0.0678 -0.4170
vn -0.9089 0.0099 -0.4170
vn -0.9077 -0.0480 -0.4170
vn -0.9028 -0.1056 -0.4170
vn -0.8942 -0.1629 -0.4170
vn -0.8820 -0.2195 -0.4170
vn -0.8662 -0.2752 -0.4170
vn -0.8470 -0.3298 -0.4170
vn -0.8243 -0.3831 -0.4170
vn -0.7982 -0.4348 -0.4169
vn -0.7689 -0.4847 -0.4170
vn -0.7365 -0.5327 -0.4170
vn -0.7011 -0.5785 -0.4170
vn -0.6628 -0.6220 -0.4170
vn -0.6219 -0.6629 -0.4170
vn -0.5784 -0.7012 -0.4170
vn -0.5325 -0.7366 -0.4170
vn -0.4846 -0.7690 -0.4170
vn -0.4347 -0.7983 -0.4170
vn -0.3829 -0.8243 -0.4170
vn -0.3297 -0.8470 -0.4170
vn -0.2751 -0.8663 -0.4170
vn -0.2194 -0.8821 -0.4170
vn -0.1628 -0.8942 -0.4170
vn -0.1055 -0.9028 -0.4170
vn -0.0478 -0.9077 -0.4170
vn 0.0101 -0.9089 -0.4170
vn 0.0679 -0.9064 -0.4170
vn 0.1255 -0.9002 -0.4170
vn 0.1826 -0.8904 -0.4170
vn 0.2389 -0.8770 -0.4170
vn 0.2943 -0.8600 -0.4170
vn 0.3484 -0.8395 -0.4170
vn 0.4012 -0.8156 -0.4170
vn 0.4523 -0.7884 -0.4170
vn 0.5016 -0.7580 -0.4170
vn 0.5488 -0.7245 -0.4170
vn 0.5938 -0.6881 -0.4170
vn 0.6364 -0.6489 -0.4170
vn 0.6764 -0.6071 -0.4170
vn 0.7137 -0.5628 -0.4170
vn 0.7481 -0.5162 -0.4170
vn 0.7795 -0.4675 -0.4170
vn 0.8076 -0.4170 -0.4170
vn 0.8325 -0.3647 -0.4170
vn 0.8541 -0.3110 -0.4170
vn 0.8722 -0.2559 -0.4169
vn 0.8992 -0.0801 -0.4302
vn 0.9024 -0.0227 -0.4302
vn 0.9021 0.0348 -0.4302
vn 0.8980 0.0921 -0.4302
vn 0.8903 0.1491 -0.4302
vn 0.8790 0.2055 -0.4302
vn 0.8642 0.2611 -0.4302
vn 0.8458 0.3156 -0.4302
vn 0.8240 0.3688 -0.4302
vn 0.7988 0.4205 -0.4302
vn 0.7704 0.4705 -0.4302
vn 0.7389 0.5186 -0.4302
vn 0.7044 0.5646 -0.4302
vn 0.6670 0.6083 -0.4302
vn 0.6270 0.6495 -0.4302
vn 0.5843 0.6881 -0.4302
vn 0.5393 0.7239 -0.4302
vn 0.4921 0.7568 -0.4302
vn 0.4429 0.7866 -0.4302
vn 0.3919 0.8132 -0.4302
vn 0.3394 0.8365 -0.4302
vn 0.2854 0.8564 -0.4302
vn 0.2303 0.8729 -0.4302
vn 0.1743 0.8858 -0.4302
vn 0.1176 0.8950 -0.4302
vn 0.0603 0.9007 -0.4302
vn 0.0029 0.9027 -0.4302
vn -0.0546 0.9011 -0.4302
vn -0.1119 0.8958 -0.4302
vn -0.1687 0.8868 -0.4302
vn -0.2248 0.8743 -0.4302
vn -0.2801 0.8582 -0.4302
vn -0.3341 0.8386 -0.4302
vn -0.3868 0.8157 -0.4302
vn -0.4380 0.7894 -0.4302
vn -0.4873 0.7599 -0.4302
vn -0.5347 0.7273 -0.4302
vn -0.5800 0.6918 -0.4302
vn -0.6228 0.6535 -0.4302
vn -0.6632 0.6125 -0.4302
vn -0.7008 0.5690 -0.4302
vn -0.7356 0.5232 -0.4302
vn -0.7674 0.4753 -0.4302
vn -0.7962 0.4255 -0.4302
vn -0.8216 0.3740 -0.4302
vn -0.8438 0.3209 -0.4302
vn -0.8625 0.2665 -0.4302
vn -0.8777 0.2111 -0.4302
vn -0.8894 0.1547 -0.4302
vn -0.8974 0.0978 -0.4302
vn -0.9018 0.0405 -0.4302
vn -0.9026 -0.0170 -0.4302
vn -0.8997 -0.0745 -0.4302
vn -0.8931 -0.1316 -0.4302
vn -0.8829 -0.1882 -0.4302
vn -0.8691 -0.2440 -0.4302
vn -0.8518 -0.2989 -0.4302
vn -0.8311 -0.3525 -0.4302
vn -0.8069 -0.4047 -0.4302
vn -0.7795 -0.4553 -0.4302
vn -0.7489 -0.5040 -0.4302
vn -0.7153 -0.5506 -0.4302
vn -0.6789 -0.5951 -0.4302
vn -0.6396 -0.6371 -0.4302
vn -0.5977 -0.6765 -0.4302
vn -0.5534 -0.7132 -0.4302
vn -0.5069 -0.7470 -0.4302
vn -0.4583 -0.7777 -0.4302
vn -0.4078 -0.8053 -0.4302
vn -0.3557 -0.8297 -0.4302
vn -0.3022 -0.8506 -0.4302
vn -0.2475 -0.8682 -0.4302
vn -0.1917 -0.8822 -0.4302
vn -0.1351 -0.8926 -0.4302
vn -0.0780 -0.8994 -0.4302
vn -0.0206 -0.9025 -0.4302
vn 0.0369 -0.9020 -0.4302
vn 0.0943 -0.8978 -0.4302
vn 0.1513 -0.8900 -0.4302
vn 0.2076 -0.8785 -0.4302
vn 0.2631 -0.8635 -0.4302
vn 0.3176 -0.8450 -0.4302
vn 0.3707 -0.8231 -0.4302
vn 0.4224 -0.7978 -0.4302
vn 0.4723 -0.7693 -0.4302
vn 0.5204 -0.7377 -0.4302
vn 0.5663 -0.7030 -0.4302
vn 0.6099 -0.6656 -0.4302
vn 0.6510 -0.6254 -0.4302
vn 0.6895 -0.5826 -0.4302
vn 0.7252 -0.5376 -0.4302
vn 0.7580 -0.4903 -0.4302
vn 0.7876 -0.4411 -0.4302
vn 0.8141 -0.3900 -0.4302
vn 0.8373 -0.3374 -0.4302
vn 0.8571 -0.2834 -0.4302
vn 0.8734 -0.2282 -0.4302
vn 0.8862 -0.1722 -0.4302
vn 0.8953 -0.1154 -0.4302
vn 0.8985 0.0615 -0.4346
vn 0.8928 0.1186 -0.4346
vn 0.8834 0.1752 -0.4346
vn 0.8704 0.2311 -0.4346
vn 0.8540 0.2860 -0.4346
vn 0.8340 0.3398 -0.4346
vn 0.8107 0.3922 -0.4346
vn 0.7841 0.4431 -0.4346
vn 0.7543 0.4921 -0.4346
vn 0.7214 0.5391 -0.4346
vn 0.6856 0.5840 -0.4346
vn 0.6471 0.6264 -0.4346
vn 0.6059 0.6663 -0.4346
vn 0.5622 0.7036 -0.4346
vn 0.5163 0.7379 -0.4346
vn 0.4682 0.7693 -0.4346
vn 0.4183 0.7976 -0.4346
vn 0.3667 0.8226 -0.4346
vn 0.3135 0.8443 -0.4346
vn 0.2592 0.8625 -0.4346
vn 0.2037 0.8773 -0.4346
vn 0.1474 0.8885 -0.4346
vn 0.0906 0.8960 -0.4346
vn 0.0333 0.9000 -0.4346
vn -0.0240 0.9003 -0.4346
vn -0.0813 0.8969 -0.4346
vn -0.1382 0.8899 -0.4346
vn -0.1946 0.8793 -0.4346
vn -0.2502 0.8652 -0.4346
vn -0.3048 0.8475 -0.4346
vn -0.3581 0.8263 -0.4346
vn -0.4100 0.8019 -0.4346
vn -0.4602 0.7741 -0.4346
vn -0.5086 0.7433 -0.4346
vn -0.5549 0.7094 -0.4346
vn -0.5989 0.6726 -0.4346
vn -0.6405 0.6331 -0.4346
vn -0.6795 0.5910 -0.4346
vn -0.7158 0.5466 -0.4346
vn -0.7491 0.4999 -0.4346
vn -0.7794 0.4512 -0.4346
vn -0.8066 0.4006 -0.4346
vn -0.8305 0.3485 -0.4346
vn -0.8510 0.2949 -0.4346
vn -0.8680 0.2401 -0.4346
vn -0.8815 0.1843 -0.4346
vn -0.8915 0.1278 -0.4346
vn -0.8978 0.0708 -0.4346
vn -0.9005 0.0135 -0.4346
vn -0.8995 -0.0438 -0.4346
vn -0.8949 -0.1010 -0.4346
vn -0.8867 -0.1578 -0.4346
vn -0.8748 -0.2139 -0.4346
vn -0.8594 -0.2692 -0.4346
vn -0.8405 -0.3234 -0.4346
vn -0.8182 -0.3762 -0.4346
vn -0.7926 -0.4276 -0.4346
vn -0.7638 -0.4772 -0.4346
vn -0.7319 -0.5248 -0.4346
vn -0.6969 -0.5704 -0.4346
vn -0.6592 -0.6136 -0.4346
vn -0.6188 -0.6543 -0.4346
vn -0.5759 -0.6924 -0.4346
vn -0.5307 -0.7277 -0.4346
vn -0.4832 -0.7600 -0.4346
vn -0.4339 -0.7892 -0.4346
vn -0.3828 -0.8152 -0.4346
vn -0.3301 -0.8379 -0.4346
vn -0.2761 -0.8572 -0.4346
vn -0.2209 -0.8731 -0.4346
vn -0.1649 -0.8854 -0.4346
vn -0.1082 -0.8941 -0.4346
vn -0.0510 -0.8992 -0.4346
vn 0.0063 -0.9006 -0.4346
vn 0.0637 -0.8983 -0.4346
vn 0.1207 -0.8925 -0.4346
vn 0.1773 -0.8830 -0.4346
vn 0.2332 -0.8699 -0.4346
vn 0.2881 -0.8533 -0.4346
vn 0.3418 -0.8332 -0.4346
vn 0.3942 -0.8098 -0.4346
vn 0.4449 -0.7830 -0.4346
vn 0.4939 -0.7531 -0.4346
vn 0.5408 -0.7201 -0.4346
vn 0.5856 -0.6842 -0.4346
vn 0.6280 -0.6456 -0.4346
vn 0.6678 -0.6043 -0.4346
vn 0.7049 -0.5605 -0.4346
vn 0.7392 -0.5145 -0.4346
vn 0.7704 -0.4664 -0.4346
vn 0.7986 -0.4164 -0.4346
vn 0.8235 -0.3647 -0.4346
vn 0.8450 -0.3115 -0.4346
vn 0.8631 -0.2571 -0.4346
vn 0.8777 -0.2016 -0.4346
vn 0.8888 -0.1453 -0.4346
vn 0.8963 -0.0884 -0.4346
vn 0.9001 -0.0312 -0.4346
vn 0.9002 0.0262 -0.4346
vn 0.8798 0.2019 -0.4303
vn 0.8651 0.2575 -0.4303
vn 0.8470 0.3121 -0.4303
vn 0.8254 0.3654 -0.4304
vn 0.8005 0.4172 -0.4304
vn 0.7723 0.4673 -0.4303
vn 0.7410 0.5155 -0.4304
vn 0.7066 0.5617 -0.4303
vn 0.6694 0.6055 -0.4303
vn 0.6295 0.6469 -0.4304
vn 0.5871 0.6857 -0.4303
vn 0.5422 0.7217 -0.4303
vn 0.4952 0.7547 -0.4304
vn 0.4461 0.7847 -0.4303
vn 0.3952 0.8115 -0.4303
vn 0.3428 0.8351 -0.4303
vn 0.2889 0.8552 -0.4303
vn 0.2339 0.8718 -0.4303
vn 0.1779 0.8850 -0.4303
vn 0.1212 0.8945 -0.4303
vn 0.0640 0.9004 -0.4304
vn 0.0065 0.9026 -0.4304
vn -0.0510 0.9012 -0.4303
vn -0.1082 0.8961 -0.4303
vn -0.1651 0.8874 -0.4304
vn -0.2213 0.8751 -0.4303
vn -0.2765 0.8593 -0.4304
vn -0.3307 0.8399 -0.4304
vn -0.3835 0.8171 -0.4303
vn -0.4347 0.7911 -0.4303
vn -0.4842 0.7618 -0.4303
vn -0.5317 0.7294 -0.4303
vn -0.5771 0.6941 -0.4303
vn -0.6201 0.6559 -0.4303
vn -0.6606 0.6151 -0.4303
vn -0.6985 0.5718 -0.4303
vn -0.7335 0.5262 -0.4303
vn -0.7655 0.4784 -0.4304
vn -0.7944 0.4287 -0.4304
vn -0.8201 0.3772 -0.4303
vn -0.8424 0.3243 -0.4303
vn -0.8613 0.2700 -0.4304
vn -0.8768 0.2146 -0.4304
vn -0.8887 0.1583 -0.4304
vn -0.8969 0.1014 -0.4303
vn -0.9016 0.0441 -0.4303
vn -0.9026 -0.0134 -0.4304
vn -0.8999 -0.0708 -0.4304
vn -0.8935 -0.1280 -0.4304
vn -0.8836 -0.1846 -0.4304
vn -0.8700 -0.2405 -0.4304
vn -0.8530 -0.2954 -0.4304
vn -0.8324 -0.3491 -0.4303
vn -0.8085 -0.4014 -0.4303
vn -0.7813 -0.4521 -0.4303
vn -0.7509 -0.5009 -0.4303
vn -0.7175 -0.5477 -0.4303
vn -0.6812 -0.5923 -0.4303
vn -0.6421 -0.6344 -0.4303
vn -0.6004 -0.6740 -0.4304
vn -0.5563 -0.7109 -0.4304
vn -0.5099 -0.7448 -0.4303
vn -0.4614 -0.7758 -0.4303
vn -0.4111 -0.8036 -0.4303
vn -0.3591 -0.8282 -0.4304
vn -0.3056 -0.8493 -0.4303
vn -0.2509 -0.8671 -0.4304
vn -0.1952 -0.8813 -0.4304
vn -0.1387 -0.8919 -0.4303
vn -0.0817 -0.8990 -0.4303
vn -0.0243 -0.9023 -0.4303
vn 0.0333 -0.9021 -0.4303
vn 0.0906 -0.8981 -0.4303
vn 0.1476 -0.8905 -0.4303
vn 0.2040 -0.8793 -0.4304
vn 0.2596 -0.8645 -0.4303
vn 0.3141 -0.8462 -0.4303
vn 0.3674 -0.8245 -0.4303
vn 0.4191 -0.7995 -0.4303
vn 0.4692 -0.7712 -0.4303
vn 0.5173 -0.7397 -0.4303
vn 0.5633 -0.7053 -0.4303
vn 0.6071 -0.6680 -0.4304
vn 0.6484 -0.6280 -0.4303
vn 0.6871 -0.5854 -0.4303
vn 0.7230 -0.5405 -0.4303
vn 0.7559 -0.4934 -0.4303
vn 0.7858 -0.4442 -0.4303
vn 0.8125 -0.3933 -0.4303
vn 0.8359 -0.3408 -0.4303
vn 0.8559 -0.2869 -0.4303
vn 0.8724 -0.2318 -0.4304
vn 0.8854 -0.1757 -0.4303
vn 0.8948 -0.1190 -0.4303
vn 0.9005 -0.0618 -0.4304
vn 0.9027 -0.0044 -0.4304
vn 0.9011 0.0531 -0.4303
vn 0.8959 0.1104 -0.4303
vn 0.8870 0.1672 -0.4304
vn 0.8430 0.3395 -0.4173
vn 0.8197 0.3925 -0.4173
vn 0.7930 0.4439 -0.4173
vn 0.7631 0.4935 -0.4173
vn 0.7302 0.5411 -0.4173
vn 0.6942 0.5864 -0.4173
vn 0.6555 0.6295 -0.4173
vn 0.6141 0.6699 -0.4173
vn 0.5702 0.7077 -0.4173
vn 0.5240 0.7425 -0.4173
vn 0.4756 0.7744 -0.4173
vn 0.4254 0.8031 -0.4173
vn 0.3734 0.8286 -0.4173
vn 0.3199 0.8506 -0.4173
vn 0.2650 0.8693 -0.4173
vn 0.2091 0.8844 -0.4173
vn 0.1524 0.8959 -0.4173
vn 0.0951 0.9038 -0.4173
vn 0.0373 0.9080 -0.4173
vn -0.0206 0.9086 -0.4173
vn -0.0784 0.9054 -0.4173
vn -0.1358 0.8986 -0.4173
vn -0.1928 0.8881 -0.4173
vn -0.2489 0.8740 -0.4173
vn -0.3041 0.8564 -0.4173
vn -0.3580 0.8353 -0.4173
vn -0.4105 0.8108 -0.4173
vn -0.4613 0.7830 -0.4173
vn -0.5102 0.7521 -0.4172
vn -0.5570 0.7181 -0.4173
vn -0.6016 0.6811 -0.4173
vn -0.6438 0.6415 -0.4173
vn -0.6833 0.5992 -0.4173
vn -0.7201 0.5544 -0.4173
vn -0.7539 0.5075 -0.4173
vn -0.7847 0.4585 -0.4173
vn -0.8123 0.4076 -0.4173
vn -0.8366 0.3550 -0.4173
vn -0.8575 0.3010 -0.4173
vn -0.8749 0.2458 -0.4172
vn -0.8888 0.1896 -0.4172
vn -0.8991 0.1327 -0.4173
vn -0.9057 0.0751 -0.4173
vn -0.9086 0.0173 -0.4173
vn -0.9079 -0.0406 -0.4173
vn -0.9035 -0.0983 -0.4172
vn -0.8954 -0.1556 -0.4173
vn -0.8836 -0.2123 -0.4173
vn -0.8683 -0.2681 -0.4173
vn -0.8495 -0.3229 -0.4173
vn -0.8272 -0.3763 -0.4173
vn -0.8016 -0.4282 -0.4173
vn -0.7727 -0.4784 -0.4172
vn -0.7407 -0.5266 -0.4172
vn -0.7056 -0.5727 -0.4172
vn -0.6677 -0.6165 -0.4173
vn -0.6271 -0.6577 -0.4173
vn -0.5840 -0.6963 -0.4173
vn -0.5385 -0.7321 -0.4172
vn -0.4908 -0.7649 -0.4173
vn -0.4411 -0.7946 -0.4173
vn -0.3896 -0.8211 -0.4173
vn -0.3365 -0.8442 -0.4173
vn -0.2821 -0.8639 -0.4173
vn -0.2265 -0.8801 -0.4173
vn -0.1700 -0.8927 -0.4173
vn -0.1128 -0.9018 -0.4173
vn -0.0551 -0.9071 -0.4173
vn 0.0027 -0.9088 -0.4173
vn 0.0606 -0.9068 -0.4172
vn 0.1182 -0.9011 -0.4173
vn 0.1753 -0.8917 -0.4173
vn 0.2317 -0.8788 -0.4173
vn 0.2872 -0.8622 -0.4173
vn 0.3415 -0.8422 -0.4173
vn 0.3944 -0.8187 -0.4172
vn 0.4458 -0.7920 -0.4172
vn 0.4953 -0.7620 -0.4173
vn 0.5428 -0.7289 -0.4172
vn 0.5881 -0.6928 -0.4173
vn 0.6310 -0.6540 -0.4173
vn 0.6714 -0.6125 -0.4173
vn 0.7090 -0.5685 -0.4173
vn 0.7438 -0.5222 -0.4173
vn 0.7755 -0.4738 -0.4173
vn 0.8041 -0.4235 -0.4173
vn 0.8294 -0.3714 -0.4173
vn 0.8514 -0.3178 -0.4172
vn 0.8699 -0.2630 -0.4173
vn 0.8849 -0.2070 -0.4173
vn 0.8963 -0.1503 -0.4173
vn 0.9040 -0.0929 -0.4173
vn 0.9081 -0.0352 -0.4172
vn 0.9085 0.0227 -0.4172
vn 0.9052 0.0805 -0.4173
vn 0.8983 0.1380 -0.4173
vn 0.8876 0.1949 -0.4173
vn 0.8734 0.2510 -0.4173
vn 0.8557 0.3061 -0.4173
vn 0.7878 0.4724 -0.3952
vn 0.7562 0.5216 -0.3952
vn 0.7214 0.5687 -0.3952
vn 0.6838 0.6134 -0.3952
vn 0.6433 0.6557 -0.3952
vn 0.6003 0.6954 -0.3952
vn 0.5548 0.7322 -0.3952
vn 0.5070 0.7660 -0.3952
vn 0.4572 0.7967 -0.3952
vn 0.4056 0.8242 -0.3952
vn 0.3523 0.8484 -0.3952
vn 0.2975 0.8691 -0.3952
vn 0.2416 0.8863 -0.3952
vn 0.1847 0.8999 -0.3952
vn 0.1270 0.9098 -0.3952
vn 0.0688 0.9160 -0.3952
vn 0.0104 0.9186 -0.3952
vn -0.0481 0.9173 -0.3952
vn -0.1065 0.9124 -0.3952
vn -0.1643 0.9038 -0.3952
vn -0.2215 0.8915 -0.3952
vn -0.2779 0.8756 -0.3952
vn -0.3330 0.8561 -0.3952
vn -0.3869 0.8332 -0.3952
vn -0.4391 0.8069 -0.3952
vn -0.4896 0.7773 -0.3952
vn -0.5381 0.7445 -0.3952
vn -0.5844 0.7087 -0.3952
vn -0.6284 0.6701 -0.3952
vn -0.6697 0.6287 -0.3952
vn -0.7084 0.5848 -0.3952
vn -0.7442 0.5385 -0.3952
vn -0.7770 0.4900 -0.3952
vn -0.8066 0.4396 -0.3952
vn -0.8330 0.3873 -0.3952
vn -0.8559 0.3335 -0.3952
vn -0.8754 0.2783 -0.3952
vn -0.8914 0.2220 -0.3952
vn -0.9037 0.1648 -0.3952
vn -0.9124 0.1069 -0.3952
vn -0.9173 0.0486 -0.3952
vn -0.9186 -0.0099 -0.3952
vn -0.9161 -0.0683 -0.3952
vn -0.9099 -0.1265 -0.3952
vn -0.9000 -0.1842 -0.3952
vn -0.8864 -0.2411 -0.3952
vn -0.8693 -0.2971 -0.3952
vn -0.8486 -0.3518 -0.3952
vn -0.8245 -0.4051 -0.3952
vn -0.7970 -0.4568 -0.3952
vn -0.7663 -0.5066 -0.3952
vn -0.7325 -0.5544 -0.3952
vn -0.6957 -0.5999 -0.3952
vn -0.6561 -0.6430 -0.3952
vn -0.6138 -0.6834 -0.3952
vn -0.5691 -0.7211 -0.3952
vn -0.5220 -0.7559 -0.3952
vn -0.4728 -0.7876 -0.3952
vn -0.4217 -0.8161 -0.3952
vn -0.3689 -0.8413 -0.3952
vn -0.3145 -0.8631 -0.3952
vn -0.2590 -0.8814 -0.3952
vn -0.2023 -0.8961 -0.3952
vn -0.1449 -0.9071 -0.3952
vn -0.0868 -0.9145 -0.3952
vn -0.0284 -0.9182 -0.3952
vn 0.0301 -0.9181 -0.3952
vn 0.0885 -0.9143 -0.3952
vn 0.1466 -0.9068 -0.3952
vn 0.2040 -0.8957 -0.3952
vn 0.2606 -0.8809 -0.3952
vn 0.3162 -0.8625 -0.3952
vn 0.3704 -0.8406 -0.3952
vn 0.4232 -0.8153 -0.3952
vn 0.4743 -0.7867 -0.3952
vn 0.5234 -0.7549 -0.3952
vn 0.5704 -0.7201 -0.3952
vn 0.6151 -0.6823 -0.3952
vn 0.6573 -0.6418 -0.3952
vn 0.6968 -0.5986 -0.3952
vn 0.7335 -0.5530 -0.3952
vn 0.7672 -0.5052 -0.3952
vn 0.7978 -0.4553 -0.3952
vn 0.8252 -0.4036 -0.3952
vn 0.8492 -0.3503 -0.3952
vn 0.8698 -0.2955 -0.3952
vn 0.8868 -0.2395 -0.3952
vn 0.9003 -0.1825 -0.3952
vn 0.9101 -0.1248 -0.3952
vn 0.9162 -0.0666 -0.3952
vn 0.9186 -0.0082 -0.3952
vn 0.9172 0.0503 -0.3952
vn 0.9122 0.1086 -0.3952
vn 0.9034 0.1665 -0.3952
vn 0.8910 0.2237 -0.3952
vn 0.8749 0.2799 -0.3952
vn 0.8553 0.3351 -0.3952
vn 0.8323 0.3889 -0.3952
vn 0.8058 0.4410 -0.3952
vn 0.7140 0.5981 -0.3638
vn 0.6745 0.6424 -0.3638
vn 0.6322 0.6840 -0.3638
vn 0.5874 0.7229 -0.3638
vn 0.5402 0.7588 -0.3638
vn 0.4908 0.7917 -0.3638
vn 0.4394 0.8213 -0.3638
vn 0.3862 0.8476 -0.3638
vn 0.3315 0.8705 -0.3638
vn 0.2753 0.8898 -0.3638
vn 0.2181 0.9056 -0.3638
vn 0.1600 0.9176 -0.3638
vn 0.1013 0.9259 -0.3638
vn 0.0421 0.9305 -0.3638
vn -0.0172 0.9313 -0.3638
vn -0.0765 0.9283 -0.3638
vn -0.1354 0.9216 -0.3638
vn -0.1938 0.9111 -0.3638
vn -0.2514 0.8969 -0.3638
vn -0.3080 0.8791 -0.3638
vn -0.3634 0.8577 -0.3638
vn -0.4173 0.8328 -0.3638
vn -0.4694 0.8045 -0.3638
vn -0.5197 0.7730 -0.3638
vn -0.5679 0.7383 -0.3638
vn -0.6137 0.7007 -0.3638
vn -0.6571 0.6602 -0.3638
vn -0.6978 0.6170 -0.3638
vn -0.7357 0.5713 -0.3638
vn -0.7705 0.5233 -0.3638
vn -0.8023 0.4732 -0.3638
vn -0.8308 0.4212 -0.3638
vn -0.8559 0.3674 -0.3638
vn -0.8776 0.3122 -0.3638
vn -0.8957 0.2557 -0.3638
vn -0.9102 0.1981 -0.3638
vn -0.9209 0.1398 -0.3638
vn -0.9280 0.0808 -0.3638
vn -0.9312 0.0216 -0.3638
vn -0.9307 -0.0377 -0.3638
vn -0.9264 -0.0969 -0.3638
vn -0.9184 -0.1557 -0.3638
vn -0.9066 -0.2139 -0.3638
vn -0.8911 -0.2712 -0.3638
vn -0.8721 -0.3273 -0.3638
vn -0.8494 -0.3822 -0.3638
vn -0.8234 -0.4355 -0.3638
vn -0.7940 -0.4870 -0.3638
vn -0.7614 -0.5366 -0.3638
vn -0.7257 -0.5840 -0.3638
vn -0.6870 -0.6290 -0.3638
vn -0.6456 -0.6715 -0.3638
vn -0.6015 -0.7112 -0.3638
vn -0.5550 -0.7481 -0.3638
vn -0.5062 -0.7819 -0.3638
vn -0.4554 -0.8125 -0.3638
vn -0.4028 -0.8399 -0.3638
vn -0.3485 -0.8638 -0.3638
vn -0.2928 -0.8843 -0.3638
vn -0.2359 -0.9011 -0.3638
vn -0.1780 -0.9143 -0.3638
vn -0.1194 -0.9238 -0.3638
vn -0.0604 -0.9295 -0.3638
vn -0.0011 -0.9315 -0.3638
vn 0.0582 -0.9296 -0.3638
vn 0.1173 -0.9241 -0.3638
vn 0.1759 -0.9147 -0.3638
vn 0.2338 -0.9017 -0.3638
vn 0.2907 -0.8849 -0.3638
vn 0.3464 -0.8646 -0.3638
vn 0.4008 -0.8408 -0.3638
vn 0.4535 -0.8136 -0.3638
vn 0.5044 -0.7831 -0.3638
vn 0.5532 -0.7494 -0.3638
vn 0.5998 -0.7126 -0.3638
vn 0.6440 -0.6730 -0.3638
vn 0.6855 -0.6306 -0.3638
vn 0.7243 -0.5857 -0.3638
vn 0.7601 -0.5384 -0.3638
vn 0.7929 -0.4889 -0.3638
vn 0.8224 -0.4374 -0.3638
vn 0.8486 -0.3841 -0.3638
vn 0.8713 -0.3294 -0.3638
vn 0.8905 -0.2732 -0.3638
vn 0.9061 -0.2160 -0.3638
vn 0.9180 -0.1578 -0.3638
vn 0.9262 -0.0991 -0.3638
vn 0.9306 -0.0399 -0.3638
vn 0.9313 0.0194 -0.3638
vn 0.9281 0.0787 -0.3638
vn 0.9212 0.1376 -0.3638
vn 0.9106 0.1960 -0.3638
vn 0.8963 0.2536 -0.3638
vn 0.8783 0.3101 -0.3638
vn 0.8568 0.3654 -0.3638
vn 0.8318 0.4192 -0.3638
vn 0.8034 0.4713 -0.3638
vn 0.7718 0.5215 -0.3638
vn 0.7370 0.5696 -0.3638
vn 0.6214 0.7137 -0.3231
vn 0.5747 0.7519 -0.3231
vn 0.5257 0.7869 -0.3231
vn 0.4745 0.8188 -0.3231
vn 0.4214 0.8474 -0.3231
vn 0.3666 0.8725 -0.3231
vn 0.3103 0.8941 -0.3231
vn 0.2527 0.9120 -0.3231
vn 0.1942 0.9262 -0.3231
vn 0.1348 0.9367 -0.3231
vn 0.0749 0.9434 -0.3231
vn 0.0147 0.9463 -0.3231
vn -0.0456 0.9453 -0.3231
vn -0.1057 0.9405 -0.3231
vn -0.1653 0.9318 -0.3231
vn -0.2243 0.9194 -0.3231
vn -0.2824 0.9032 -0.3231
vn -0.3394 0.8834 -0.3231
vn -0.3949 0.8600 -0.3231
vn -0.4489 0.8332 -0.3231
vn -0.5010 0.8029 -0.3231
vn -0.5511 0.7693 -0.3231
vn -0.5990 0.7327 -0.3231
vn -0.6444 0.6931 -0.3231
vn -0.6872 0.6506 -0.3231
vn -0.7273 0.6055 -0.3231
vn -0.7644 0.5580 -0.3231
vn -0.7983 0.5082 -0.3231
vn -0.8291 0.4564 -0.3231
vn -0.8564 0.4027 -0.3231
vn -0.8803 0.3473 -0.3231
vn -0.9007 0.2906 -0.3231
vn -0.9173 0.2326 -0.3231
vn -0.9303 0.1738 -0.3231
vn -0.9395 0.1142 -0.3231
vn -0.9448 0.0541 -0.3231
vn -0.9464 -0.0062 -0.3231
vn -0.9440 -0.0664 -0.3231
vn -0.9379 -0.1264 -0.3231
vn -0.9279 -0.1858 -0.3231
vn -0.9142 -0.2445 -0.3231
vn -0.8968 -0.3023 -0.3231
vn -0.8757 -0.3587 -0.3231
vn -0.8511 -0.4138 -0.3231
vn -0.8231 -0.4671 -0.3231
vn -0.7916 -0.5186 -0.3231
vn -0.7570 -0.5679 -0.3231
vn -0.7193 -0.6150 -0.3231
vn -0.6787 -0.6596 -0.3231
vn -0.6353 -0.7014 -0.3231
vn -0.5894 -0.7404 -0.3231
vn -0.5411 -0.7765 -0.3231
vn -0.4905 -0.8093 -0.3231
vn -0.4380 -0.8389 -0.3231
vn -0.3837 -0.8651 -0.3231
vn -0.3278 -0.8878 -0.3231
vn -0.2706 -0.9069 -0.3231
vn -0.2123 -0.9222 -0.3231
vn -0.1532 -0.9339 -0.3231
vn -0.0934 -0.9418 -0.3231
vn -0.0333 -0.9458 -0.3231
vn 0.0270 -0.9460 -0.3231
vn 0.0872 -0.9423 -0.3231
vn 0.1470 -0.9349 -0.3231
vn 0.2062 -0.9236 -0.3231
vn 0.2646 -0.9086 -0.3231
vn 0.3219 -0.8899 -0.3231
vn 0.3779 -0.8676 -0.3231
vn 0.4324 -0.8418 -0.3231
vn 0.4851 -0.8126 -0.3231
vn 0.5359 -0.7800 -0.3231
vn 0.5845 -0.7443 -0.3231
vn 0.6307 -0.7056 -0.3231
vn 0.6743 -0.6640 -0.3231
vn 0.7152 -0.6197 -0.3231
vn 0.7532 -0.5729 -0.3231
vn 0.7882 -0.5238 -0.3231
vn 0.8199 -0.4726 -0.3231
vn 0.8484 -0.4194 -0.3231
vn 0.8733 -0.3645 -0.3231
vn 0.8948 -0.3082 -0.3231
vn 0.9126 -0.2506 -0.3231
vn 0.9267 -0.1920 -0.3231
vn 0.9370 -0.1326 -0.3231
vn 0.9436 -0.0726 -0.3231
vn 0.9463 -0.0124 -0.3231
vn 0.9452 0.0478 -0.3231
vn 0.9402 0.1079 -0.3231
vn 0.9314 0.1675 -0.3231
vn 0.9189 0.2265 -0.3231
vn 0.9026 0.2846 -0.3231
vn 0.8826 0.3415 -0.3231
vn 0.8591 0.3970 -0.3231
vn 0.8321 0.4508 -0.3231
vn 0.8017 0.5029 -0.3231
vn 0.7680 0.5529 -0.3231
vn 0.7313 0.6007 -0.3231
vn 0.6915 0.6461 -0.3231
vn 0.6490 0.6888 -0.3231
vn 0.5104 0.8154 -0.2730
vn 0.4575 0.8463 -0.2730
vn 0.4027 0.8737 -0.2730
vn 0.3462 0.8976 -0.2730
vn 0.2884 0.9178 -0.2730
vn 0.2294 0.9343 -0.2730
vn 0.1694 0.9470 -0.2730
vn 0.1087 0.9559 -0.2730
vn 0.0476 0.9608 -0.2730
vn -0.0136 0.9619 -0.2730
vn -0.0748 0.9591 -0.2730
vn -0.1357 0.9524 -0.2730
vn -0.1961 0.9418 -0.2730
vn -0.2557 0.9274 -0.2730
vn -0.3142 0.9093 -0.2730
vn -0.3714 0.8874 -0.2730
vn -0.4272 0.8620 -0.2730
vn -0.4812 0.8330 -0.2730
vn -0.5333 0.8007 -0.2730
vn -0.5832 0.7651 -0.2730
vn -0.6307 0.7264 -0.2730
vn -0.6757 0.6848 -0.2730
vn -0.7179 0.6404 -0.2730
vn -0.7572 0.5934 -0.2730
vn -0.7935 0.5440 -0.2730
vn -0.8265 0.4923 -0.2730
vn -0.8562 0.4387 -0.2730
vn -0.8824 0.3833 -0.2730
vn -0.9050 0.3264 -0.2730
vn -0.9239 0.2681 -0.2730
vn -0.9391 0.2087 -0.2730
vn -0.9505 0.1485 -0.2730
vn -0.9580 0.0877 -0.2730
vn -0.9617 0.0265 -0.2730
vn -0.9614 -0.0348 -0.2730
vn -0.9572 -0.0959 -0.2730
vn -0.9492 -0.1567 -0.2730
vn -0.9373 -0.2168 -0.2730
vn -0.9216 -0.2760 -0.2730
vn -0.9021 -0.3341 -0.2730
vn -0.8790 -0.3909 -0.2730
vn -0.8524 -0.4461 -0.2730
vn -0.8222 -0.4994 -0.2730
vn -0.7888 -0.5508 -0.2730
vn -0.7521 -0.5999 -0.2730
vn -0.7124 -0.6465 -0.2730
vn -0.6697 -0.6906 -0.2730
vn -0.6244 -0.7318 -0.2730
vn -0.5765 -0.7701 -0.2730
vn -0.5263 -0.8053 -0.2730
vn -0.4740 -0.8371 -0.2730
vn -0.4197 -0.8656 -0.2730
vn -0.3638 -0.8906 -0.2730
vn -0.3063 -0.9119 -0.2730
vn -0.2477 -0.9296 -0.2730
vn -0.1880 -0.9435 -0.2730
vn -0.1275 -0.9535 -0.2730
vn -0.0665 -0.9597 -0.2730
vn -0.0053 -0.9620 -0.2730
vn 0.0560 -0.9604 -0.2730
vn 0.1170 -0.9549 -0.2730
vn 0.1776 -0.9455 -0.2730
vn 0.2374 -0.9323 -0.2730
vn 0.2962 -0.9153 -0.2730
vn 0.3539 -0.8946 -0.2730
vn 0.4102 -0.8702 -0.2730
vn 0.4647 -0.8423 -0.2730
vn 0.5174 -0.8110 -0.2730
vn 0.5680 -0.7764 -0.2730
vn 0.6163 -0.7387 -0.2730
vn 0.6621 -0.6979 -0.2730
vn 0.7052 -0.6544 -0.2730
vn 0.7454 -0.6082 -0.2730
vn 0.7826 -0.5595 -0.2730
vn 0.8166 -0.5085 -0.2730
vn 0.8474 -0.4555 -0.2730
vn 0.8747 -0.4006 -0.2730
vn 0.8984 -0.3441 -0.2730
vn 0.9185 -0.2862 -0.2730
vn 0.9348 -0.2271 -0.2730
vn 0.9474 -0.1672 -0.2730
vn 0.9561 -0.1065 -0.2730
vn 0.9609 -0.0454 -0.2730
vn 0.9619 0.0159 -0.2730
vn 0.9589 0.0771 -0.2730
vn 0.9521 0.1380 -0.2730
vn 0.9413 0.1984 -0.2730
vn 0.9268 0.2579 -0.2730
vn 0.9085 0.3164 -0.2730
vn 0.8865 0.3735 -0.2730
vn 0.8610 0.4292 -0.2730
vn 0.8319 0.4832 -0.2730
vn 0.7994 0.5352 -0.2730
vn 0.7637 0.5850 -0.2730
vn 0.7249 0.6324 -0.2730
vn 0.6832 0.6773 -0.2730
vn 0.6387 0.7194 -0.2730
vn 0.5916 0.7587 -0.2730
vn 0.5421 0.7948 -0.2730
vn 0.3824 0.8988 -0.2141
vn 0.3244 0.9214 -0.2141
vn 0.2651 0.9402 -0.2140
vn 0.2047 0.9551 -0.2141
vn 0.1435 0.9662 -0.2141
vn 0.0817 0.9734 -0.2141
vn 0.0196 0.9766 -0.2141
vn -0.0427 0.9759 -0.2141
vn -0.1047 0.9712 -0.2141
vn -0.1664 0.9625 -0.2141
vn -0.2273 0.9500 -0.2141
vn -0.2873 0.9336 -0.2141
vn -0.3462 0.9134 -0.2141
vn -0.4036 0.8895 -0.2141
vn -0.4594 0.8620 -0.2141
vn -0.5134 0.8310 -0.2141
vn -0.5653 0.7966 -0.2141
vn -0.6149 0.7590 -0.2141
vn -0.6619 0.7183 -0.2141
vn -0.7063 0.6747 -0.2141
vn -0.7479 0.6284 -0.2141
vn -0.7863 0.5795 -0.2141
vn -0.8216 0.5283 -0.2141
vn -0.8536 0.4749 -0.2141
vn -0.8821 0.4196 -0.2141
vn -0.9070 0.3626 -0.2141
vn -0.9283 0.3041 -0.2141
vn -0.9458 0.2443 -0.2141
vn -0.9594 0.1836 -0.2141
vn -0.9691 0.1222 -0.2141
vn -0.9750 0.0602 -0.2141
vn -0.9768 -0.0020 -0.2141
vn -0.9747 -0.0642 -0.2141
vn -0.9686 -0.1261 -0.2141
vn -0.9587 -0.1875 -0.2141
vn -0.9448 -0.2481 -0.2141
vn -0.9271 -0.3078 -0.2141
vn -0.9056 -0.3662 -0.2141
vn -0.8804 -0.4231 -0.2141
vn -0.8517 -0.4783 -0.2141
vn -0.8195 -0.5316 -0.2141
vn -0.7840 -0.5827 -0.2141
vn -0.7453 -0.6314 -0.2141
vn -0.7036 -0.6776 -0.2141
vn -0.6590 -0.7210 -0.2141
vn -0.6118 -0.7615 -0.2141
vn -0.5621 -0.7989 -0.2141
vn -0.5100 -0.8331 -0.2141
vn -0.4560 -0.8639 -0.2141
vn -0.4000 -0.8911 -0.2141
vn -0.3425 -0.9148 -0.2141
vn -0.2835 -0.9348 -0.2141
vn -0.2234 -0.9509 -0.2141
vn -0.1624 -0.9632 -0.2141
vn -0.1008 -0.9716 -0.2141
vn -0.0387 -0.9761 -0.2141
vn 0.0235 -0.9765 -0.2141
vn 0.0856 -0.9731 -0.2141
vn 0.1474 -0.9656 -0.2141
vn 0.2086 -0.9543 -0.2141
vn 0.2689 -0.9391 -0.2141
vn 0.3282 -0.9200 -0.2141
vn 0.3861 -0.8973 -0.2141
vn 0.4425 -0.8709 -0.2141
vn 0.4970 -0.8409 -0.2141
vn 0.5495 -0.8076 -0.2141
vn 0.5998 -0.7710 -0.2141
vn 0.6477 -0.7312 -0.2141
vn 0.6929 -0.6885 -0.2141
vn 0.7354 -0.6430 -0.2141
vn 0.7748 -0.5948 -0.2141
vn 0.8111 -0.5443 -0.2141
vn 0.8441 -0.4915 -0.2141
vn 0.8737 -0.4368 -0.2141
vn 0.8998 -0.3803 -0.2141
vn 0.9221 -0.3222 -0.2141
vn 0.9408 -0.2629 -0.2141
vn 0.9556 -0.2024 -0.2141
vn 0.9666 -0.1412 -0.2141
vn 0.9736 -0.0794 -0.2141
vn 0.9767 -0.0172 -0.2141
vn 0.9758 0.0450 -0.2141
vn 0.9709 0.1070 -0.2141
vn 0.9622 0.1686 -0.2141
vn 0.9495 0.2296 -0.2141
vn 0.9329 0.2895 -0.2141
vn 0.9126 0.3484 -0.2141
vn 0.8886 0.4057 -0.2141
vn 0.8609 0.4615 -0.2141
vn 0.8298 0.5154 -0.2141
vn 0.7953 0.5672 -0.2141
vn 0.7576 0.6167 -0.2141
vn 0.7167 0.6637 -0.2141
vn 0.6730 0.7080 -0.2141
vn 0.6266 0.7494 -0.2141
vn 0.5776 0.7877 -0.2141
vn 0.5263 0.8229 -0.2141
vn 0.4728 0.8547 -0.2141
vn 0.4175 0.8831 -0.2141
vn 0.2402 0.9594 -0.1475
vn 0.1787 0.9728 -0.1475
vn 0.1164 0.9822 -0.1475
vn 0.0536 0.9876 -0.1475
vn -0.0094 0.9890 -0.1475
vn -0.0724 0.9864 -0.1475
vn -0.1350 0.9798 -0.1475
vn -0.1971 0.9692 -0.1475
vn -0.2584 0.9547 -0.1475
vn -0.3187 0.9363 -0.1475
vn -0.3776 0.9141 -0.1475
vn -0.4351 0.8882 -0.1475
vn -0.4908 0.8587 -0.1475
vn -0.5445 0.8257 -0.1475
vn -0.5959 0.7894 -0.1475
vn -0.6450 0.7498 -0.1475
vn -0.6914 0.7073 -0.1475
vn -0.7350 0.6618 -0.1475
vn -0.7757 0.6137 -0.1475
vn -0.8132 0.5630 -0.1475
vn -0.8474 0.5101 -0.1475
vn -0.8781 0.4551 -0.1475
vn -0.9053 0.3983 -0.1475
vn -0.9288 0.3398 -0.1475
vn -0.9486 0.2800 -0.1475
vn -0.9645 0.2190 -0.1475
vn -0.9765 0.1572 -0.1475
vn -0.9845 0.0947 -0.1475
vn -0.9885 0.0318 -0.1475
vn -0.9886 -0.0312 -0.1475
vn -0.9846 -0.0941 -0.1475
vn -0.9766 -0.1565 -0.1475
vn -0.9646 -0.2184 -0.1475
vn -0.9488 -0.2794 -0.1475
vn -0.9291 -0.3392 -0.1475
vn -0.9056 -0.3977 -0.1475
vn -0.8784 -0.4545 -0.1475
vn -0.8477 -0.5095 -0.1475
vn -0.8135 -0.5625 -0.1475
vn -0.7761 -0.6132 -0.1475
vn -0.7355 -0.6613 -0.1475
vn -0.6919 -0.7068 -0.1475
vn -0.6455 -0.7494 -0.1475
vn -0.5964 -0.7890 -0.1475
vn -0.5450 -0.8254 -0.1475
vn -0.4913 -0.8584 -0.1475
vn -0.4357 -0.8879 -0.1475
vn -0.3783 -0.9139 -0.1475
vn -0.3193 -0.9361 -0.1475
vn -0.2590 -0.9545 -0.1475
vn -0.1977 -0.9691 -0.1475
vn -0.1356 -0.9797 -0.1475
vn -0.0730 -0.9864 -0.1475
vn -0.0100 -0.9890 -0.1475
vn 0.0530 -0.9876 -0.1475
vn 0.1157 -0.9823 -0.1475
vn 0.1781 -0.9729 -0.1475
vn 0.2397 -0.9596 -0.1475
vn 0.3002 -0.9424 -0.1475
vn 0.3596 -0.9214 -0.1475
vn 0.4175 -0.8966 -0.1475
vn 0.4738 -0.8682 -0.1475
vn 0.5281 -0.8363 -0.1475
vn 0.5803 -0.8009 -0.1475
vn 0.6301 -0.7624 -0.1475
vn 0.6774 -0.7207 -0.1475
vn 0.7219 -0.6761 -0.1475
vn 0.7635 -0.6288 -0.1475
vn 0.8019 -0.5789 -0.1475
vn 0.8372 -0.5267 -0.1475
vn 0.8690 -0.4723 -0.1475
vn 0.8973 -0.4160 -0.1475
vn 0.9220 -0.3580 -0.1475
vn 0.9429 -0.2986 -0.1475
vn 0.9600 -0.2379 -0.1475
vn 0.9732 -0.1763 -0.1475
vn 0.9825 -0.1140 -0.1475
vn 0.9877 -0.0512 -0.1475
vn 0.9890 0.0118 -0.1475
vn 0.9862 0.0747 -0.1475
vn 0.9795 0.1373 -0.1475
vn 0.9687 0.1994 -0.1475
vn 0.9541 0.2607 -0.1475
vn 0.9355 0.3209 -0.1475
vn 0.9132 0.3798 -0.1475
vn 0.8872 0.4372 -0.1475
vn 0.8576 0.4928 -0.1475
vn 0.8244 0.5464 -0.1475
vn 0.7880 0.5978 -0.1475
vn 0.7483 0.6468 -0.1475
vn 0.7056 0.6931 -0.1475
vn 0.6601 0.7366 -0.1475
vn 0.6118 0.7771 -0.1475
vn 0.5611 0.8145 -0.1475
vn 0.5081 0.8486 -0.1475
vn 0.4530 0.8792 -0.1475
vn 0.3961 0.9063 -0.1475
vn 0.3376 0.9296 -0.1475
vn 0.2778 0.9493 -0.1475
vn 0.0881 0.9933 -0.0753
vn 0.0247 0.9969 -0.0753
vn -0.0388 0.9964 -0.0753
vn -0.1022 0.9919 -0.0753
vn -0.1651 0.9834 -0.0753
vn -0.2274 0.9709 -0.0753
vn -0.2888 0.9544 -0.0753
vn -0.3489 0.9341 -0.0753
vn -0.4077 0.9100 -0.0753
vn -0.4648 0.8822 -0.0753
vn -0.5200 0.8508 -0.0753
vn -0.5732 0.8160 -0.0753
vn -0.6240 0.7778 -0.0753
vn -0.6722 0.7365 -0.0753
vn -0.7178 0.6922 -0.0753
vn -0.7604 0.6451 -0.0753
vn -0.7999 0.5954 -0.0753
vn -0.8362 0.5432 -0.0753
vn -0.8691 0.4889 -0.0753
vn -0.8984 0.4326 -0.0753
vn -0.9242 0.3745 -0.0753
vn -0.9461 0.3149 -0.0753
vn -0.9643 0.2540 -0.0753
vn -0.9785 0.1921 -0.0753
vn -0.9887 0.1294 -0.0753
vn -0.9950 0.0662 -0.0753
vn -0.9972 0.0027 -0.0753
vn -0.9953 -0.0608 -0.0753
vn -0.9894 -0.1240 -0.0753
vn -0.9795 -0.1868 -0.0753
vn -0.9656 -0.2488 -0.0753
vn -0.9478 -0.3097 -0.0753
vn -0.9262 -0.3694 -0.0753
vn -0.9008 -0.4277 -0.0753
vn -0.8717 -0.4842 -0.0753
vn -0.8391 -0.5387 -0.0753
vn -0.8031 -0.5910 -0.0753
vn -0.7639 -0.6410 -0.0753
vn -0.7215 -0.6883 -0.0753
vn -0.6762 -0.7328 -0.0753
vn -0.6282 -0.7744 -0.0753
vn -0.5776 -0.8128 -0.0753
vn -0.5247 -0.8479 -0.0753
vn -0.4697 -0.8796 -0.0753
vn -0.4127 -0.9078 -0.0753
vn -0.3540 -0.9322 -0.0753
vn -0.2940 -0.9528 -0.0753
vn -0.2327 -0.9696 -0.0753
vn -0.1705 -0.9825 -0.0753
vn -0.1076 -0.9913 -0.0753
vn -0.0443 -0.9962 -0.0753
vn 0.0192 -0.9970 -0.0753
vn 0.0827 -0.9937 -0.0753
vn 0.1458 -0.9864 -0.0753
vn 0.2083 -0.9752 -0.0753
vn 0.2700 -0.9599 -0.0753
vn 0.3305 -0.9408 -0.0753
vn 0.3898 -0.9178 -0.0753
vn 0.4474 -0.8912 -0.0753
vn 0.5032 -0.8609 -0.0753
vn 0.5570 -0.8271 -0.0753
vn 0.6086 -0.7899 -0.0753
vn 0.6576 -0.7496 -0.0753
vn 0.7040 -0.7062 -0.0753
vn 0.7475 -0.6599 -0.0753
vn 0.7880 -0.6110 -0.0753
vn 0.8254 -0.5596 -0.0753
vn 0.8593 -0.5059 -0.0753
vn 0.8898 -0.4502 -0.0753
vn 0.9166 -0.3926 -0.0753
vn 0.9398 -0.3335 -0.0753
vn 0.9591 -0.2729 -0.0753
vn 0.9745 -0.2113 -0.0753
vn 0.9860 -0.1488 -0.0753
vn 0.9935 -0.0858 -0.0753
vn 0.9969 -0.0223 -0.0753
vn 0.9963 0.0412 -0.0753
vn 0.9917 0.1046 -0.0753
vn 0.9830 0.1675 -0.0753
vn 0.9703 0.2298 -0.0753
vn 0.9537 0.2910 -0.0753
vn 0.9333 0.3512 -0.0753
vn 0.9090 0.4099 -0.0753
vn 0.8811 0.4669 -0.0753
vn 0.8496 0.5221 -0.0753
vn 0.8146 0.5751 -0.0753
vn 0.7763 0.6258 -0.0753
vn 0.7349 0.6740 -0.0753
vn 0.6905 0.7194 -0.0753
vn 0.6433 0.7619 -0.0753
vn 0.5935 0.8013 -0.0753
vn 0.5413 0.8375 -0.0753
vn 0.4869 0.8702 -0.0753
vn 0.4305 0.8995 -0.0753
vn 0.3723 0.9250 -0.0753
vn 0.3127 0.9469 -0.0753
vn 0.2517 0.9649 -0.0753
vn 0.1898 0.9789 -0.0753
vn 0.1271 0.9890 -0.0753
vn 0.2662 0.1601 -0.9505
vn 0.1345 0.0805 -0.9876
vn 0.1524 0.0368 0.9876
vn 0.3021 0.0724 0.9505
vn 0.4459 0.1055 0.8889
vn 0.3920 0.2373 -0.8888
vn 0.5796 0.1346 0.8037
vn 0.6988 0.1585 0.6976
vn 0.5078 0.3103 -0.8037
vn 0.7993 0.1763 0.5745
vn 0.8786 0.1876 0.4392
vn 0.6095 0.3767 -0.6976
vn 0.9355 0.1926 0.2962
vn 0.9700 0.1920 0.1490
vn 0.6937 0.4345 -0.5745
vn 0.9825 0.1864 -0.0000
vn 0.9729 0.1767 -0.1489
vn 0.7582 0.4820 -0.4392
vn 0.9410 0.1634 -0.2962
vn 0.8862 0.1473 -0.4392
vn 0.8023 0.5183 -0.2961
vn 0.8083 0.1288 -0.5745
vn 0.7083 0.1085 -0.6976
vn 0.8265 0.5429 -0.1490
vn 0.5887 0.0871 -0.8037
vn 0.4536 0.0652 -0.8888
vn 0.8314 0.5556 -0.0000
vn 0.3076 0.0433 -0.9505
vn 0.1552 0.0215 -0.9876
vn 0.8178 0.5559 0.1489
vn -0.0000 -0.0000 -1.0000
vn -0.1552 -0.0215 -0.9876
vn 0.7858 0.5430 0.2962
vn -0.3076 -0.0433 -0.9505
vn -0.4536 -0.0652 -0.8888
vn 0.7354 0.5161 0.4392
vn -0.5887 -0.0871 -0.8037
vn -0.7083 -0.1085 -0.6976
vn 0.6668 0.4747 0.5745
vn -0.8083 -0.1288 -0.5745
vn -0.8862 -0.1473 -0.4392
vn 0.5812 0.4190 0.6976
vn -0.9410 -0.1634 -0.2962
vn -0.9729 -0.1767 -0.1490
vn 0.4809 0.3504 0.8037
vn -0.9825 -0.1864 0.0001
vn -0.9700 -0.1920 0.1490
vn 0.3692 0.2714 0.8888
vn -0.9355 -0.1926 0.2961
vn -0.8786 -0.1876 0.4392
vn 0.2498 0.1848 0.9505
vn -0.7993 -0.1763 0.5745
vn -0.6988 -0.1585 0.6976
vn 0.1259 0.0935 0.9876
vn -0.5796 -0.1346 0.8037
vn -0.4459 -0.1055 0.8889
vn -0.0000 -0.0000 1.0000
vn -0.3021 -0.0724 0.9505
vn -0.1524 -0.0368 0.9876
vn -0.1345 -0.0805 -0.9876
vn -0.2662 -0.1601 -0.9505
vn -0.3920 -0.2373 -0.8888
vn -0.5078 -0.3103 -0.8037
vn -0.6095 -0.3767 -0.6976
vn -0.6937 -0.4345 -0.5745
vn -0.7582 -0.4820 -0.4391
vn -0.8023 -0.5183 -0.2962
vn -0.8265 -0.5429 -0.1490
vn -0.8314 -0.5556 -0.0000
vn -0.8178 -0.5559 0.1489
vn -0.7858 -0.5430 0.2962
vn -0.7354 -0.5161 0.4392
vn -0.6668 -0.4747 0.5745
vn -0.5812 -0.4190 0.6976
vn -0.4809 -0.3504 0.8037
vn -0.3692 -0.2714 0.8889
vn -0.2498 -0.1848 0.9505
vn -0.1259 -0.0935 0.9876
vn 0.0271 -0.1544 -0.9876
vn -0.0542 0.3059 -0.9505
vn -0.0271 0.1544 -0.9876
vn -0.0813 0.4510 -0.8888
vn -0.1080 0.5852 -0.8037
vn -0.1336 0.7040 -0.6976
vn -0.1574 0.8033 -0.5745
vn -0.1787 0.8805 -0.4392
vn -0.1968 0.9346 -0.2962
vn -0.2112 0.9660 -0.1489
vn -0.2212 0.9752 -0.0000
vn -0.2263 0.9626 0.1489
vn -0.2257 0.9281 0.2961
vn -0.2187 0.8714 0.4392
vn -0.2046 0.7925 0.5745
vn -0.1832 0.6927 0.6976
vn -0.1551 0.5745 0.8037
vn -0.1212 0.4419 0.8888
vn -0.0831 0.2993 0.9505
vn -0.0422 0.1510 0.9876
vn 0.0542 -0.3059 -0.9505
vn 0.0813 -0.4510 -0.8888
vn 0.1080 -0.5852 -0.8037
vn 0.1336 -0.7040 -0.6976
vn 0.1574 -0.8032 -0.5745
vn 0.1787 -0.8804 -0.4392
vn 0.1968 -0.9346 -0.2961
vn 0.2112 -0.9660 -0.1490
vn 0.2212 -0.9752 -0.0000
vn 0.2263 -0.9626 0.1489
vn 0.2257 -0.9281 0.2961
vn 0.2187 -0.8714 0.4392
vn 0.2046 -0.7925 0.5745
vn 0.1832 -0.6927 0.6976
vn 0.1551 -0.5745 0.8037
vn 0.1212 -0.4419 0.8889
vn 0.0831 -0.2993 0.9505
vn 0.0422 -0.1510 0.9876
vn -0.2577 0.1734 -0.9505
vn -0.1299 0.0878 -0.9876
vn -0.3810 0.2547 -0.8888
vn -0.4960 0.3287 -0.8037
vn -0.5993 0.3927 -0.6976
vn -0.6873 0.4445 -0.5745
vn -0.7576 0.4828 -0.4392
vn -0.8092 0.5074 -0.2962
vn -0.8418 0.5189 -0.1489
vn -0.8554 0.5180 -0.0000
vn -0.8498 0.5056 0.1490
vn -0.8246 0.4820 0.2962
vn -0.7789 0.4477 0.4392
vn -0.7123 0.4032 0.5745
vn -0.6257 0.3492 0.6976
vn -0.5211 0.2874 0.8036
vn -0.4021 0.2196 0.8888
vn -0.2731 0.1481 0.9505
vn -0.1380 0.0745 0.9876
vn 0.1299 -0.0878 -0.9876
vn 0.2577 -0.1734 -0.9505
vn 0.3810 -0.2547 -0.8888
vn 0.4960 -0.3287 -0.8037
vn 0.5993 -0.3927 -0.6976
vn 0.6873 -0.4445 -0.5744
vn 0.7576 -0.4828 -0.4392
vn 0.8092 -0.5074 -0.2962
vn 0.8418 -0.5189 -0.1489
vn 0.8554 -0.5180 -0.0000
vn 0.8498 -0.5056 0.1490
vn 0.8246 -0.4820 0.2962
vn 0.7789 -0.4478 0.4392
vn 0.7124 -0.4032 0.5745
vn 0.6257 -0.3492 0.6976
vn 0.5211 -0.2873 0.8037
vn 0.4021 -0.2196 0.8888
vn 0.2731 -0.1481 0.9505
vn 0.1380 -0.0745 0.9876
vn 0.1539 -0.0300 -0.9876
vn -0.3051 0.0589 -0.9505
vn -0.1539 0.0300 -0.9876
vn -0.4502 0.0855 -0.8888
vn -0.5850 0.1086 -0.8037
vn -0.7051 0.1272 -0.6976
vn -0.8064 0.1405 -0.5745
vn -0.8861 0.1483 -0.4392
vn -0.9432 0.1508 -0.2962
vn -0.9776 0.1486 -0.1490
vn -0.9898 0.1425 -0.0000
vn -0.9798 0.1332 0.1490
vn -0.9474 0.1214 0.2962
vn -0.8919 0.1077 0.4391
vn -0.8133 0.0926 0.5745
vn -0.7124 0.0768 0.6976
vn -0.5919 0.0608 0.8037
vn -0.4560 0.0449 0.8888
vn -0.3093 0.0295 0.9505
vn -0.1561 0.0146 0.9876
vn 0.3051 -0.0589 -0.9505
vn 0.4502 -0.0855 -0.8888
vn 0.5850 -0.1086 -0.8037
vn 0.7051 -0.1272 -0.6976
vn 0.8064 -0.1405 -0.5745
vn 0.8861 -0.1483 -0.4391
vn 0.9432 -0.1508 -0.2962
vn 0.9776 -0.1486 -0.1490
vn 0.9898 -0.1425 -0.0000
vn 0.9798 -0.1332 0.1490
vn 0.9474 -0.1214 0.2962
vn 0.8919 -0.1077 0.4391
vn 0.8133 -0.0926 0.5745
vn 0.7124 -0.0768 0.6976
vn 0.5919 -0.0608 0.8037
vn 0.4560 -0.0449 0.8888
vn 0.3093 -0.0295 0.9505
vn 0.1561 -0.0146 0.9876
vn 0.1284 0.0899 -0.9876
vn -0.2542 -0.1786 -0.9505
vn -0.1285 -0.0899 -0.9876
vn -0.3741 -0.2645 -0.8888
vn -0.4844 -0.3455 -0.8037
vn -0.5812 -0.4191 -0.6976
vn -0.6611 -0.4827 -0.5745
vn -0.7220 -0.5346 -0.4392
vn -0.7634 -0.5740 -0.2962
vn -0.7858 -0.6003 -0.1490
vn -0.7899 -0.6133 -0.0000
vn -0.7763 -0.6126 0.1490
vn -0.7452 -0.5974 0.2962
vn -0.6969 -0.5670 0.4392
vn -0.6314 -0.5209 0.5745
vn -0.5500 -0.4593 0.6975
vn -0.4548 -0.3837 0.8037
vn -0.3490 -0.2969 0.8888
vn -0.2361 -0.2021 0.9505
vn -0.1189 -0.1022 0.9876
vn 0.2542 0.1786 -0.9505
vn 0.3741 0.2645 -0.8888
vn 0.4844 0.3455 -0.8037
vn 0.5812 0.4191 -0.6976
vn 0.6611 0.4827 -0.5745
vn 0.7220 0.5346 -0.4392
vn 0.7634 0.5740 -0.2962
vn 0.7858 0.6003 -0.1490
vn 0.7899 0.6133 -0.0000
vn 0.7763 0.6126 0.1490
vn 0.7452 0.5974 0.2962
vn 0.6969 0.5670 0.4392
vn 0.6314 0.5209 0.5744
vn 0.5500 0.4593 0.6975
vn 0.4548 0.3837 0.8037
vn 0.3490 0.2969 0.8888
vn 0.2360 0.2020 0.9505
vn 0.1189 0.1022 0.9876
vn -0.0480 -0.3070 -0.9505
vn -0.0245 -0.1548 -0.9876
vn -0.0695 -0.4530 -0.8888
vn -0.0878 -0.5885 -0.8037
vn -0.1021 -0.7092 -0.6976
vn -0.1117 -0.8109 -0.5745
vn -0.1167 -0.8908 -0.4392
vn -0.1171 -0.9479 -0.2962
vn -0.1137 -0.9823 -0.1489
vn -0.1072 -0.9942 -0.0000
vn -0.0983 -0.9839 0.1489
vn -0.0876 -0.9511 0.2962
vn -0.0759 -0.8952 0.4392
vn -0.0637 -0.8161 0.5745
vn -0.0515 -0.7147 0.6976
vn -0.0397 -0.5937 0.8037
vn -0.0287 -0.4573 0.8888
vn -0.0185 -0.3102 0.9505
vn -0.0091 -0.1565 0.9876
vn 0.0245 0.1549 -0.9876
vn 0.0480 0.3070 -0.9505
vn 0.0695 0.4530 -0.8888
vn 0.0878 0.5885 -0.8037
vn 0.1021 0.7092 -0.6976
vn 0.1117 0.8109 -0.5745
vn 0.1167 0.8908 -0.4392
vn 0.1171 0.9479 -0.2962
vn 0.1137 0.9823 -0.1490
vn 0.1072 0.9942 -0.0000
vn 0.0983 0.9839 0.1490
vn 0.0876 0.9511 0.2961
vn 0.0759 0.8952 0.4392
vn 0.0637 0.8160 0.5745
vn 0.0515 0.7147 0.6976
vn 0.0397 0.5937 0.8037
vn 0.0287 0.4573 0.8888
vn 0.0185 0.3102 0.9505
vn 0.0091 0.1565 0.9876
vn -0.0380 0.1521 -0.9876
vn 0.0758 -0.3013 -0.9505
vn 0.0380 -0.1521 -0.9876
vn 0.1131 -0.4440 -0.8888
vn 0.1493 -0.5761 -0.8037
vn 0.1833 -0.6927 -0.6976
vn 0.2141 -0.7900 -0.5745
vn 0.2408 -0.8655 -0.4392
vn 0.2627 -0.9183 -0.2961
vn 0.2793 -0.9486 -0.1490
vn 0.2900 -0.9570 -0.0000
vn 0.2942 -0.9441 0.1489
vn 0.2911 -0.9097 0.2962
vn 0.2800 -0.8536 0.4392
vn 0.2604 -0.7760 0.5745
vn 0.2320 -0.6780 0.6975
vn 0.1955 -0.5620 0.8037
vn 0.1523 -0.4322 0.8888
vn 0.1042 -0.2927 0.9505
vn 0.0528 -0.1476 0.9876
vn -0.0758 0.3013 -0.9505
vn -0.1131 0.4440 -0.8889
vn -0.1493 0.5760 -0.8037
vn -0.1833 0.6927 -0.6976
vn -0.2141 0.7900 -0.5745
vn -0.2408 0.8655 -0.4392
vn -0.2627 0.9183 -0.2962
vn -0.2793 0.9486 -0.1489
vn -0.2900 0.9570 -0.0000
vn -0.2942 0.9441 0.1490
vn -0.2911 0.9097 0.2961
vn -0.2800 0.8536 0.4392
vn -0.2604 0.7760 0.5745
vn -0.2320 0.6780 0.6975
vn -0.1955 0.5620 0.8037
vn -0.1523 0.4321 0.8888
vn -0.1042 0.2927 0.9505
vn -0.0528 0.1476 0.9876
vn 0.2695 -0.1547 -0.9505
vn 0.1358 -0.0783 -0.9876
vn 0.3981 -0.2270 -0.8888
vn 0.5181 -0.2926 -0.8037
vn 0.6257 -0.3491 -0.6976
vn 0.7171 -0.3946 -0.5745
vn 0.7900 -0.4278 -0.4391
vn 0.8432 -0.4487 -0.2962
vn 0.8765 -0.4578 -0.1490
vn 0.8900 -0.4560 -0.0000
vn 0.8836 -0.4439 0.1490
vn 0.8567 -0.4222 0.2962
vn 0.8087 -0.3913 0.4391
vn 0.7392 -0.3515 0.5745
vn 0.6489 -0.3038 0.6976
vn 0.5402 -0.2496 0.8037
vn 0.4168 -0.1905 0.8888
vn 0.2830 -0.1283 0.9505
vn 0.1429 -0.0645 0.9876
vn -0.1358 0.0783 -0.9876
vn -0.2695 0.1547 -0.9505
vn -0.3981 0.2270 -0.8888
vn -0.5181 0.2926 -0.8037
vn -0.6257 0.3491 -0.6976
vn -0.7172 0.3946 -0.5745
vn -0.7900 0.4278 -0.4392
vn -0.8432 0.4486 -0.2962
vn -0.8765 0.4578 -0.1490
vn -0.8900 0.4560 -0.0000
vn -0.8836 0.4439 0.1490
vn -0.8567 0.4222 0.2962
vn -0.8087 0.3913 0.4392
vn -0.7392 0.3515 0.5745
vn -0.6489 0.3039 0.6976
vn -0.5402 0.2496 0.8037
vn -0.4167 0.1905 0.8888
vn -0.2830 0.1283 0.9505
vn -0.1429 0.0645 0.9876
vn -0.0923 -0.1267 -0.9876
vn 0.1825 0.2515 -0.9505
vn 0.0923 0.1267 -0.9876
vn 0.2681 0.3717 -0.8888
vn 0.3461 0.4841 -0.8037
vn 0.4138 0.5850 -0.6976
vn 0.4687 0.6711 -0.5745
vn 0.5094 0.7400 -0.4392
vn 0.5359 0.7906 -0.2962
vn 0.5485 0.8228 -0.1490
vn 0.5481 0.8364 -0.0000
vn 0.5355 0.8313 0.1490
vn 0.5111 0.8069 0.2961
vn 0.4752 0.7625 0.4392
vn 0.4282 0.6975 0.5745
vn 0.3712 0.6129 0.6976
vn 0.3057 0.5106 0.8037
vn 0.2338 0.3941 0.8889
vn 0.1577 0.2677 0.9505
vn 0.0794 0.1353 0.9876
vn -0.1825 -0.2515 -0.9505
vn -0.2681 -0.3717 -0.8888
vn -0.3461 -0.4841 -0.8037
vn -0.4138 -0.5850 -0.6976
vn -0.4687 -0.6710 -0.5745
vn -0.5094 -0.7400 -0.4392
vn -0.5359 -0.7906 -0.2962
vn -0.5485 -0.8228 -0.1489
vn -0.5481 -0.8364 -0.0000
vn -0.5355 -0.8313 0.1490
vn -0.5111 -0.8069 0.2962
vn -0.4752 -0.7625 0.4392
vn -0.4282 -0.6976 0.5745
vn -0.3712 -0.6129 0.6976
vn -0.3057 -0.5105 0.8037
vn -0.2338 -0.3941 0.8889
vn -0.1577 -0.2677 0.9505
vn -0.0794 -0.1353 0.9876
vn 0.0697 0.3028 -0.9505
vn 0.0355 0.1527 -0.9876
vn 0.1015 0.4468 -0.8888
vn 0.1294 0.5808 -0.8037
vn 0.1522 0.7002 -0.6976
vn 0.1691 0.8008 -0.5745
vn 0.1797 0.8802 -0.4392
vn 0.1842 0.9372 -0.2961
vn 0.1832 0.9717 -0.1490
vn 0.1776 0.9841 -0.0000
vn 0.1679 0.9745 0.1490
vn 0.1550 0.9425 0.2962
vn 0.1393 0.8875 0.4391
vn 0.1215 0.8094 0.5745
vn 0.1021 0.7092 0.6976
vn 0.0818 0.5894 0.8037
vn 0.0611 0.4541 0.8888
vn 0.0405 0.3081 0.9505
vn 0.0202 0.1555 0.9876
vn -0.0355 -0.1527 -0.9876
vn -0.0697 -0.3028 -0.9505
vn -0.1015 -0.4468 -0.8888
vn -0.1294 -0.5808 -0.8037
vn -0.1522 -0.7002 -0.6976
vn -0.1691 -0.8009 -0.5744
vn -0.1797 -0.8802 -0.4392
vn -0.1842 -0.9372 -0.2962
vn -0.1832 -0.9717 -0.1489
vn -0.1776 -0.9841 -0.0000
vn -0.1679 -0.9745 0.1489
vn -0.1550 -0.9425 0.2962
vn -0.1393 -0.8875 0.4392
vn -0.1215 -0.8094 0.5745
vn -0.1021 -0.7092 0.6976
vn -0.0818 -0.5894 0.8037
vn -0.0611 -0.4541 0.8888
vn -0.0405 -0.3081 0.9505
vn -0.0202 -0.1555 0.9876
vn 0.0853 -0.1316 -0.9876
vn -0.1695 0.2604 -0.9505
vn -0.0853 0.1316 -0.9876
vn -0.2511 0.3833 -0.8889
vn -0.3281 0.4964 -0.8037
vn -0.3981 0.5957 -0.6976
vn -0.4589 0.6778 -0.5745
vn -0.5086 0.7406 -0.4392
vn -0.5465 0.7834 -0.2962
vn -0.5720 0.8066 -0.1490
vn -0.5848 0.8112 -0.0000
vn -0.5846 0.7975 0.1490
vn -0.5706 0.7660 0.2961
vn -0.5419 0.7166 0.4392
vn -0.4981 0.6495 0.5745
vn -0.4394 0.5660 0.6976
vn -0.3673 0.4681 0.8037
vn -0.2843 0.3593 0.8888
vn -0.1935 0.2431 0.9505
vn -0.0979 0.1225 0.9876
vn 0.1695 -0.2604 -0.9505
vn 0.2511 -0.3833 -0.8888
vn 0.3281 -0.4964 -0.8037
vn 0.3981 -0.5957 -0.6976
vn 0.4589 -0.6778 -0.5745
vn 0.5086 -0.7406 -0.4392
vn 0.5465 -0.7834 -0.2962
vn 0.5720 -0.8066 -0.1490
vn 0.5848 -0.8112 -0.0000
vn 0.5846 -0.7975 0.1490
vn 0.5705 -0.7660 0.2962
vn 0.5419 -0.7166 0.4391
vn 0.4981 -0.6495 0.5745
vn 0.4394 -0.5660 0.6976
vn 0.3673 -0.4681 0.8037
vn 0.2843 -0.3593 0.8888
vn 0.1935 -0.2431 0.9505
vn 0.0979 -0.1225 0.9876
vn -0.3038 -0.0650 -0.9505
vn -0.1534 -0.0325 -0.9876
vn -0.4478 -0.0973 -0.8888
vn -0.5810 -0.1287 -0.8037
vn -0.6988 -0.1585 -0.6976
vn -0.7971 -0.1859 -0.5745
vn -0.8735 -0.2099 -0.4392
vn -0.9271 -0.2299 -0.2962
vn -0.9579 -0.2454 -0.1489
vn -0.9667 -0.2557 -0.0000
vn -0.9539 -0.2604 0.1490
vn -0.9195 -0.2586 0.2961
vn -0.8631 -0.2495 0.4392
vn -0.7847 -0.2326 0.5745
vn -0.6857 -0.2077 0.6976
vn -0.5687 -0.1754 0.8036
vn -0.4373 -0.1369 0.8888
vn -0.2962 -0.0937 0.9505
vn -0.1494 -0.0476 0.9876
vn 0.1534 0.0325 -0.9876
vn 0.3038 0.0650 -0.9505
vn 0.4478 0.0973 -0.8888
vn 0.5810 0.1287 -0.8037
vn 0.6987 0.1585 -0.6976
vn 0.7972 0.1859 -0.5744
vn 0.8735 0.2099 -0.4392
vn 0.9271 0.2299 -0.2961
vn 0.9579 0.2454 -0.1489
vn 0.9667 0.2557 -0.0000
vn 0.9539 0.2604 0.1490
vn 0.9195 0.2586 0.2962
vn 0.8631 0.2495 0.4392
vn 0.7848 0.2326 0.5745
vn 0.6857 0.2077 0.6976
vn 0.5686 0.1754 0.8037
vn 0.4373 0.1369 0.8889
vn 0.2962 0.0937 0.9505
vn 0.1494 0.0476 0.9876
vn 0.0831 0.1330 -0.9876
vn -0.1642 -0.2638 -0.9505
vn -0.0831 -0.1330 -0.9876
vn -0.2410 -0.3898 -0.8888
vn -0.3108 -0.5074 -0.8037
vn -0.3711 -0.6129 -0.6976
vn -0.4198 -0.7027 -0.5745
vn -0.4556 -0.7743 -0.4392
vn -0.4783 -0.8267 -0.2961
vn -0.4886 -0.8597 -0.1490
vn -0.4873 -0.8732 -0.0000
vn -0.4751 -0.8673 0.1490
vn -0.4524 -0.8412 0.2961
vn -0.4198 -0.7943 0.4392
vn -0.3776 -0.7262 0.5745
vn -0.3267 -0.6377 0.6976
vn -0.2687 -0.5310 0.8036
vn -0.2052 -0.4097 0.8889
vn -0.1383 -0.2782 0.9505
vn -0.0695 -0.1405 0.9876
vn 0.1642 0.2637 -0.9505
vn 0.2410 0.3898 -0.8888
vn 0.3108 0.5074 -0.8037
vn 0.3712 0.6129 -0.6976
vn 0.4198 0.7027 -0.5745
vn 0.4556 0.7743 -0.4392
vn 0.4783 0.8267 -0.2962
vn 0.4886 0.8597 -0.1489
vn 0.4873 0.8732 -0.0000
vn 0.4751 0.8673 0.1489
vn 0.4524 0.8412 0.2962
vn 0.4198 0.7943 0.4392
vn 0.3776 0.7262 0.5745
vn 0.3267 0.6377 0.6976
vn 0.2686 0.5310 0.8037
vn 0.2052 0.4097 0.8888
vn 0.1383 0.2782 0.9505
vn 0.0695 0.1405 0.9876
vn 0.1875 -0.2477 -0.9505
vn 0.0944 -0.1252 -0.9876
vn 0.2777 -0.3645 -0.8888
vn 0.3625 -0.4718 -0.8037
vn 0.4394 -0.5659 -0.6976
vn 0.5059 -0.6435 -0.5745
vn 0.5600 -0.7025 -0.4392
vn 0.6008 -0.7426 -0.2961
vn 0.6278 -0.7640 -0.1489
vn 0.6410 -0.7676 -0.0000
vn 0.6398 -0.7540 0.1490
vn 0.6235 -0.7235 0.2962
vn 0.5914 -0.6763 0.4392
vn 0.5430 -0.6125 0.5745
vn 0.4785 -0.5333 0.6976
vn 0.3997 -0.4409 0.8037
vn 0.3091 -0.3382 0.8888
vn 0.2103 -0.2287 0.9505
vn 0.1063 -0.1152 0.9876
vn -0.0944 0.1252 -0.9876
vn -0.1875 0.2477 -0.9505
vn -0.2777 0.3645 -0.8888
vn -0.3626 0.4719 -0.8037
vn -0.4395 0.5659 -0.6976
vn -0.5059 0.6435 -0.5745
vn -0.5600 0.7025 -0.4392
vn -0.6007 0.7425 -0.2962
vn -0.6278 0.7640 -0.1489
vn -0.6410 0.7676 -0.0000
vn -0.6398 0.7540 0.1489
vn -0.6235 0.7235 0.2962
vn -0.5914 0.6763 0.4392
vn -0.5430 0.6125 0.5745
vn -0.4785 0.5333 0.6976
vn -0.3996 0.4409 0.8037
vn -0.3091 0.3382 0.8889
vn -0.2103 0.2287 0.9505
vn -0.1063 0.1152 0.9876
vn -0.1556 0.0190 -0.9876
vn 0.3085 -0.0371 -0.9505
vn 0.1556 -0.0190 -0.9876
vn 0.4551 -0.0533 -0.8888
vn 0.5913 -0.0668 -0.8037
vn 0.7124 -0.0768 -0.6976
vn 0.8143 -0.0828 -0.5745
vn 0.8944 -0.0849 -0.4392
vn 0.9515 -0.0834 -0.2962
vn 0.9857 -0.0788 -0.1489
vn 0.9974 -0.0718 -0.0000
vn 0.9868 -0.0632 0.1489
vn 0.9536 -0.0538 0.2962
vn 0.8973 -0.0440 0.4392
vn 0.8178 -0.0346 0.5745
vn 0.7160 -0.0260 0.6976
vn 0.5948 -0.0186 0.8037
vn 0.4580 -0.0124 0.8888
vn 0.3106 -0.0075 0.9505
vn 0.1567 -0.0035 0.9876
vn -0.3085 0.0371 -0.9505
vn -0.4551 0.0533 -0.8888
vn -0.5913 0.0668 -0.8037
vn -0.7124 0.0768 -0.6976
vn -0.8143 0.0828 -0.5745
vn -0.8944 0.0849 -0.4392
vn -0.9515 0.0834 -0.2961
vn -0.9857 0.0788 -0.1489
vn -0.9974 0.0718 -0.0000
vn -0.9868 0.0632 0.1490
vn -0.9536 0.0538 0.2962
vn -0.8973 0.0440 0.4391
vn -0.8178 0.0346 0.5745
vn -0.7160 0.0260 0.6976
vn -0.5947 0.0186 0.8037
vn -0.4580 0.0124 0.8888
vn -0.3106 0.0075 0.9505
vn -0.1567 0.0035 0.9876
s 1
usemtl Material.009
f 2180//1 2//2 4//3 2181//4
f 2181//4 4//3 6//5 2281//6
f 2281//6 6//5 8//7 2381//8
f 2381//8 8//7 10//9 2481//10
f 2481//10 10//9 12//11 2581//12
f 2581//12 12//11 14//13 2681//14
f 2681//14 14//13 16//15 2781//16
f 2781//16 16//15 18//17 2881//18
f 2881//18 18//17 20//19 2981//20
f 2981//20 20//19 22//21 3081//22
f 3081//22 22//21 24//23 3181//24
f 3181//24 24//23 26//25 3281//26
f 3281//26 26//25 28//27 3381//28
f 3381//28 28//27 30//29 3481//30
f 3481//30 30//29 32//31 3581//32
f 3581//32 32//31 34//33 3681//34
f 3681//34 34//33 36//35 3781//36
f 3781//36 36//35 38//37 3881//38
f 3881//38 38//37 40//39 3981//40
f 3981//40 40//39 42//41 4081//42
f 4081//42 42//41 44//43 4181//44
f 4181//44 44//43 46//45 4281//46
f 4281//46 46//45 48//47 4381//48
f 4381//48 48//47 50//49 4481//50
f 4481//50 50//49 52//51 4581//52
f 4581//52 52//51 54//53 4681//54
f 4681//54 54//53 56//55 4781//56
f 4781//56 56//55 58//57 4881//58
f 4881//58 58//57 60//59 4981//60
f 4981//60 60//59 62//61 5081//62
f 5081//62 62//61 64//63 5181//64
f 5181//64 64//63 66//65 5281//66
f 5281//66 66//65 68//67 5381//68
f 5381//68 68//67 70//69 5481//70
f 5481//70 70//69 72//71 5581//72
f 5581//72 72//71 74//73 5681//74
f 5681//74 74//73 76//75 5781//76
f 5781//76 76//75 78//77 5881//78
f 4//3 2//2 80//79 78//77 76//75 74//73 72//71 70//69 68//67 66//65 64//63 62//61 60//59 58//57 56//55 54//53 52//51 50//49 48//47 46//45 44//43 42//41 40//39 38//37 36//35 34//33 32//31 30//29 28//27 26//25 24//23 22//21 20//19 18//17 16//15 14//13 12//11 10//9 8//7 6//5
f 5881//78 78//77 80//79 5981//80
f 5981//80 80//79 2//2 2180//1
f 1//81 3//82 5//83 7//84 9//85 11//86 13//87 15//88 17//89 19//90 21//91 23//92 25//93 27//94 29//95 31//96 33//97 35//98 37//99 39//100 41//101 43//102 45//103 47//104 49//105 51//106 53//107 55//108 57//109 59//110 61//111 63//112 65//113 67//114 69//115 71//116 73//117 75//118 77//119 79//120
f 6180//121 82//122 84//123 6181//124
f 6181//124 84//123 86//125 6281//126
f 6281//126 86//125 88//127 6381//128
f 6381//128 88//127 90//129 6481//130
f 6481//130 90//129 92//131 6581//132
f 6581//132 92//131 94//133 6681//134
f 6681//134 94//133 96//135 6781//136
f 6781//136 96//135 98//137 6881//138
f 6881//138 98//137 100//139 6981//140
f 6981//140 100//139 102//141 7081//142
f 7081//142 102//141 104//143 7181//144
f 7181//144 104//143 106//145 7281//146
f 7281//146 106//145 108//147 7381//148
f 7381//148 108//147 110//149 7481//150
f 7481//150 110//149 112//151 7581//152
f 7581//152 112//151 114//153 7681//154
f 7681//154 114//153 116//155 7781//156
f 7781//156 116//155 118//157 7881//158
f 7881//158 118//157 120//159 7981//160
f 7981//160 120//159 122//161 8081//42
f 8081//42 122//161 124//162 8181//163
f 8181//163 124//162 126//164 8281//165
f 8281//165 126//164 128//166 8381//167
f 8381//167 128//166 130//168 8481//169
f 8481//169 130//168 132//170 8581//171
f 8581//171 132//170 134//172 8681//173
f 8681//173 134//172 136//174 8781//175
f 8781//175 136//174 138//176 8881//177
f 8881//177 138//176 140//178 8981//179
f 8981//179 140//178 142//180 9081//181
f 9081//181 142//180 144//182 9181//183
f 9181//183 144//182 146//184 9281//185
f 9281//185 146//184 148//186 9381//187
f 9381//187 148//186 150//188 9481//189
f 9481//189 150//188 152//190 9581//191
f 9581//191 152//190 154//192 9681//193
f 9681//193 154//192 156//194 9781//195
f 9781//195 156//194 158//196 9881//197
f 84//123 82//122 160//198 158//196 156//194 154//192 152//190 150//188 148//186 146//184 144//182 142//180 140//178 138//176 136//174 134//172 132//170 130//168 128//166 126//164 124//162 122//161 120//159 118//157 116//155 114//153 112//151 110//149 108//147 106//145 104//143 102//141 100//139 98//137 96//135 94//133 92//131 90//129 88//127 86//125
f 9881//197 158//196 160//198 9981//199
f 9981//199 160//198 82//122 6180//121
f 81//200 83//201 85//202 87//203 89//204 91//205 93//206 95//207 97//208 99//209 101//210 103//211 105//212 107//213 109//214 111//215 113//216 115//217 117//218 119//219 121//220 123//221 125//222 127//223 129//224 131//225 133//226 135//227 137//228 139//229 141//230 143//231 145//232 147//233 149//234 151//235 153//236 155//237 157//238 159//239
f 166//240 164//241 242//242 240//243 238//244 236//245 234//246 232//247 230//248 228//249 226//250 224//251 222//252 220//253 218//254 216//255 214//256 212//257 210//258 208//259 206//260 204//261 202//262 200//263 198//264 196//265 194//266 192//267 190//268 188//269 186//270 184//271 182//272 180//273 178//274 176//275 174//276 172//277 170//278 168//279
f 163//280 165//281 167//282 169//283 171//284 173//285 175//286 177//287 179//288 181//289 183//290 185//291 187//292 189//293 191//294 193//295 195//296 197//297 199//298 201//299 203//300 205//301 207//302 209//303 211//304 213//305 215//306 217//307 219//308 221//309 223//310 225//311 227//312 229//313 231//314 233//315 235//316 237//317 239//318 241//319
f 286//320 284//321 362//322 360//323 358//324 356//325 354//326 352//327 350//328 348//329 346//330 344//331 342//332 340//333 338//334 336//335 334//336 332//337 330//338 328//339 326//340 324//341 322//342 320//343 318//344 316//345 314//346 312//347 310//348 308//349 306//350 304//351 302//352 300//353 298//354 296//355 294//356 292//357 290//358 288//359
f 283//360 285//361 287//362 289//363 291//364 293//365 295//366 297//367 299//368 301//369 303//370 305//371 307//372 309//373 311//374 313//375 315//376 317//377 319//378 321//379 323//380 325//381 327//382 329//383 331//384 333//385 335//386 337//387 339//388 341//389 343//390 345//391 347//392 349//393 351//394 353//395 355//396 357//397 359//398 361//399
f 406//400 404//401 482//402 480//403 478//404 476//405 474//406 472//407 470//408 468//409 466//410 464//411 462//412 460//413 458//414 456//415 454//416 452//417 450//418 448//419 446//420 444//421 442//422 440//423 438//424 436//425 434//426 432//427 430//428 428//429 426//430 424//431 422//432 420//433 418//434 416//435 414//436 412//437 410//438 408//439
f 403//440 405//441 407//442 409//443 411//444 413//445 415//446 417//447 419//448 421//449 423//450 425//451 427//452 429//453 431//454 433//455 435//456 437//457 439//458 441//459 443//460 445//461 447//462 449//463 451//464 453//465 455//466 457//467 459//468 461//469 463//470 465//471 467//472 469//473 471//474 473//475 475//476 477//477 479//478 481//479
f 526//480 524//481 602//482 600//483 598//484 596//485 594//486 592//487 590//488 588//489 586//490 584//491 582//492 580//493 578//494 576//495 574//496 572//497 570//498 568//499 566//500 564//501 562//502 560//503 558//504 556//505 554//506 552//507 550//508 548//509 546//510 544//511 542//512 540//513 538//514 536//515 534//516 532//517 530//518 528//519
f 523//520 525//521 527//522 529//523 531//524 533//525 535//526 537//527 539//528 541//529 543//530 545//531 547//532 549//533 551//534 553//535 555//536 557//537 559//538 561//539 563//540 565//541 567//542 569//543 571//544 573//545 575//546 577//547 579//548 581//549 583//550 585//551 587//552 589//553 591//554 593//555 595//556 597//557 599//558 601//559
f 646//560 644//561 722//562 720//563 718//564 716//565 714//566 712//567 710//568 708//569 706//570 704//571 702//572 700//573 698//574 696//575 694//576 692//577 690//578 688//579 686//580 684//581 682//582 680//583 678//584 676//585 674//586 672//587 670//588 668//589 666//590 664//591 662//592 660//593 658//594 656//595 654//596 652//597 650//598 648//599
f 643//600 645//601 647//602 649//603 651//604 653//605 655//606 657//607 659//608 661//609 663//610 665//611 667//612 669//613 671//614 673//615 675//616 677//617 679//618 681//619 683//620 685//621 687//622 689//623 691//624 693//625 695//626 697//627 699//628 701//629 703//630 705//631 707//632 709//633 711//634 713//635 715//636 717//637 719//638 721//639
f 766//640 764//641 842//642 840//643 838//644 836//645 834//646 832//647 830//648 828//649 826//650 824//651 822//652 820//653 818//654 816//655 814//656 812//657 810//658 808//659 806//660 804//661 802//662 800//663 798//664 796//665 794//666 792//667 790//668 788//669 786//670 784//671 782//672 780//673 778//674 776//675 774//676 772//677 770//678 768//679
f 763//680 765//681 767//682 769//683 771//684 773//685 775//686 777//687 779//688 781//689 783//690 785//691 787//692 789//693 791//694 793//695 795//696 797//697 799//698 801//699 803//700 805//701 807//702 809//703 811//704 813//705 815//706 817//707 819//708 821//709 823//710 825//711 827//712 829//713 831//714 833//715 835//716 837//717 839//718 841//719
f 886//720 884//721 962//722 960//723 958//724 956//725 954//726 952//727 950//728 948//729 946//730 944//731 942//732 940//733 938//734 936//735 934//736 932//737 930//738 928//739 926//740 924//741 922//742 920//743 918//744 916//745 914//746 912//747 910//748 908//749 906//750 904//751 902//752 900//753 898//754 896//755 894//756 892//757 890//758 888//759
f 883//760 885//761 887//762 889//763 891//764 893//765 895//766 897//767 899//768 901//769 903//770 905//771 907//772 909//773 911//774 913//775 915//776 917//777 919//778 921//779 923//780 925//781 927//782 929//783 931//784 933//785 935//786 937//787 939//788 941//789 943//790 945//791 947//792 949//793 951//794 953//795 955//796 957//797 959//798 961//799
f 1006//800 1004//801 1082//802 1080//803 1078//804 1076//805 1074//806 1072//807 1070//808 1068//809 1066//810 1064//811 1062//812 1060//813 1058//814 1056//815 1054//816 1052//817 1050//818 1048//819 1046//820 1044//821 1042//822 1040//823 1038//824 1036//825 1034//826 1032//827 1030//828 1028//829 1026//830 1024//831 1022//832 1020//833 1018//834 1016//835 1014//836 1012//837 1010//838 1008//839
f 1003//840 1005//841 1007//842 1009//843 1011//844 1013//845 1015//846 1017//847 1019//848 1021//849 1023//850 1025//851 1027//852 1029//853 1031//854 1033//855 1035//856 1037//857 1039//858 1041//859 1043//860 1045//861 1047//862 1049//863 1051//864 1053//865 1055//866 1057//867 1059//868 1061//869 1063//870 1065//871 1067//872 1069//873 1071//874 1073//875 1075//876 1077//877 1079//878 1081//879
f 1126//880 1124//881 1202//882 1200//883 1198//884 1196//885 1194//886 1192//887 1190//888 1188//889 1186//890 1184//891 1182//892 1180//893 1178//894 1176//895 1174//896 1172//897 1170//898 1168//899 1166//900 1164//901 1162//902 1160//903 1158//904 1156//905 1154//906 1152//907 1150//908 1148//909 1146//910 1144//911 1142//912 1140//913 1138//914 1136//915 1134//916 1132//917 1130//918 1128//919
f 1123//920 1125//921 1127//922 1129//923 1131//924 1133//925 1135//926 1137//927 1139//928 1141//929 1143//930 1145//931 1147//932 1149//933 1151//934 1153//935 1155//936 1157//937 1159//938 1161//939 1163//940 1165//941 1167//942 1169//943 1171//944 1173//945 1175//946 1177//947 1179//948 1181//949 1183//950 1185//951 1187//952 1189//953 1191//954 1193//955 1195//956 1197//957 1199//958 1201//959
f 1246//960 1244//961 1322//962 1320//963 1318//964 1316//965 1314//966 1312//967 1310//968 1308//969 1306//970 1304//971 1302//972 1300//973 1298//974 1296//975 1294//976 1292//977 1290//978 1288//979 1286//980 1284//981 1282//982 1280//983 1278//984 1276//985 1274//986 1272//987 1270//988 1268//989 1266//990 1264//991 1262//992 1260//993 1258//994 1256//995 1254//996 1252//997 1250//998 1248//999
f 1243//1000 1245//1001 1247//1002 1249//1003 1251//1004 1253//1005 1255//1006 1257//1007 1259//1008 1261//1009 1263//1010 1265//1011 1267//1012 1269//1013 1271//1014 1273//1015 1275//1016 1277//1017 1279//1018 1281//1019 1283//1020 1285//1021 1287//1022 1289//1023 1291//1024 1293//1025 1295//1026 1297//1027 1299//1028 1301//1029 1303//1030 1305//1031 1307//1032 1309//1033 1311//1034 1313//1035 1315//1036 1317//1037 1319//1038 1321//1039
f 1366//1040 1364//1041 1442//1042 1440//1043 1438//1044 1436//1045 1434//1046 1432//1047 1430//1048 1428//1049 1426//1050 1424//1051 1422//1052 1420//1053 1418//1054 1416//1055 1414//1056 1412//1057 1410//1058 1408//1059 1406//1060 1404//1061 1402//1062 1400//1063 1398//1064 1396//1065 1394//1066 1392//1067 1390//1068 1388//1069 1386//1070 1384//1071 1382//1072 1380//1073 1378//1074 1376//1075 1374//1076 1372//1077 1370//1078 1368//1079
f 1363//1080 1365//1081 1367//1082 1369//1083 1371//1084 1373//1085 1375//1086 1377//1087 1379//1088 1381//1089 1383//1090 1385//1091 1387//1092 1389//1093 1391//1094 1393//1095 1395//1096 1397//1097 1399//1098 1401//1099 1403//1100 1405//1101 1407//1102 1409//1103 1411//1104 1413//1105 1415//1106 1417//1107 1419//1108 1421//1109 1423//1110 1425//1111 1427//1112 1429//1113 1431//1114 1433//1115 1435//1116 1437//1117 1439//1118 1441//1119
f 1486//1120 1484//1121 1562//1122 1560//1123 1558//1124 1556//1125 1554//1126 1552//1127 1550//1128 1548//1129 1546//1130 1544//1131 1542//1132 1540//1133 1538//1134 1536//1135 1534//1136 1532//1137 1530//1138 1528//1139 1526//1140 1524//1141 1522//1142 1520//1143 1518//1144 1516//1145 1514//1146 1512//1147 1510//1148 1508//1149 1506//1150 1504//1151 1502//1152 1500//1153 1498//1154 1496//1155 1494//1156 1492//1157 1490//1158 1488//1159
f 1483//1160 1485//1161 1487//1162 1489//1163 1491//1164 1493//1165 1495//1166 1497//1167 1499//1168 1501//1169 1503//1170 1505//1171 1507//1172 1509//1173 1511//1174 1513//1175 1515//1176 1517//1177 1519//1178 1521//1179 1523//1180 1525//1181 1527//1182 1529//1183 1531//1184 1533//1185 1535//1186 1537//1187 1539//1188 1541//1189 1543//1190 1545//1191 1547//1192 1549//1193 1551//1194 1553//1195 1555//1196 1557//1197 1559//1198 1561//1199
f 1606//1200 1604//1201 1682//1202 1680//1203 1678//1204 1676//1205 1674//1206 1672//1207 1670//1208 1668//1209 1666//1210 1664//1211 1662//1212 1660//1213 1658//1214 1656//1215 1654//1216 1652//1217 1650//1218 1648//1219 1646//1220 1644//1221 1642//1222 1640//1223 1638//1224 1636//1225 1634//1226 1632//1227 1630//1228 1628//1229 1626//1230 1624//1231 1622//1232 1620//1233 1618//1234 1616//1235 1614//1236 1612//1237 1610//1238 1608//1239
f 1603//1240 1605//1241 1607//1242 1609//1243 1611//1244 1613//1245 1615//1246 1617//1247 1619//1248 1621//1249 1623//1250 1625//1251 1627//1252 1629//1253 1631//1254 1633//1255 1635//1256 1637//1257 1639//1258 1641//1259 1643//1260 1645//1261 1647//1262 1649//1263 1651//1264 1653//1265 1655//1266 1657//1267 1659//1268 1661//1269 1663//1270 1665//1271 1667//1272 1669//1273 1671//1274 1673//1275 1675//1276 1677//1277 1679//1278 1681//1279
f 1726//1280 1724//1281 1802//1282 1800//1283 1798//1284 1796//1285 1794//1286 1792//1287 1790//1288 1788//1289 1786//1290 1784//1291 1782//1292 1780//1293 1778//1294 1776//1295 1774//1296 1772//1297 1770//1298 1768//1299 1766//1300 1764//1301 1762//1302 1760//1303 1758//1304 1756//1305 1754//1306 1752//1307 1750//1308 1748//1309 1746//1310 1744//1311 1742//1312 1740//1313 1738//1314 1736//1315 1734//1316 1732//1317 1730//1318 1728//1319
f 1723//1320 1725//1321 1727//1322 1729//1323 1731//1324 1733//1325 1735//1326 1737//1327 1739//1328 1741//1329 1743//1330 1745//1331 1747//1332 1749//1333 1751//1334 1753//1335 1755//1336 1757//1337 1759//1338 1761//1339 1763//1340 1765//1341 1767//1342 1769//1343 1771//1344 1773//1345 1775//1346 1777//1347 1779//1348 1781//1349 1783//1350 1785//1351 1787//1352 1789//1353 1791//1354 1793//1355 1795//1356 1797//1357 1799//1358 1801//1359
f 1846//1360 1844//1361 1922//1362 1920//1363 1918//1364 1916//1365 1914//1366 1912//1367 1910//1368 1908//1369 1906//1370 1904//1371 1902//1372 1900//1373 1898//1374 1896//1375 1894//1376 1892//1377 1890//1378 1888//1379 1886//1380 1884//1381 1882//1382 1880//1383 1878//1384 1876//1385 1874//1386 1872//1387 1870//1388 1868//1389 1866//1390 1864//1391 1862//1392 1860//1393 1858//1394 1856//1395 1854//1396 1852//1397 1850//1398 1848//1399
f 1843//1400 1845//1401 1847//1402 1849//1403 1851//1404 1853//1405 1855//1406 1857//1407 1859//1408 1861//1409 1863//1410 1865//1411 1867//1412 1869//1413 1871//1414 1873//1415 1875//1416 1877//1417 1879//1418 1881//1419 1883//1420 1885//1421 1887//1422 1889//1423 1891//1424 1893//1425 1895//1426 1897//1427 1899//1428 1901//1429 1903//1430 1905//1431 1907//1432 1909//1433 1911//1434 1913//1435 1915//1436 1917//1437 1919//1438 1921//1439
f 1966//1440 1964//1441 2042//1442 2040//1443 2038//1444 2036//1445 2034//1446 2032//1447 2030//1448 2028//1449 2026//1450 2024//1451 2022//1452 2020//1453 2018//1454 2016//1455 2014//1456 2012//1457 2010//1458 2008//1459 2006//1460 2004//1461 2002//1462 2000//1463 1998//1464 1996//1465 1994//1466 1992//1467 1990//1468 1988//1469 1986//1470 1984//1471 1982//1472 1980//1473 1978//1474 1976//1475 1974//1476 1972//1477 1970//1478 1968//1479
f 1963//1480 1965//1481 1967//1482 1969//1483 1971//1484 1973//1485 1975//1486 1977//1487 1979//1488 1981//1489 1983//1490 1985//1491 1987//1492 1989//1493 1991//1494 1993//1495 1995//1496 1997//1497 1999//1498 2001//1499 2003//1500 2005//1501 2007//1502 2009//1503 2011//1504 2013//1505 2015//1506 2017//1507 2019//1508 2021//1509 2023//1510 2025//1511 2027//1512 2029//1513 2031//1514 2033//1515 2035//1516 2037//1517 2039//1518 2041//1519
f 79//120 6080//1520 2081//1521 1//81
f 6080//1520 6079//1522 2082//1523 2081//1521
f 6079//1522 6078//1524 2083//1525 2082//1523
f 6078//1524 6077//1526 2084//1527 2083//1525
f 6077//1526 6076//1528 2085//1529 2084//1527
f 6076//1528 6075//1530 2086//1531 2085//1529
f 6075//1530 6074//1532 2087//1533 2086//1531
f 6074//1532 6073//1534 2088//1535 2087//1533
f 6073//1534 6072//1536 2089//1537 2088//1535
f 6072//1536 6071//1538 2090//1539 2089//1537
f 6071//1538 6070//1540 2091//1541 2090//1539
f 6070//1540 6069//1542 2092//1543 2091//1541
f 6069//1542 6068//1544 2093//1545 2092//1543
f 6068//1544 6067//1546 2094//1547 2093//1545
f 6067//1546 6066//1548 2095//1549 2094//1547
f 6066//1548 6065//1550 2096//1551 2095//1549
f 6065//1550 6064//1552 2097//1553 2096//1551
f 6064//1552 6063//1554 2098//1555 2097//1553
f 6063//1554 6062//1556 2099//1557 2098//1555
f 6062//1556 6061//1558 2100//1559 2099//1557
f 6061//1558 6060//1560 2101//1561 2100//1559
f 6060//1560 6059//1562 2102//1563 2101//1561
f 6059//1562 6058//1564 2103//1565 2102//1563
f 6058//1564 6057//1566 2104//1567 2103//1565
f 6057//1566 6056//1568 2105//1569 2104//1567
f 6056//1568 6055//1570 2106//1571 2105//1569
f 6055//1570 6054//1572 2107//1573 2106//1571
f 6054//1572 6053//1574 2108//1575 2107//1573
f 6053//1574 6052//1576 2109//1577 2108//1575
f 6052//1576 6051//1578 2110//1579 2109//1577
f 6051//1578 6050//1580 2111//1581 2110//1579
f 6050//1580 6049//1582 2112//1583 2111//1581
f 6049//1582 6048//1584 2113//1585 2112//1583
f 6048//1584 6047//1586 2114//1587 2113//1585
f 6047//1586 6046//1588 2115//1589 2114//1587
f 6046//1588 6045//1590 2116//1591 2115//1589
f 6045//1590 6044//1592 2117//1593 2116//1591
f 6044//1592 6043//1594 2118//1595 2117//1593
f 6043//1594 6042//1596 2119//1597 2118//1595
f 6042//1596 6041//1598 2120//1599 2119//1597
f 6041//1598 6040//1600 2121//1601 2120//1599
f 6040//1600 6039//1602 2122//1603 2121//1601
f 6039//1602 6038//1604 2123//1605 2122//1603
f 6038//1604 6037//1606 2124//1607 2123//1605
f 6037//1606 6036//1608 2125//1609 2124//1607
f 6036//1608 6035//1610 2126//1611 2125//1609
f 6035//1610 6034//1612 2127//1613 2126//1611
f 6034//1612 6033//1614 2128//1615 2127//1613
f 6033//1614 6032//1616 2129//1617 2128//1615
f 6032//1616 6031//1618 2130//1619 2129//1617
f 6031//1618 6030//1620 2131//1621 2130//1619
f 6030//1620 6029//1622 2132//1623 2131//1621
f 6029//1622 6028//1624 2133//1625 2132//1623
f 6028//1624 6027//1626 2134//1627 2133//1625
f 6027//1626 6026//1628 2135//1629 2134//1627
f 6026//1628 6025//1630 2136//1631 2135//1629
f 6025//1630 6024//1632 2137//1633 2136//1631
f 6024//1632 6023//1634 2138//1635 2137//1633
f 6023//1634 6022//1636 2139//1637 2138//1635
f 6022//1636 6021//1638 2140//1639 2139//1637
f 6021//1638 6020//1640 2141//1641 2140//1639
f 6020//1640 6019//1642 2142//1643 2141//1641
f 6019//1642 6018//1644 2143//1645 2142//1643
f 6018//1644 6017//1646 2144//1647 2143//1645
f 6017//1646 6016//1648 2145//1649 2144//1647
f 6016//1648 6015//1650 2146//1651 2145//1649
f 6015//1650 6014//1652 2147//1653 2146//1651
f 6014//1652 6013//1654 2148//1655 2147//1653
f 6013//1654 6012//1656 2149//1657 2148//1655
f 6012//1656 6011//1658 2150//1659 2149//1657
f 6011//1658 6010//1660 2151//1661 2150//1659
f 6010//1660 6009//1662 2152//1663 2151//1661
f 6009//1662 6008//1664 2153//1665 2152//1663
f 6008//1664 6007//1666 2154//1667 2153//1665
f 6007//1666 6006//1668 2155//1669 2154//1667
f 6006//1668 6005//1670 2156//1671 2155//1669
f 6005//1670 6004//1672 2157//1673 2156//1671
f 6004//1672 6003//1674 2158//1675 2157//1673
f 6003//1674 6002//1676 2159//1677 2158//1675
f 6002//1676 6001//1678 2160//1679 2159//1677
f 6001//1678 6000//1680 2161//1681 2160//1679
f 6000//1680 5999//1682 2162//1683 2161//1681
f 5999//1682 5998//1684 2163//1685 2162//1683
f 5998//1684 5997//1686 2164//1687 2163//1685
f 5997//1686 5996//1688 2165//1689 2164//1687
f 5996//1688 5995//1690 2166//1691 2165//1689
f 5995//1690 5994//1692 2167//1693 2166//1691
f 5994//1692 5993//1694 2168//1695 2167//1693
f 5993//1694 5992//1696 2169//1697 2168//1695
f 5992//1696 5991//1698 2170//1699 2169//1697
f 5991//1698 5990//1700 2171//1701 2170//1699
f 5990//1700 5989//1702 2172//1703 2171//1701
f 5989//1702 5988//1704 2173//1705 2172//1703
f 5988//1704 5987//1706 2174//1707 2173//1705
f 5987//1706 5986//1708 2175//1709 2174//1707
f 5986//1708 5985//1710 2176//1711 2175//1709
f 5985//1710 5984//1712 2177//1713 2176//1711
f 5984//1712 5983//1714 2178//1715 2177//1713
f 5983//1714 5982//1716 2179//1717 2178//1715
f 5982//1716 5981//80 2180//1 2179//1717
f 77//119 5980//1718 6080//1520 79//120
f 5980//1718 5979//1719 6079//1522 6080//1520
f 5979//1719 5978//1720 6078//1524 6079//1522
f 5978//1720 5977//1721 6077//1526 6078//1524
f 5977//1721 5976//1722 6076//1528 6077//1526
f 5976//1722 5975//1723 6075//1530 6076//1528
f 5975//1723 5974//1724 6074//1532 6075//1530
f 5974//1724 5973//1725 6073//1534 6074//1532
f 5973//1725 5972//1726 6072//1536 6073//1534
f 5972//1726 5971//1727 6071//1538 6072//1536
f 5971//1727 5970//1728 6070//1540 6071//1538
f 5970//1728 5969//1729 6069//1542 6070//1540
f 5969//1729 5968//1730 6068//1544 6069//1542
f 5968//1730 5967//1731 6067//1546 6068//1544
f 5967//1731 5966//1732 6066//1548 6067//1546
f 5966//1732 5965//1733 6065//1550 6066//1548
f 5965//1733 5964//1734 6064//1552 6065//1550
f 5964//1734 5963//1735 6063//1554 6064//1552
f 5963//1735 5962//1736 6062//1556 6063//1554
f 5962//1736 5961//1737 6061//1558 6062//1556
f 5961//1737 5960//1738 6060//1560 6061//1558
f 5960//1738 5959//1739 6059//1562 6060//1560
f 5959//1739 5958//1740 6058//1564 6059//1562
f 5958//1740 5957//1741 6057//1566 6058//1564
f 5957//1741 5956//1742 6056//1568 6057//1566
f 5956//1742 5955//1743 6055//1570 6056//1568
f 5955//1743 5954//1744 6054//1572 6055//1570
f 5954//1744 5953//1745 6053//1574 6054//1572
f 5953//1745 5952//1746 6052//1576 6053//1574
f 5952//1746 5951//1747 6051//1578 6052//1576
f 5951//1747 5950//1748 6050//1580 6051//1578
f 5950//1748 5949//1749 6049//1582 6050//1580
f 5949//1749 5948//1750 6048//1584 6049//1582
f 5948//1750 5947//1751 6047//1586 6048//1584
f 5947//1751 5946//1752 6046//1588 6047//1586
f 5946//1752 5945//1753 6045//1590 6046//1588
f 5945//1753 5944//1754 6044//1592 6045//1590
f 5944//1754 5943//1755 6043//1594 6044//1592
f 5943//1755 5942//1756 6042//1596 6043//1594
f 5942//1756 5941//1757 6041//1598 6042//1596
f 5941//1757 5940//1758 6040//1600 6041//1598
f 5940//1758 5939//1759 6039//1602 6040//1600
f 5939//1759 5938//1760 6038//1604 6039//1602
f 5938//1760 5937//1761 6037//1606 6038//1604
f 5937//1761 5936//1762 6036//1608 6037//1606
f 5936//1762 5935//1763 6035//1610 6036//1608
f 5935//1763 5934//1764 6034//1612 6035//1610
f 5934//1764 5933//1765 6033//1614 6034//1612
f 5933//1765 5932//1766 6032//1616 6033//1614
f 5932//1766 5931//1767 6031//1618 6032//1616
f 5931//1767 5930//1768 6030//1620 6031//1618
f 5930//1768 5929//1769 6029//1622 6030//1620
f 5929//1769 5928//1770 6028//1624 6029//1622
f 5928//1770 5927//1771 6027//1626 6028//1624
f 5927//1771 5926//1772 6026//1628 6027//1626
f 5926//1772 5925//1773 6025//1630 6026//1628
f 5925//1773 5924//1774 6024//1632 6025//1630
f 5924//1774 5923//1775 6023//1634 6024//1632
f 5923//1775 5922//1776 6022//1636 6023//1634
f 5922//1776 5921//1777 6021//1638 6022//1636
f 5921//1777 5920//1778 6020//1640 6021//1638
f 5920//1778 5919//1779 6019//1642 6020//1640
f 5919//1779 5918//1780 6018//1644 6019//1642
f 5918//1780 5917//1781 6017//1646 6018//1644
f 5917//1781 5916//1782 6016//1648 6017//1646
f 5916//1782 5915//1783 6015//1650 6016//1648
f 5915//1783 5914//1784 6014//1652 6015//1650
f 5914//1784 5913//1785 6013//1654 6014//1652
f 5913//1785 5912//1786 6012//1656 6013//1654
f 5912//1786 5911//1787 6011//1658 6012//1656
f 5911//1787 5910//1788 6010//1660 6011//1658
f 5910//1788 5909//1789 6009//1662 6010//1660
f 5909//1789 5908//1790 6008//1664 6009//1662
f 5908//1790 5907//1791 6007//1666 6008//1664
f 5907//1791 5906//1792 6006//1668 6007//1666
f 5906//1792 5905//1793 6005//1670 6006//1668
f 5905//1793 5904//1794 6004//1672 6005//1670
f 5904//1794 5903//1795 6003//1674 6004//1672
f 5903//1795 5902//1796 6002//1676 6003//1674
f 5902//1796 5901//1797 6001//1678 6002//1676
f 5901//1797 5900//1798 6000//1680 6001//1678
f 5900//1798 5899//1799 5999//1682 6000//1680
f 5899//1799 5898//1800 5998//1684 5999//1682
f 5898//1800 5897//1801 5997//1686 5998//1684
f 5897//1801 5896//1802 5996//1688 5997//1686
f 5896//1802 5895//1803 5995//1690 5996//1688
f 5895//1803 5894//1804 5994//1692 5995//1690
f 5894//1804 5893//1805 5993//1694 5994//1692
f 5893//1805 5892//1806 5992//1696 5993//1694
f 5892//1806 5891//1807 5991//1698 5992//1696
f 5891//1807 5890//1808 5990//1700 5991//1698
f 5890//1808 5889//1809 5989//1702 5990//1700
f 5889//1809 5888//1810 5988//1704 5989//1702
f 5888//1810 5887//1811 5987//1706 5988//1704
f 5887//1811 5886//1812 5986//1708 5987//1706
f 5886//1812 5885//1813 5985//1710 5986//1708
f 5885//1813 5884//1814 5984//1712 5985//1710
f 5884//1814 5883//1815 5983//1714 5984//1712
f 5883//1815 5882//1816 5982//1716 5983//1714
f 5882//1816 5881//78 5981//80 5982//1716
f 75//118 5880//1817 5980//1718 77//119
f 5880//1817 5879//1818 5979//1719 5980//1718
f 5879//1818 5878//1819 5978//1720 5979//1719
f 5878//1819 5877//1820 5977//1721 5978//1720
f 5877//1820 5876//1821 5976//1722 5977//1721
f 5876//1821 5875//1822 5975//1723 5976//1722
f 5875//1822 5874//1823 5974//1724 5975//1723
f 5874//1823 5873//1824 5973//1725 5974//1724
f 5873//1824 5872//1825 5972//1726 5973//1725
f 5872//1825 5871//1826 5971//1727 5972//1726
f 5871//1826 5870//1827 5970//1728 5971//1727
f 5870//1827 5869//1828 5969//1729 5970//1728
f 5869//1828 5868//1829 5968//1730 5969//1729
f 5868//1829 5867//1830 5967//1731 5968//1730
f 5867//1830 5866//1831 5966//1732 5967//1731
f 5866//1831 5865//1832 5965//1733 5966//1732
f 5865//1832 5864//1833 5964//1734 5965//1733
f 5864//1833 5863//1834 5963//1735 5964//1734
f 5863//1834 5862//1835 5962//1736 5963//1735
f 5862//1835 5861//1836 5961//1737 5962//1736
f 5861//1836 5860//1837 5960//1738 5961//1737
f 5860//1837 5859//1838 5959//1739 5960//1738
f 5859//1838 5858//1839 5958//1740 5959//1739
f 5858//1839 5857//1840 5957//1741 5958//1740
f 5857//1840 5856//1841 5956//1742 5957//1741
f 5856//1841 5855//1842 5955//1743 5956//1742
f 5855//1842 5854//1843 5954//1744 5955//1743
f 5854//1843 5853//1844 5953//1745 5954//1744
f 5853//1844 5852//1845 5952//1746 5953//1745
f 5852//1845 5851//1846 5951//1747 5952//1746
f 5851//1846 5850//1847 5950//1748 5951//1747
f 5850//1847 5849//1848 5949//1749 5950//1748
f 5849//1848 5848//1849 5948//1750 5949//1749
f 5848//1849 5847//1850 5947//1751 5948//1750
f 5847//1850 5846//1851 5946//1752 5947//1751
f 5846//1851 5845//1852 5945//1753 5946//1752
f 5845//1852 5844//1853 5944//1754 5945//1753
f 5844//1853 5843//1854 5943//1755 5944//1754
f 5843//1854 5842//1855 5942//1756 5943//1755
f 5842//1855 5841//1856 5941//1757 5942//1756
f 5841//1856 5840//1857 5940//1758 5941//1757
f 5840//1857 5839//1858 5939//1759 5940//1758
f 5839//1858 5838//1859 5938//1760 5939//1759
f 5838//1859 5837//1860 5937//1761 5938//1760
f 5837//1860 5836//1861 5936//1762 5937//1761
f 5836//1861 5835//1862 5935//1763 5936//1762
f 5835//1862 5834//1863 5934//1764 5935//1763
f 5834//1863 5833//1864 5933//1765 5934//1764
f 5833//1864 5832//1865 5932//1766 5933//1765
f 5832//1865 5831//1866 5931//1767 5932//1766
f 5831//1866 5830//1867 5930//1768 5931//1767
f 5830//1867 5829//1868 5929//1769 5930//1768
f 5829//1868 5828//1869 5928//1770 5929//1769
f 5828//1869 5827//1870 5927//1771 5928//1770
f 5827//1870 5826//1871 5926//1772 5927//1771
f 5826//1871 5825//1872 5925//1773 5926//1772
f 5825//1872 5824//1873 5924//1774 5925//1773
f 5824//1873 5823//1874 5923//1775 5924//1774
f 5823//1874 5822//1875 5922//1776 5923//1775
f 5822//1875 5821//1876 5921//1777 5922//1776
f 5821//1876 5820//1877 5920//1778 5921//1777
f 5820//1877 5819//1878 5919//1779 5920//1778
f 5819//1878 5818//1879 5918//1780 5919//1779
f 5818//1879 5817//1880 5917//1781 5918//1780
f 5817//1880 5816//1881 5916//1782 5917//1781
f 5816//1881 5815//1882 5915//1783 5916//1782
f 5815//1882 5814//1883 5914//1784 5915//1783
f 5814//1883 5813//1884 5913//1785 5914//1784
f 5813//1884 5812//1885 5912//1786 5913//1785
f 5812//1885 5811//1886 5911//1787 5912//1786
f 5811//1886 5810//1887 5910//1788 5911//1787
f 5810//1887 5809//1888 5909//1789 5910//1788
f 5809//1888 5808//1889 5908//1790 5909//1789
f 5808//1889 5807//1890 5907//1791 5908//1790
f 5807//1890 5806//1891 5906//1792 5907//1791
f 5806//1891 5805//1892 5905//1793 5906//1792
f 5805//1892 5804//1893 5904//1794 5905//1793
f 5804//1893 5803//1894 5903//1795 5904//1794
f 5803//1894 5802//1895 5902//1796 5903//1795
f 5802//1895 5801//1896 5901//1797 5902//1796
f 5801//1896 5800//1897 5900//1798 5901//1797
f 5800//1897 5799//1898 5899//1799 5900//1798
f 5799//1898 5798//1899 5898//1800 5899//1799
f 5798//1899 5797//1900 5897//1801 5898//1800
f 5797//1900 5796//1901 5896//1802 5897//1801
f 5796//1901 5795//1902 5895//1803 5896//1802
f 5795//1902 5794//1903 5894//1804 5895//1803
f 5794//1903 5793//1904 5893//1805 5894//1804
f 5793//1904 5792//1905 5892//1806 5893//1805
f 5792//1905 5791//1906 5891//1807 5892//1806
f 5791//1906 5790//1907 5890//1808 5891//1807
f 5790//1907 5789//1908 5889//1809 5890//1808
f 5789//1908 5788//1909 5888//1810 5889//1809
f 5788//1909 5787//1910 5887//1811 5888//1810
f 5787//1910 5786//1911 5886//1812 5887//1811
f 5786//1911 5785//1912 5885//1813 5886//1812
f 5785//1912 5784//1913 5884//1814 5885//1813
f 5784//1913 5783//1914 5883//1815 5884//1814
f 5783//1914 5782//1915 5882//1816 5883//1815
f 5782//1915 5781//76 5881//78 5882//1816
f 73//117 5780//1916 5880//1817 75//118
f 5780//1916 5779//1917 5879//1818 5880//1817
f 5779//1917 5778//1918 5878//1819 5879//1818
f 5778//1918 5777//1919 5877//1820 5878//1819
f 5777//1919 5776//1920 5876//1821 5877//1820
f 5776//1920 5775//1921 5875//1822 5876//1821
f 5775//1921 5774//1922 5874//1823 5875//1822
f 5774//1922 5773//1923 5873//1824 5874//1823
f 5773//1923 5772//1924 5872//1825 5873//1824
f 5772//1924 5771//1925 5871//1826 5872//1825
f 5771//1925 5770//1926 5870//1827 5871//1826
f 5770//1926 5769//1927 5869//1828 5870//1827
f 5769//1927 5768//1928 5868//1829 5869//1828
f 5768//1928 5767//1929 5867//1830 5868//1829
f 5767//1929 5766//1930 5866//1831 5867//1830
f 5766//1930 5765//1931 5865//1832 5866//1831
f 5765//1931 5764//1932 5864//1833 5865//1832
f 5764//1932 5763//1933 5863//1834 5864//1833
f 5763//1933 5762//1934 5862//1835 5863//1834
f 5762//1934 5761//1935 5861//1836 5862//1835
f 5761//1935 5760//1936 5860//1837 5861//1836
f 5760//1936 5759//1937 5859//1838 5860//1837
f 5759//1937 5758//1938 5858//1839 5859//1838
f 5758//1938 5757//1939 5857//1840 5858//1839
f 5757//1939 5756//1940 5856//1841 5857//1840
f 5756//1940 5755//1941 5855//1842 5856//1841
f 5755//1941 5754//1942 5854//1843 5855//1842
f 5754//1942 5753//1943 5853//1844 5854//1843
f 5753//1943 5752//1944 5852//1845 5853//1844
f 5752//1944 5751//1945 5851//1846 5852//1845
f 5751//1945 5750//1946 5850//1847 5851//1846
f 5750//1946 5749//1947 5849//1848 5850//1847
f 5749//1947 5748//1948 5848//1849 5849//1848
f 5748//1948 5747//1949 5847//1850 5848//1849
f 5747//1949 5746//1950 5846//1851 5847//1850
f 5746//1950 5745//1951 5845//1852 5846//1851
f 5745//1951 5744//1952 5844//1853 5845//1852
f 5744//1952 5743//1953 5843//1854 5844//1853
f 5743//1953 5742//1954 5842//1855 5843//1854
f 5742//1954 5741//1955 5841//1856 5842//1855
f 5741//1955 5740//1956 5840//1857 5841//1856
f 5740//1956 5739//1957 5839//1858 5840//1857
f 5739//1957 5738//1958 5838//1859 5839//1858
f 5738//1958 5737//1959 5837//1860 5838//1859
f 5737//1959 5736//1960 5836//1861 5837//1860
f 5736//1960 5735//1961 5835//1862 5836//1861
f 5735//1961 5734//1962 5834//1863 5835//1862
f 5734//1962 5733//1963 5833//1864 5834//1863
f 5733//1963 5732//1964 5832//1865 5833//1864
f 5732//1964 5731//1965 5831//1866 5832//1865
f 5731//1965 5730//1966 5830//1867 5831//1866
f 5730//1966 5729//1967 5829//1868 5830//1867
f 5729//1967 5728//1968 5828//1869 5829//1868
f 5728//1968 5727//1969 5827//1870 5828//1869
f 5727//1969 5726//1970 5826//1871 5827//1870
f 5726//1970 5725//1971 5825//1872 5826//1871
f 5725//1971 5724//1972 5824//1873 5825//1872
f 5724//1972 5723//1973 5823//1874 5824//1873
f 5723//1973 5722//1974 5822//1875 5823//1874
f 5722//1974 5721//1975 5821//1876 5822//1875
f 5721//1975 5720//1976 5820//1877 5821//1876
f 5720//1976 5719//1977 5819//1878 5820//1877
f 5719//1977 5718//1978 5818//1879 5819//1878
f 5718//1978 5717//1979 5817//1880 5818//1879
f 5717//1979 5716//1980 5816//1881 5817//1880
f 5716//1980 5715//1981 5815//1882 5816//1881
f 5715//1981 5714//1982 5814//1883 5815//1882
f 5714//1982 5713//1983 5813//1884 5814//1883
f 5713//1983 5712//1984 5812//1885 5813//1884
f 5712//1984 5711//1985 5811//1886 5812//1885
f 5711//1985 5710//1986 5810//1887 5811//1886
f 5710//1986 5709//1987 5809//1888 5810//1887
f 5709//1987 5708//1988 5808//1889 5809//1888
f 5708//1988 5707//1989 5807//1890 5808//1889
f 5707//1989 5706//1990 5806//1891 5807//1890
f 5706//1990 5705//1991 5805//1892 5806//1891
f 5705//1991 5704//1992 5804//1893 5805//1892
f 5704//1992 5703//1993 5803//1894 5804//1893
f 5703//1993 5702//1994 5802//1895 5803//1894
f 5702//1994 5701//1995 5801//1896 5802//1895
f 5701//1995 5700//1996 5800//1897 5801//1896
f 5700//1996 5699//1997 5799//1898 5800//1897
f 5699//1997 5698//1998 5798//1899 5799//1898
f 5698//1998 5697//1999 5797//1900 5798//1899
f 5697//1999 5696//2000 5796//1901 5797//1900
f 5696//2000 5695//2001 5795//1902 5796//1901
f 5695//2001 5694//2002 5794//1903 5795//1902
f 5694//2002 5693//2003 5793//1904 5794//1903
f 5693//2003 5692//2004 5792//1905 5793//1904
f 5692//2004 5691//2005 5791//1906 5792//1905
f 5691//2005 5690//2006 5790//1907 5791//1906
f 5690//2006 5689//2007 5789//1908 5790//1907
f 5689//2007 5688//2008 5788//1909 5789//1908
f 5688//2008 5687//2009 5787//1910 5788//1909
f 5687//2009 5686//2010 5786//1911 5787//1910
f 5686//2010 5685//2011 5785//1912 5786//1911
f 5685//2011 5684//2012 5784//1913 5785//1912
f 5684//2012 5683//2013 5783//1914 5784//1913
f 5683//2013 5682//2014 5782//1915 5783//1914
f 5682//2014 5681//74 5781//76 5782//1915
f 71//116 5680//2015 5780//1916 73//117
f 5680//2015 5679//2016 5779//1917 5780//1916
f 5679//2016 5678//2017 5778//1918 5779//1917
f 5678//2017 5677//2018 5777//1919 5778//1918
f 5677//2018 5676//2019 5776//1920 5777//1919
f 5676//2019 5675//2020 5775//1921 5776//1920
f 5675//2020 5674//2021 5774//1922 5775//1921
f 5674//2021 5673//2022 5773//1923 5774//1922
f 5673//2022 5672//2023 5772//1924 5773//1923
f 5672//2023 5671//2024 5771//1925 5772//1924
f 5671//2024 5670//2025 5770//1926 5771//1925
f 5670//2025 5669//2026 5769//1927 5770//1926
f 5669//2026 5668//2027 5768//1928 5769//1927
f 5668//2027 5667//2028 5767//1929 5768//1928
f 5667//2028 5666//2029 5766//1930 5767//1929
f 5666//2029 5665//2030 5765//1931 5766//1930
f 5665//2030 5664//2031 5764//1932 5765//1931
f 5664//2031 5663//2032 5763//1933 5764//1932
f 5663//2032 5662//2033 5762//1934 5763//1933
f 5662//2033 5661//2034 5761//1935 5762//1934
f 5661//2034 5660//2035 5760//1936 5761//1935
f 5660//2035 5659//2036 5759//1937 5760//1936
f 5659//2036 5658//2037 5758//1938 5759//1937
f 5658//2037 5657//2038 5757//1939 5758//1938
f 5657//2038 5656//2039 5756//1940 5757//1939
f 5656//2039 5655//2040 5755//1941 5756//1940
f 5655//2040 5654//2041 5754//1942 5755//1941
f 5654//2041 5653//2042 5753//1943 5754//1942
f 5653//2042 5652//2043 5752//1944 5753//1943
f 5652//2043 5651//2044 5751//1945 5752//1944
f 5651//2044 5650//2045 5750//1946 5751//1945
f 5650//2045 5649//2046 5749//1947 5750//1946
f 5649//2046 5648//2047 5748//1948 5749//1947
f 5648//2047 5647//2048 5747//1949 5748//1948
f 5647//2048 5646//2049 5746//1950 5747//1949
f 5646//2049 5645//2050 5745//1951 5746//1950
f 5645//2050 5644//2051 5744//1952 5745//1951
f 5644//2051 5643//2052 5743//1953 5744//1952
f 5643//2052 5642//2053 5742//1954 5743//1953
f 5642//2053 5641//2054 5741//1955 5742//1954
f 5641//2054 5640//2055 5740//1956 5741//1955
f 5640//2055 5639//2056 5739//1957 5740//1956
f 5639//2056 5638//2057 5738//1958 5739//1957
f 5638//2057 5637//2058 5737//1959 5738//1958
f 5637//2058 5636//2059 5736//1960 5737//1959
f 5636//2059 5635//2060 5735//1961 5736//1960
f 5635//2060 5634//2061 5734//1962 5735//1961
f 5634//2061 5633//2062 5733//1963 5734//1962
f 5633//2062 5632//2063 5732//1964 5733//1963
f 5632//2063 5631//2064 5731//1965 5732//1964
f 5631//2064 5630//2065 5730//1966 5731//1965
f 5630//2065 5629//2066 5729//1967 5730//1966
f 5629//2066 5628//2067 5728//1968 5729//1967
f 5628//2067 5627//2068 5727//1969 5728//1968
f 5627//2068 5626//2069 5726//1970 5727//1969
f 5626//2069 5625//2070 5725//1971 5726//1970
f 5625//2070 5624//2071 5724//1972 5725//1971
f 5624//2071 5623//2072 5723//1973 5724//1972
f 5623//2072 5622//2073 5722//1974 5723//1973
f 5622//2073 5621//2074 5721//1975 5722//1974
f 5621//2074 5620//2075 5720//1976 5721//1975
f 5620//2075 5619//2076 5719//1977 5720//1976
f 5619//2076 5618//2077 5718//1978 5719//1977
f 5618//2077 5617//2078 5717//1979 5718//1978
f 5617//2078 5616//2079 5716//1980 5717//1979
f 5616//2079 5615//2080 5715//1981 5716//1980
f 5615//2080 5614//2081 5714//1982 5715//1981
f 5614//2081 5613//2082 5713//1983 5714//1982
f 5613//2082 5612//2083 5712//1984 5713//1983
f 5612//2083 5611//2084 5711//1985 5712//1984
f 5611//2084 5610//2085 5710//1986 5711//1985
f 5610//2085 5609//2086 5709//1987 5710//1986
f 5609//2086 5608//2087 5708//1988 5709//1987
f 5608//2087 5607//2088 5707//1989 5708//1988
f 5607//2088 5606//2089 5706//1990 5707//1989
f 5606//2089 5605//2090 5705//1991 5706//1990
f 5605//2090 5604//2091 5704//1992 5705//1991
f 5604//2091 5603//2092 5703//1993 5704//1992
f 5603//2092 5602//2093 5702//1994 5703//1993
f 5602//2093 5601//2094 5701//1995 5702//1994
f 5601//2094 5600//2095 5700//1996 5701//1995
f 5600//2095 5599//2096 5699//1997 5700//1996
f 5599//2096 5598//2097 5698//1998 5699//1997
f 5598//2097 5597//2098 5697//1999 5698//1998
f 5597//2098 5596//2099 5696//2000 5697//1999
f 5596//2099 5595//2100 5695//2001 5696//2000
f 5595//2100 5594//2101 5694//2002 5695//2001
f 5594//2101 5593//2102 5693//2003 5694//2002
f 5593//2102 5592//2103 5692//2004 5693//2003
f 5592//2103 5591//2104 5691//2005 5692//2004
f 5591//2104 5590//2105 5690//2006 5691//2005
f 5590//2105 5589//2106 5689//2007 5690//2006
f 5589//2106 5588//2107 5688//2008 5689//2007
f 5588//2107 5587//2108 5687//2009 5688//2008
f 5587//2108 5586//2109 5686//2010 5687//2009
f 5586//2109 5585//2110 5685//2011 5686//2010
f 5585//2110 5584//2111 5684//2012 5685//2011
f 5584//2111 5583//2112 5683//2013 5684//2012
f 5583//2112 5582//2113 5682//2014 5683//2013
f 5582//2113 5581//72 5681//74 5682//2014
f 69//115 5580//2114 5680//2015 71//116
f 5580//2114 5579//2115 5679//2016 5680//2015
f 5579//2115 5578//2116 5678//2017 5679//2016
f 5578//2116 5577//2117 5677//2018 5678//2017
f 5577//2117 5576//2118 5676//2019 5677//2018
f 5576//2118 5575//2119 5675//2020 5676//2019
f 5575//2119 5574//2120 5674//2021 5675//2020
f 5574//2120 5573//2121 5673//2022 5674//2021
f 5573//2121 5572//2122 5672//2023 5673//2022
f 5572//2122 5571//2123 5671//2024 5672//2023
f 5571//2123 5570//2124 5670//2025 5671//2024
f 5570//2124 5569//2125 5669//2026 5670//2025
f 5569//2125 5568//2126 5668//2027 5669//2026
f 5568//2126 5567//2127 5667//2028 5668//2027
f 5567//2127 5566//2128 5666//2029 5667//2028
f 5566//2128 5565//2129 5665//2030 5666//2029
f 5565//2129 5564//2130 5664//2031 5665//2030
f 5564//2130 5563//2131 5663//2032 5664//2031
f 5563//2131 5562//2132 5662//2033 5663//2032
f 5562//2132 5561//2133 5661//2034 5662//2033
f 5561//2133 5560//2134 5660//2035 5661//2034
f 5560//2134 5559//2135 5659//2036 5660//2035
f 5559//2135 5558//2136 5658//2037 5659//2036
f 5558//2136 5557//2137 5657//2038 5658//2037
f 5557//2137 5556//2138 5656//2039 5657//2038
f 5556//2138 5555//2139 5655//2040 5656//2039
f 5555//2139 5554//2140 5654//2041 5655//2040
f 5554//2140 5553//2141 5653//2042 5654//2041
f 5553//2141 5552//2142 5652//2043 5653//2042
f 5552//2142 5551//2143 5651//2044 5652//2043
f 5551//2143 5550//2144 5650//2045 5651//2044
f 5550//2144 5549//2145 5649//2046 5650//2045
f 5549//2145 5548//2146 5648//2047 5649//2046
f 5548//2146 5547//2147 5647//2048 5648//2047
f 5547//2147 5546//2148 5646//2049 5647//2048
f 5546//2148 5545//2149 5645//2050 5646//2049
f 5545//2149 5544//2150 5644//2051 5645//2050
f 5544//2150 5543//2151 5643//2052 5644//2051
f 5543//2151 5542//2152 5642//2053 5643//2052
f 5542//2152 5541//2153 5641//2054 5642//2053
f 5541//2153 5540//2154 5640//2055 5641//2054
f 5540//2154 5539//2155 5639//2056 5640//2055
f 5539//2155 5538//2156 5638//2057 5639//2056
f 5538//2156 5537//2157 5637//2058 5638//2057
f 5537//2157 5536//2158 5636//2059 5637//2058
f 5536//2158 5535//2159 5635//2060 5636//2059
f 5535//2159 5534//2160 5634//2061 5635//2060
f 5534//2160 5533//2161 5633//2062 5634//2061
f 5533//2161 5532//2162 5632//2063 5633//2062
f 5532//2162 5531//2163 5631//2064 5632//2063
f 5531//2163 5530//2164 5630//2065 5631//2064
f 5530//2164 5529//2165 5629//2066 5630//2065
f 5529//2165 5528//2166 5628//2067 5629//2066
f 5528//2166 5527//2167 5627//2068 5628//2067
f 5527//2167 5526//2168 5626//2069 5627//2068
f 5526//2168 5525//2169 5625//2070 5626//2069
f 5525//2169 5524//2170 5624//2071 5625//2070
f 5524//2170 5523//2171 5623//2072 5624//2071
f 5523//2171 5522//2172 5622//2073 5623//2072
f 5522//2172 5521//2173 5621//2074 5622//2073
f 5521//2173 5520//2174 5620//2075 5621//2074
f 5520//2174 5519//2175 5619//2076 5620//2075
f 5519//2175 5518//2176 5618//2077 5619//2076
f 5518//2176 5517//2177 5617//2078 5618//2077
f 5517//2177 5516//2178 5616//2079 5617//2078
f 5516//2178 5515//2179 5615//2080 5616//2079
f 5515//2179 5514//2180 5614//2081 5615//2080
f 5514//2180 5513//2181 5613//2082 5614//2081
f 5513//2181 5512//2182 5612//2083 5613//2082
f 5512//2182 5511//2183 5611//2084 5612//2083
f 5511//2183 5510//2184 5610//2085 5611//2084
f 5510//2184 5509//2185 5609//2086 5610//2085
f 5509//2185 5508//2186 5608//2087 5609//2086
f 5508//2186 5507//2187 5607//2088 5608//2087
f 5507//2187 5506//2188 5606//2089 5607//2088
f 5506//2188 5505//2189 5605//2090 5606//2089
f 5505//2189 5504//2190 5604//2091 5605//2090
f 5504//2190 5503//2191 5603//2092 5604//2091
f 5503//2191 5502//2192 5602//2093 5603//2092
f 5502//2192 5501//2193 5601//2094 5602//2093
f 5501//2193 5500//2194 5600//2095 5601//2094
f 5500//2194 5499//2195 5599//2096 5600//2095
f 5499//2195 5498//2196 5598//2097 5599//2096
f 5498//2196 5497//2197 5597//2098 5598//2097
f 5497//2197 5496//2198 5596//2099 5597//2098
f 5496//2198 5495//2199 5595//2100 5596//2099
f 5495//2199 5494//2200 5594//2101 5595//2100
f 5494//2200 5493//2201 5593//2102 5594//2101
f 5493//2201 5492//2202 5592//2103 5593//2102
f 5492//2202 5491//2203 5591//2104 5592//2103
f 5491//2203 5490//2204 5590//2105 5591//2104
f 5490//2204 5489//2205 5589//2106 5590//2105
f 5489//2205 5488//2206 5588//2107 5589//2106
f 5488//2206 5487//2207 5587//2108 5588//2107
f 5487//2207 5486//2208 5586//2109 5587//2108
f 5486//2208 5485//2209 5585//2110 5586//2109
f 5485//2209 5484//2210 5584//2111 5585//2110
f 5484//2210 5483//2211 5583//2112 5584//2111
f 5483//2211 5482//2212 5582//2113 5583//2112
f 5482//2212 5481//70 5581//72 5582//2113
f 67//114 5480//2213 5580//2114 69//115
f 5480//2213 5479//2214 5579//2115 5580//2114
f 5479//2214 5478//2215 5578//2116 5579//2115
f 5478//2215 5477//2216 5577//2117 5578//2116
f 5477//2216 5476//2217 5576//2118 5577//2117
f 5476//2217 5475//2218 5575//2119 5576//2118
f 5475//2218 5474//2219 5574//2120 5575//2119
f 5474//2219 5473//2220 5573//2121 5574//2120
f 5473//2220 5472//2221 5572//2122 5573//2121
f 5472//2221 5471//2222 5571//2123 5572//2122
f 5471//2222 5470//2223 5570//2124 5571//2123
f 5470//2223 5469//2224 5569//2125 5570//2124
f 5469//2224 5468//2225 5568//2126 5569//2125
f 5468//2225 5467//2226 5567//2127 5568//2126
f 5467//2226 5466//2227 5566//2128 5567//2127
f 5466//2227 5465//2228 5565//2129 5566//2128
f 5465//2228 5464//2229 5564//2130 5565//2129
f 5464//2229 5463//2230 5563//2131 5564//2130
f 5463//2230 5462//2231 5562//2132 5563//2131
f 5462//2231 5461//2232 5561//2133 5562//2132
f 5461//2232 5460//2233 5560//2134 5561//2133
f 5460//2233 5459//2234 5559//2135 5560//2134
f 5459//2234 5458//2235 5558//2136 5559//2135
f 5458//2235 5457//2236 5557//2137 5558//2136
f 5457//2236 5456//2237 5556//2138 5557//2137
f 5456//2237 5455//2238 5555//2139 5556//2138
f 5455//2238 5454//2239 5554//2140 5555//2139
f 5454//2239 5453//2240 5553//2141 5554//2140
f 5453//2240 5452//2241 5552//2142 5553//2141
f 5452//2241 5451//2242 5551//2143 5552//2142
f 5451//2242 5450//2243 5550//2144 5551//2143
f 5450//2243 5449//2244 5549//2145 5550//2144
f 5449//2244 5448//2245 5548//2146 5549//2145
f 5448//2245 5447//2246 5547//2147 5548//2146
f 5447//2246 5446//2247 5546//2148 5547//2147
f 5446//2247 5445//2248 5545//2149 5546//2148
f 5445//2248 5444//2249 5544//2150 5545//2149
f 5444//2249 5443//2250 5543//2151 5544//2150
f 5443//2250 5442//2251 5542//2152 5543//2151
f 5442//2251 5441//2252 5541//2153 5542//2152
f 5441//2252 5440//2253 5540//2154 5541//2153
f 5440//2253 5439//2254 5539//2155 5540//2154
f 5439//2254 5438//2255 5538//2156 5539//2155
f 5438//2255 5437//2256 5537//2157 5538//2156
f 5437//2256 5436//2257 5536//2158 5537//2157
f 5436//2257 5435//2258 5535//2159 5536//2158
f 5435//2258 5434//2259 5534//2160 5535//2159
f 5434//2259 5433//2260 5533//2161 5534//2160
f 5433//2260 5432//2261 5532//2162 5533//2161
f 5432//2261 5431//2262 5531//2163 5532//2162
f 5431//2262 5430//2263 5530//2164 5531//2163
f 5430//2263 5429//2264 5529//2165 5530//2164
f 5429//2264 5428//2265 5528//2166 5529//2165
f 5428//2265 5427//2266 5527//2167 5528//2166
f 5427//2266 5426//2267 5526//2168 5527//2167
f 5426//2267 5425//2268 5525//2169 5526//2168
f 5425//2268 5424//2269 5524//2170 5525//2169
f 5424//2269 5423//2270 5523//2171 5524//2170
f 5423//2270 5422//2271 5522//2172 5523//2171
f 5422//2271 5421//2272 5521//2173 5522//2172
f 5421//2272 5420//2273 5520//2174 5521//2173
f 5420//2273 5419//2274 5519//2175 5520//2174
f 5419//2274 5418//2275 5518//2176 5519//2175
f 5418//2275 5417//2276 5517//2177 5518//2176
f 5417//2276 5416//2277 5516//2178 5517//2177
f 5416//2277 5415//2278 5515//2179 5516//2178
f 5415//2278 5414//2279 5514//2180 5515//2179
f 5414//2279 5413//2280 5513//2181 5514//2180
f 5413//2280 5412//2281 5512//2182 5513//2181
f 5412//2281 5411//2282 5511//2183 5512//2182
f 5411//2282 5410//2283 5510//2184 5511//2183
f 5410//2283 5409//2284 5509//2185 5510//2184
f 5409//2284 5408//2285 5508//2186 5509//2185
f 5408//2285 5407//2286 5507//2187 5508//2186
f 5407//2286 5406//2287 5506//2188 5507//2187
f 5406//2287 5405//2288 5505//2189 5506//2188
f 5405//2288 5404//2289 5504//2190 5505//2189
f 5404//2289 5403//2290 5503//2191 5504//2190
f 5403//2290 5402//2291 5502//2192 5503//2191
f 5402//2291 5401//2292 5501//2193 5502//2192
f 5401//2292 5400//2293 5500//2194 5501//2193
f 5400//2293 5399//2294 5499//2195 5500//2194
f 5399//2294 5398//2295 5498//2196 5499//2195
f 5398//2295 5397//2296 5497//2197 5498//2196
f 5397//2296 5396//2297 5496//2198 5497//2197
f 5396//2297 5395//2298 5495//2199 5496//2198
f 5395//2298 5394//2299 5494//2200 5495//2199
f 5394//2299 5393//2300 5493//2201 5494//2200
f 5393//2300 5392//2301 5492//2202 5493//2201
f 5392//2301 5391//2302 5491//2203 5492//2202
f 5391//2302 5390//2303 5490//2204 5491//2203
f 5390//2303 5389//2304 5489//2205 5490//2204
f 5389//2304 5388//2305 5488//2206 5489//2205
f 5388//2305 5387//2306 5487//2207 5488//2206
f 5387//2306 5386//2307 5486//2208 5487//2207
f 5386//2307 5385//2308 5485//2209 5486//2208
f 5385//2308 5384//2309 5484//2210 5485//2209
f 5384//2309 5383//2310 5483//2211 5484//2210
f 5383//2310 5382//2311 5482//2212 5483//2211
f 5382//2311 5381//68 5481//70 5482//2212
f 65//113 5380//2312 5480//2213 67//114
f 5380//2312 5379//2313 5479//2214 5480//2213
f 5379//2313 5378//2314 5478//2215 5479//2214
f 5378//2314 5377//2315 5477//2216 5478//2215
f 5377//2315 5376//2316 5476//2217 5477//2216
f 5376//2316 5375//2317 5475//2218 5476//2217
f 5375//2317 5374//2318 5474//2219 5475//2218
f 5374//2318 5373//2319 5473//2220 5474//2219
f 5373//2319 5372//2320 5472//2221 5473//2220
f 5372//2320 5371//2321 5471//2222 5472//2221
f 5371//2321 5370//2322 5470//2223 5471//2222
f 5370//2322 5369//2323 5469//2224 5470//2223
f 5369//2323 5368//2324 5468//2225 5469//2224
f 5368//2324 5367//2325 5467//2226 5468//2225
f 5367//2325 5366//2326 5466//2227 5467//2226
f 5366//2326 5365//2327 5465//2228 5466//2227
f 5365//2327 5364//2328 5464//2229 5465//2228
f 5364//2328 5363//2329 5463//2230 5464//2229
f 5363//2329 5362//2330 5462//2231 5463//2230
f 5362//2330 5361//2331 5461//2232 5462//2231
f 5361//2331 5360//2332 5460//2233 5461//2232
f 5360//2332 5359//2333 5459//2234 5460//2233
f 5359//2333 5358//2334 5458//2235 5459//2234
f 5358//2334 5357//2335 5457//2236 5458//2235
f 5357//2335 5356//2336 5456//2237 5457//2236
f 5356//2336 5355//2337 5455//2238 5456//2237
f 5355//2337 5354//2338 5454//2239 5455//2238
f 5354//2338 5353//2339 5453//2240 5454//2239
f 5353//2339 5352//2340 5452//2241 5453//2240
f 5352//2340 5351//2341 5451//2242 5452//2241
f 5351//2341 5350//2342 5450//2243 5451//2242
f 5350//2342 5349//2343 5449//2244 5450//2243
f 5349//2343 5348//2344 5448//2245 5449//2244
f 5348//2344 5347//2345 5447//2246 5448//2245
f 5347//2345 5346//2346 5446//2247 5447//2246
f 5346//2346 5345//2347 5445//2248 5446//2247
f 5345//2347 5344//2348 5444//2249 5445//2248
f 5344//2348 5343//2349 5443//2250 5444//2249
f 5343//2349 5342//2350 5442//2251 5443//2250
f 5342//2350 5341//2351 5441//2252 5442//2251
f 5341//2351 5340//2352 5440//2253 5441//2252
f 5340//2352 5339//2353 5439//2254 5440//2253
f 5339//2353 5338//2354 5438//2255 5439//2254
f 5338//2354 5337//2355 5437//2256 5438//2255
f 5337//2355 5336//2356 5436//2257 5437//2256
f 5336//2356 5335//2357 5435//2258 5436//2257
f 5335//2357 5334//2358 5434//2259 5435//2258
f 5334//2358 5333//2359 5433//2260 5434//2259
f 5333//2359 5332//2360 5432//2261 5433//2260
f 5332//2360 5331//2361 5431//2262 5432//2261
f 5331//2361 5330//2362 5430//2263 5431//2262
f 5330//2362 5329//2363 5429//2264 5430//2263
f 5329//2363 5328//2364 5428//2265 5429//2264
f 5328//2364 5327//2365 5427//2266 5428//2265
f 5327//2365 5326//2366 5426//2267 5427//2266
f 5326//2366 5325//2367 5425//2268 5426//2267
f 5325//2367 5324//2368 5424//2269 5425//2268
f 5324//2368 5323//2369 5423//2270 5424//2269
f 5323//2369 5322//2370 5422//2271 5423//2270
f 5322//2370 5321//2371 5421//2272 5422//2271
f 5321//2371 5320//2372 5420//2273 5421//2272
f 5320//2372 5319//2373 5419//2274 5420//2273
f 5319//2373 5318//2374 5418//2275 5419//2274
f 5318//2374 5317//2375 5417//2276 5418//2275
f 5317//2375 5316//2376 5416//2277 5417//2276
f 5316//2376 5315//2377 5415//2278 5416//2277
f 5315//2377 5314//2378 5414//2279 5415//2278
f 5314//2378 5313//2379 5413//2280 5414//2279
f 5313//2379 5312//2380 5412//2281 5413//2280
f 5312//2380 5311//2381 5411//2282 5412//2281
f 5311//2381 5310//2382 5410//2283 5411//2282
f 5310//2382 5309//2383 5409//2284 5410//2283
f 5309//2383 5308//2384 5408//2285 5409//2284
f 5308//2384 5307//2385 5407//2286 5408//2285
f 5307//2385 5306//2386 5406//2287 5407//2286
f 5306//2386 5305//2387 5405//2288 5406//2287
f 5305//2387 5304//2388 5404//2289 5405//2288
f 5304//2388 5303//2389 5403//2290 5404//2289
f 5303//2389 5302//2390 5402//2291 5403//2290
f 5302//2390 5301//2391 5401//2292 5402//2291
f 5301//2391 5300//2392 5400//2293 5401//2292
f 5300//2392 5299//2393 5399//2294 5400//2293
f 5299//2393 5298//2394 5398//2295 5399//2294
f 5298//2394 5297//2395 5397//2296 5398//2295
f 5297//2395 5296//2396 5396//2297 5397//2296
f 5296//2396 5295//2397 5395//2298 5396//2297
f 5295//2397 5294//2398 5394//2299 5395//2298
f 5294//2398 5293//2399 5393//2300 5394//2299
f 5293//2399 5292//2400 5392//2301 5393//2300
f 5292//2400 5291//2401 5391//2302 5392//2301
f 5291//2401 5290//2402 5390//2303 5391//2302
f 5290//2402 5289//2403 5389//2304 5390//2303
f 5289//2403 5288//2404 5388//2305 5389//2304
f 5288//2404 5287//2405 5387//2306 5388//2305
f 5287//2405 5286//2406 5386//2307 5387//2306
f 5286//2406 5285//2407 5385//2308 5386//2307
f 5285//2407 5284//2408 5384//2309 5385//2308
f 5284//2408 5283//2409 5383//2310 5384//2309
f 5283//2409 5282//2410 5382//2311 5383//2310
f 5282//2410 5281//66 5381//68 5382//2311
f 63//112 5280//2411 5380//2312 65//113
f 5280//2411 5279//2412 5379//2313 5380//2312
f 5279//2412 5278//2413 5378//2314 5379//2313
f 5278//2413 5277//2414 5377//2315 5378//2314
f 5277//2414 5276//2415 5376//2316 5377//2315
f 5276//2415 5275//2416 5375//2317 5376//2316
f 5275//2416 5274//2417 5374//2318 5375//2317
f 5274//2417 5273//2418 5373//2319 5374//2318
f 5273//2418 5272//2419 5372//2320 5373//2319
f 5272//2419 5271//2420 5371//2321 5372//2320
f 5271//2420 5270//2421 5370//2322 5371//2321
f 5270//2421 5269//2422 5369//2323 5370//2322
f 5269//2422 5268//2423 5368//2324 5369//2323
f 5268//2423 5267//2424 5367//2325 5368//2324
f 5267//2424 5266//2425 5366//2326 5367//2325
f 5266//2425 5265//2426 5365//2327 5366//2326
f 5265//2426 5264//2427 5364//2328 5365//2327
f 5264//2427 5263//2428 5363//2329 5364//2328
f 5263//2428 5262//2429 5362//2330 5363//2329
f 5262//2429 5261//2430 5361//2331 5362//2330
f 5261//2430 5260//2431 5360//2332 5361//2331
f 5260//2431 5259//2432 5359//2333 5360//2332
f 5259//2432 5258//2433 5358//2334 5359//2333
f 5258//2433 5257//2434 5357//2335 5358//2334
f 5257//2434 5256//2435 5356//2336 5357//2335
f 5256//2435 5255//2436 5355//2337 5356//2336
f 5255//2436 5254//2437 5354//2338 5355//2337
f 5254//2437 5253//2438 5353//2339 5354//2338
f 5253//2438 5252//2439 5352//2340 5353//2339
f 5252//2439 5251//2440 5351//2341 5352//2340
f 5251//2440 5250//2441 5350//2342 5351//2341
f 5250//2441 5249//2442 5349//2343 5350//2342
f 5249//2442 5248//2443 5348//2344 5349//2343
f 5248//2443 5247//2444 5347//2345 5348//2344
f 5247//2444 5246//2445 5346//2346 5347//2345
f 5246//2445 5245//2446 5345//2347 5346//2346
f 5245//2446 5244//2447 5344//2348 5345//2347
f 5244//2447 5243//2448 5343//2349 5344//2348
f 5243//2448 5242//2449 5342//2350 5343//2349
f 5242//2449 5241//2450 5341//2351 5342//2350
f 5241//2450 5240//2451 5340//2352 5341//2351
f 5240//2451 5239//2452 5339//2353 5340//2352
f 5239//2452 5238//2453 5338//2354 5339//2353
f 5238//2453 5237//2454 5337//2355 5338//2354
f 5237//2454 5236//2455 5336//2356 5337//2355
f 5236//2455 5235//2456 5335//2357 5336//2356
f 5235//2456 5234//2457 5334//2358 5335//2357
f 5234//2457 5233//2458 5333//2359 5334//2358
f 5233//2458 5232//2459 5332//2360 5333//2359
f 5232//2459 5231//2460 5331//2361 5332//2360
f 5231//2460 5230//2461 5330//2362 5331//2361
f 5230//2461 5229//2462 5329//2363 5330//2362
f 5229//2462 5228//2463 5328//2364 5329//2363
f 5228//2463 5227//2464 5327//2365 5328//2364
f 5227//2464 5226//2465 5326//2366 5327//2365
f 5226//2465 5225//2466 5325//2367 5326//2366
f 5225//2466 5224//2467 5324//2368 5325//2367
f 5224//2467 5223//2468 5323//2369 5324//2368
f 5223//2468 5222//2469 5322//2370 5323//2369
f 5222//2469 5221//2470 5321//2371 5322//2370
f 5221//2470 5220//2471 5320//2372 5321//2371
f 5220//2471 5219//2472 5319//2373 5320//2372
f 5219//2472 5218//2473 5318//2374 5319//2373
f 5218//2473 5217//2474 5317//2375 5318//2374
f 5217//2474 5216//2475 5316//2376 5317//2375
f 5216//2475 5215//2476 5315//2377 5316//2376
f 5215//2476 5214//2477 5314//2378 5315//2377
f 5214//2477 5213//2478 5313//2379 5314//2378
f 5213//2478 5212//2479 5312//2380 5313//2379
f 5212//2479 5211//2480 5311//2381 5312//2380
f 5211//2480 5210//2481 5310//2382 5311//2381
f 5210//2481 5209//2482 5309//2383 5310//2382
f 5209//2482 5208//2483 5308//2384 5309//2383
f 5208//2483 5207//2484 5307//2385 5308//2384
f 5207//2484 5206//2485 5306//2386 5307//2385
f 5206//2485 5205//2486 5305//2387 5306//2386
f 5205//2486 5204//2487 5304//2388 5305//2387
f 5204//2487 5203//2488 5303//2389 5304//2388
f 5203//2488 5202//2489 5302//2390 5303//2389
f 5202//2489 5201//2490 5301//2391 5302//2390
f 5201//2490 5200//2491 5300//2392 5301//2391
f 5200//2491 5199//2492 5299//2393 5300//2392
f 5199//2492 5198//2493 5298//2394 5299//2393
f 5198//2493 5197//2494 5297//2395 5298//2394
f 5197//2494 5196//2495 5296//2396 5297//2395
f 5196//2495 5195//2496 5295//2397 5296//2396
f 5195//2496 5194//2497 5294//2398 5295//2397
f 5194//2497 5193//2498 5293//2399 5294//2398
f 5193//2498 5192//2499 5292//2400 5293//2399
f 5192//2499 5191//2500 5291//2401 5292//2400
f 5191//2500 5190//2501 5290//2402 5291//2401
f 5190//2501 5189//2502 5289//2403 5290//2402
f 5189//2502 5188//2503 5288//2404 5289//2403
f 5188//2503 5187//2504 5287//2405 5288//2404
f 5187//2504 5186//2505 5286//2406 5287//2405
f 5186//2505 5185//2506 5285//2407 5286//2406
f 5185//2506 5184//2507 5284//2408 5285//2407
f 5184//2507 5183//2508 5283//2409 5284//2408
f 5183//2508 5182//2509 5282//2410 5283//2409
f 5182//2509 5181//64 5281//66 5282//2410
f 61//111 5180//2510 5280//2411 63//112
f 5180//2510 5179//2511 5279//2412 5280//2411
f 5179//2511 5178//2512 5278//2413 5279//2412
f 5178//2512 5177//2513 5277//2414 5278//2413
f 5177//2513 5176//2514 5276//2415 5277//2414
f 5176//2514 5175//2515 5275//2416 5276//2415
f 5175//2515 5174//2516 5274//2417 5275//2416
f 5174//2516 5173//2517 5273//2418 5274//2417
f 5173//2517 5172//2518 5272//2419 5273//2418
f 5172//2518 5171//2519 5271//2420 5272//2419
f 5171//2519 5170//2520 5270//2421 5271//2420
f 5170//2520 5169//2521 5269//2422 5270//2421
f 5169//2521 5168//2522 5268//2423 5269//2422
f 5168//2522 5167//2523 5267//2424 5268//2423
f 5167//2523 5166//2524 5266//2425 5267//2424
f 5166//2524 5165//2525 5265//2426 5266//2425
f 5165//2525 5164//2526 5264//2427 5265//2426
f 5164//2526 5163//2527 5263//2428 5264//2427
f 5163//2527 5162//2528 5262//2429 5263//2428
f 5162//2528 5161//2529 5261//2430 5262//2429
f 5161//2529 5160//2530 5260//2431 5261//2430
f 5160//2530 5159//2531 5259//2432 5260//2431
f 5159//2531 5158//2532 5258//2433 5259//2432
f 5158//2532 5157//2533 5257//2434 5258//2433
f 5157//2533 5156//2534 5256//2435 5257//2434
f 5156//2534 5155//2535 5255//2436 5256//2435
f 5155//2535 5154//2536 5254//2437 5255//2436
f 5154//2536 5153//2537 5253//2438 5254//2437
f 5153//2537 5152//2538 5252//2439 5253//2438
f 5152//2538 5151//2539 5251//2440 5252//2439
f 5151//2539 5150//2540 5250//2441 5251//2440
f 5150//2540 5149//2541 5249//2442 5250//2441
f 5149//2541 5148//2542 5248//2443 5249//2442
f 5148//2542 5147//2543 5247//2444 5248//2443
f 5147//2543 5146//2544 5246//2445 5247//2444
f 5146//2544 5145//2545 5245//2446 5246//2445
f 5145//2545 5144//2546 5244//2447 5245//2446
f 5144//2546 5143//2547 5243//2448 5244//2447
f 5143//2547 5142//2548 5242//2449 5243//2448
f 5142//2548 5141//2549 5241//2450 5242//2449
f 5141//2549 5140//2550 5240//2451 5241//2450
f 5140//2550 5139//2551 5239//2452 5240//2451
f 5139//2551 5138//2552 5238//2453 5239//2452
f 5138//2552 5137//2553 5237//2454 5238//2453
f 5137//2553 5136//2554 5236//2455 5237//2454
f 5136//2554 5135//2555 5235//2456 5236//2455
f 5135//2555 5134//2556 5234//2457 5235//2456
f 5134//2556 5133//2557 5233//2458 5234//2457
f 5133//2557 5132//2558 5232//2459 5233//2458
f 5132//2558 5131//2559 5231//2460 5232//2459
f 5131//2559 5130//2560 5230//2461 5231//2460
f 5130//2560 5129//2561 5229//2462 5230//2461
f 5129//2561 5128//2562 5228//2463 5229//2462
f 5128//2562 5127//2563 5227//2464 5228//2463
f 5127//2563 5126//2564 5226//2465 5227//2464
f 5126//2564 5125//2565 5225//2466 5226//2465
f 5125//2565 5124//2566 5224//2467 5225//2466
f 5124//2566 5123//2567 5223//2468 5224//2467
f 5123//2567 5122//2568 5222//2469 5223//2468
f 5122//2568 5121//2569 5221//2470 5222//2469
f 5121//2569 5120//2570 5220//2471 5221//2470
f 5120//2570 5119//2571 5219//2472 5220//2471
f 5119//2571 5118//2572 5218//2473 5219//2472
f 5118//2572 5117//2573 5217//2474 5218//2473
f 5117//2573 5116//2574 5216//2475 5217//2474
f 5116//2574 5115//2575 5215//2476 5216//2475
f 5115//2575 5114//2576 5214//2477 5215//2476
f 5114//2576 5113//2577 5213//2478 5214//2477
f 5113//2577 5112//2578 5212//2479 5213//2478
f 5112//2578 5111//2579 5211//2480 5212//2479
f 5111//2579 5110//2580 5210//2481 5211//2480
f 5110//2580 5109//2581 5209//2482 5210//2481
f 5109//2581 5108//2582 5208//2483 5209//2482
f 5108//2582 5107//2583 5207//2484 5208//2483
f 5107//2583 5106//2584 5206//2485 5207//2484
f 5106//2584 5105//2585 5205//2486 5206//2485
f 5105//2585 5104//2586 5204//2487 5205//2486
f 5104//2586 5103//2587 5203//2488 5204//2487
f 5103//2587 5102//2588 5202//2489 5203//2488
f 5102//2588 5101//2589 5201//2490 5202//2489
f 5101//2589 5100//2590 5200//2491 5201//2490
f 5100//2590 5099//2591 5199//2492 5200//2491
f 5099//2591 5098//2592 5198//2493 5199//2492
f 5098//2592 5097//2593 5197//2494 5198//2493
f 5097//2593 5096//2594 5196//2495 5197//2494
f 5096//2594 5095//2595 5195//2496 5196//2495
f 5095//2595 5094//2596 5194//2497 5195//2496
f 5094//2596 5093//2597 5193//2498 5194//2497
f 5093//2597 5092//2598 5192//2499 5193//2498
f 5092//2598 5091//2599 5191//2500 5192//2499
f 5091//2599 5090//2600 5190//2501 5191//2500
f 5090//2600 5089//2601 5189//2502 5190//2501
f 5089//2601 5088//2602 5188//2503 5189//2502
f 5088//2602 5087//2603 5187//2504 5188//2503
f 5087//2603 5086//2604 5186//2505 5187//2504
f 5086//2604 5085//2605 5185//2506 5186//2505
f 5085//2605 5084//2606 5184//2507 5185//2506
f 5084//2606 5083//2607 5183//2508 5184//2507
f 5083//2607 5082//2608 5182//2509 5183//2508
f 5082//2608 5081//62 5181//64 5182//2509
f 59//110 5080//2609 5180//2510 61//111
f 5080//2609 5079//2610 5179//2511 5180//2510
f 5079//2610 5078//2611 5178//2512 5179//2511
f 5078//2611 5077//2612 5177//2513 5178//2512
f 5077//2612 5076//2613 5176//2514 5177//2513
f 5076//2613 5075//2614 5175//2515 5176//2514
f 5075//2614 5074//2615 5174//2516 5175//2515
f 5074//2615 5073//2616 5173//2517 5174//2516
f 5073//2616 5072//2617 5172//2518 5173//2517
f 5072//2617 5071//2618 5171//2519 5172//2518
f 5071//2618 5070//2619 5170//2520 5171//2519
f 5070//2619 5069//2620 5169//2521 5170//2520
f 5069//2620 5068//2621 5168//2522 5169//2521
f 5068//2621 5067//2622 5167//2523 5168//2522
f 5067//2622 5066//2623 5166//2524 5167//2523
f 5066//2623 5065//2624 5165//2525 5166//2524
f 5065//2624 5064//2625 5164//2526 5165//2525
f 5064//2625 5063//2626 5163//2527 5164//2526
f 5063//2626 5062//2627 5162//2528 5163//2527
f 5062//2627 5061//2628 5161//2529 5162//2528
f 5061//2628 5060//2629 5160//2530 5161//2529
f 5060//2629 5059//2630 5159//2531 5160//2530
f 5059//2630 5058//2631 5158//2532 5159//2531
f 5058//2631 5057//2632 5157//2533 5158//2532
f 5057//2632 5056//2633 5156//2534 5157//2533
f 5056//2633 5055//2634 5155//2535 5156//2534
f 5055//2634 5054//2635 5154//2536 5155//2535
f 5054//2635 5053//2636 5153//2537 5154//2536
f 5053//2636 5052//2637 5152//2538 5153//2537
f 5052//2637 5051//2638 5151//2539 5152//2538
f 5051//2638 5050//2639 5150//2540 5151//2539
f 5050//2639 5049//2640 5149//2541 5150//2540
f 5049//2640 5048//2641 5148//2542 5149//2541
f 5048//2641 5047//2642 5147//2543 5148//2542
f 5047//2642 5046//2643 5146//2544 5147//2543
f 5046//2643 5045//2644 5145//2545 5146//2544
f 5045//2644 5044//2645 5144//2546 5145//2545
f 5044//2645 5043//2646 5143//2547 5144//2546
f 5043//2646 5042//2647 5142//2548 5143//2547
f 5042//2647 5041//2648 5141//2549 5142//2548
f 5041//2648 5040//2649 5140//2550 5141//2549
f 5040//2649 5039//2650 5139//2551 5140//2550
f 5039//2650 5038//2651 5138//2552 5139//2551
f 5038//2651 5037//2652 5137//2553 5138//2552
f 5037//2652 5036//2653 5136//2554 5137//2553
f 5036//2653 5035//2654 5135//2555 5136//2554
f 5035//2654 5034//2655 5134//2556 5135//2555
f 5034//2655 5033//2656 5133//2557 5134//2556
f 5033//2656 5032//2657 5132//2558 5133//2557
f 5032//2657 5031//2658 5131//2559 5132//2558
f 5031//2658 5030//2659 5130//2560 5131//2559
f 5030//2659 5029//2660 5129//2561 5130//2560
f 5029//2660 5028//2661 5128//2562 5129//2561
f 5028//2661 5027//2662 5127//2563 5128//2562
f 5027//2662 5026//2663 5126//2564 5127//2563
f 5026//2663 5025//2664 5125//2565 5126//2564
f 5025//2664 5024//2665 5124//2566 5125//2565
f 5024//2665 5023//2666 5123//2567 5124//2566
f 5023//2666 5022//2667 5122//2568 5123//2567
f 5022//2667 5021//2668 5121//2569 5122//2568
f 5021//2668 5020//2669 5120//2570 5121//2569
f 5020//2669 5019//2670 5119//2571 5120//2570
f 5019//2670 5018//2671 5118//2572 5119//2571
f 5018//2671 5017//2672 5117//2573 5118//2572
f 5017//2672 5016//2673 5116//2574 5117//2573
f 5016//2673 5015//2674 5115//2575 5116//2574
f 5015//2674 5014//2675 5114//2576 5115//2575
f 5014//2675 5013//2676 5113//2577 5114//2576
f 5013//2676 5012//2677 5112//2578 5113//2577
f 5012//2677 5011//2678 5111//2579 5112//2578
f 5011//2678 5010//2679 5110//2580 5111//2579
f 5010//2679 5009//2680 5109//2581 5110//2580
f 5009//2680 5008//2681 5108//2582 5109//2581
f 5008//2681 5007//2682 5107//2583 5108//2582
f 5007//2682 5006//2683 5106//2584 5107//2583
f 5006//2683 5005//2684 5105//2585 5106//2584
f 5005//2684 5004//2685 5104//2586 5105//2585
f 5004//2685 5003//2686 5103//2587 5104//2586
f 5003//2686 5002//2687 5102//2588 5103//2587
f 5002//2687 5001//2688 5101//2589 5102//2588
f 5001//2688 5000//2689 5100//2590 5101//2589
f 5000//2689 4999//2690 5099//2591 5100//2590
f 4999//2690 4998//2691 5098//2592 5099//2591
f 4998//2691 4997//2692 5097//2593 5098//2592
f 4997//2692 4996//2693 5096//2594 5097//2593
f 4996//2693 4995//2694 5095//2595 5096//2594
f 4995//2694 4994//2695 5094//2596 5095//2595
f 4994//2695 4993//2696 5093//2597 5094//2596
f 4993//2696 4992//2697 5092//2598 5093//2597
f 4992//2697 4991//2698 5091//2599 5092//2598
f 4991//2698 4990//2699 5090//2600 5091//2599
f 4990//2699 4989//2700 5089//2601 5090//2600
f 4989//2700 4988//2701 5088//2602 5089//2601
f 4988//2701 4987//2702 5087//2603 5088//2602
f 4987//2702 4986//2703 5086//2604 5087//2603
f 4986//2703 4985//2704 5085//2605 5086//2604
f 4985//2704 4984//2705 5084//2606 5085//2605
f 4984//2705 4983//2706 5083//2607 5084//2606
f 4983//2706 4982//2707 5082//2608 5083//2607
f 4982//2707 4981//60 5081//62 5082//2608
f 57//109 4980//2708 5080//2609 59//110
f 4980//2708 4979//2709 5079//2610 5080//2609
f 4979//2709 4978//2710 5078//2611 5079//2610
f 4978//2710 4977//2711 5077//2612 5078//2611
f 4977//2711 4976//2712 5076//2613 5077//2612
f 4976//2712 4975//2713 5075//2614 5076//2613
f 4975//2713 4974//2714 5074//2615 5075//2614
f 4974//2714 4973//2715 5073//2616 5074//2615
f 4973//2715 4972//2716 5072//2617 5073//2616
f 4972//2716 4971//2717 5071//2618 5072//2617
f 4971//2717 4970//2718 5070//2619 5071//2618
f 4970//2718 4969//2719 5069//2620 5070//2619
f 4969//2719 4968//2720 5068//2621 5069//2620
f 4968//2720 4967//2721 5067//2622 5068//2621
f 4967//2721 4966//2722 5066//2623 5067//2622
f 4966//2722 4965//2723 5065//2624 5066//2623
f 4965//2723 4964//2724 5064//2625 5065//2624
f 4964//2724 4963//2725 5063//2626 5064//2625
f 4963//2725 4962//2726 5062//2627 5063//2626
f 4962//2726 4961//2727 5061//2628 5062//2627
f 4961//2727 4960//2728 5060//2629 5061//2628
f 4960//2728 4959//2729 5059//2630 5060//2629
f 4959//2729 4958//2730 5058//2631 5059//2630
f 4958//2730 4957//2731 5057//2632 5058//2631
f 4957//2731 4956//2732 5056//2633 5057//2632
f 4956//2732 4955//2733 5055//2634 5056//2633
f 4955//2733 4954//2734 5054//2635 5055//2634
f 4954//2734 4953//2735 5053//2636 5054//2635
f 4953//2735 4952//2736 5052//2637 5053//2636
f 4952//2736 4951//2737 5051//2638 5052//2637
f 4951//2737 4950//2738 5050//2639 5051//2638
f 4950//2738 4949//2739 5049//2640 5050//2639
f 4949//2739 4948//2740 5048//2641 5049//2640
f 4948//2740 4947//2741 5047//2642 5048//2641
f 4947//2741 4946//2742 5046//2643 5047//2642
f 4946//2742 4945//2743 5045//2644 5046//2643
f 4945//2743 4944//2744 5044//2645 5045//2644
f 4944//2744 4943//2745 5043//2646 5044//2645
f 4943//2745 4942//2746 5042//2647 5043//2646
f 4942//2746 4941//2747 5041//2648 5042//2647
f 4941//2747 4940//2748 5040//2649 5041//2648
f 4940//2748 4939//2749 5039//2650 5040//2649
f 4939//2749 4938//2750 5038//2651 5039//2650
f 4938//2750 4937//2751 5037//2652 5038//2651
f 4937//2751 4936//2752 5036//2653 5037//2652
f 4936//2752 4935//2753 5035//2654 5036//2653
f 4935//2753 4934//2754 5034//2655 5035//2654
f 4934//2754 4933//2755 5033//2656 5034//2655
f 4933//2755 4932//2756 5032//2657 5033//2656
f 4932//2756 4931//2757 5031//2658 5032//2657
f 4931//2757 4930//2758 5030//2659 5031//2658
f 4930//2758 4929//2759 5029//2660 5030//2659
f 4929//2759 4928//2760 5028//2661 5029//2660
f 4928//2760 4927//2761 5027//2662 5028//2661
f 4927//2761 4926//2762 5026//2663 5027//2662
f 4926//2762 4925//2763 5025//2664 5026//2663
f 4925//2763 4924//2764 5024//2665 5025//2664
f 4924//2764 4923//2765 5023//2666 5024//2665
f 4923//2765 4922//2766 5022//2667 5023//2666
f 4922//2766 4921//2767 5021//2668 5022//2667
f 4921//2767 4920//2768 5020//2669 5021//2668
f 4920//2768 4919//2769 5019//2670 5020//2669
f 4919//2769 4918//2770 5018//2671 5019//2670
f 4918//2770 4917//2771 5017//2672 5018//2671
f 4917//2771 4916//2772 5016//2673 5017//2672
f 4916//2772 4915//2773 5015//2674 5016//2673
f 4915//2773 4914//2774 5014//2675 5015//2674
f 4914//2774 4913//2775 5013//2676 5014//2675
f 4913//2775 4912//2776 5012//2677 5013//2676
f 4912//2776 4911//2777 5011//2678 5012//2677
f 4911//2777 4910//2778 5010//2679 5011//2678
f 4910//2778 4909//2779 5009//2680 5010//2679
f 4909//2779 4908//2780 5008//2681 5009//2680
f 4908//2780 4907//2781 5007//2682 5008//2681
f 4907//2781 4906//2782 5006//2683 5007//2682
f 4906//2782 4905//2783 5005//2684 5006//2683
f 4905//2783 4904//2784 5004//2685 5005//2684
f 4904//2784 4903//2785 5003//2686 5004//2685
f 4903//2785 4902//2786 5002//2687 5003//2686
f 4902//2786 4901//2787 5001//2688 5002//2687
f 4901//2787 4900//2788 5000//2689 5001//2688
f 4900//2788 4899//2789 4999//2690 5000//2689
f 4899//2789 4898//2790 4998//2691 4999//2690
f 4898//2790 4897//2791 4997//2692 4998//2691
f 4897//2791 4896//2792 4996//2693 4997//2692
f 4896//2792 4895//2793 4995//2694 4996//2693
f 4895//2793 4894//2794 4994//2695 4995//2694
f 4894//2794 4893//2795 4993//2696 4994//2695
f 4893//2795 4892//2796 4992//2697 4993//2696
f 4892//2796 4891//2797 4991//2698 4992//2697
f 4891//2797 4890//2798 4990//2699 4991//2698
f 4890//2798 4889//2799 4989//2700 4990//2699
f 4889//2799 4888//2800 4988//2701 4989//2700
f 4888//2800 4887//2801 4987//2702 4988//2701
f 4887//2801 4886//2802 4986//2703 4987//2702
f 4886//2802 4885//2803 4985//2704 4986//2703
f 4885//2803 4884//2804 4984//2705 4985//2704
f 4884//2804 4883//2805 4983//2706 4984//2705
f 4883//2805 4882//2806 4982//2707 4983//2706
f 4882//2806 4881//58 4981//60 4982//2707
f 55//108 4880//2807 4980//2708 57//109
f 4880//2807 4879//2808 4979//2709 4980//2708
f 4879//2808 4878//2809 4978//2710 4979//2709
f 4878//2809 4877//2810 4977//2711 4978//2710
f 4877//2810 4876//2811 4976//2712 4977//2711
f 4876//2811 4875//2812 4975//2713 4976//2712
f 4875//2812 4874//2813 4974//2714 4975//2713
f 4874//2813 4873//2814 4973//2715 4974//2714
f 4873//2814 4872//2815 4972//2716 4973//2715
f 4872//2815 4871//2816 4971//2717 4972//2716
f 4871//2816 4870//2817 4970//2718 4971//2717
f 4870//2817 4869//2818 4969//2719 4970//2718
f 4869//2818 4868//2819 4968//2720 4969//2719
f 4868//2819 4867//2820 4967//2721 4968//2720
f 4867//2820 4866//2821 4966//2722 4967//2721
f 4866//2821 4865//2822 4965//2723 4966//2722
f 4865//2822 4864//2823 4964//2724 4965//2723
f 4864//2823 4863//2824 4963//2725 4964//2724
f 4863//2824 4862//2825 4962//2726 4963//2725
f 4862//2825 4861//2826 4961//2727 4962//2726
f 4861//2826 4860//2827 4960//2728 4961//2727
f 4860//2827 4859//2828 4959//2729 4960//2728
f 4859//2828 4858//2829 4958//2730 4959//2729
f 4858//2829 4857//2830 4957//2731 4958//2730
f 4857//2830 4856//2831 4956//2732 4957//2731
f 4856//2831 4855//2832 4955//2733 4956//2732
f 4855//2832 4854//2833 4954//2734 4955//2733
f 4854//2833 4853//2834 4953//2735 4954//2734
f 4853//2834 4852//2835 4952//2736 4953//2735
f 4852//2835 4851//2836 4951//2737 4952//2736
f 4851//2836 4850//2837 4950//2738 4951//2737
f 4850//2837 4849//2838 4949//2739 4950//2738
f 4849//2838 4848//2839 4948//2740 4949//2739
f 4848//2839 4847//2840 4947//2741 4948//2740
f 4847//2840 4846//2841 4946//2742 4947//2741
f 4846//2841 4845//2842 4945//2743 4946//2742
f 4845//2842 4844//2843 4944//2744 4945//2743
f 4844//2843 4843//2844 4943//2745 4944//2744
f 4843//2844 4842//2845 4942//2746 4943//2745
f 4842//2845 4841//2846 4941//2747 4942//2746
f 4841//2846 4840//2847 4940//2748 4941//2747
f 4840//2847 4839//2848 4939//2749 4940//2748
f 4839//2848 4838//2849 4938//2750 4939//2749
f 4838//2849 4837//2850 4937//2751 4938//2750
f 4837//2850 4836//2851 4936//2752 4937//2751
f 4836//2851 4835//2852 4935//2753 4936//2752
f 4835//2852 4834//2853 4934//2754 4935//2753
f 4834//2853 4833//2854 4933//2755 4934//2754
f 4833//2854 4832//2855 4932//2756 4933//2755
f 4832//2855 4831//2856 4931//2757 4932//2756
f 4831//2856 4830//2857 4930//2758 4931//2757
f 4830//2857 4829//2858 4929//2759 4930//2758
f 4829//2858 4828//2859 4928//2760 4929//2759
f 4828//2859 4827//2860 4927//2761 4928//2760
f 4827//2860 4826//2861 4926//2762 4927//2761
f 4826//2861 4825//2862 4925//2763 4926//2762
f 4825//2862 4824//2863 4924//2764 4925//2763
f 4824//2863 4823//2864 4923//2765 4924//2764
f 4823//2864 4822//2865 4922//2766 4923//2765
f 4822//2865 4821//2866 4921//2767 4922//2766
f 4821//2866 4820//2867 4920//2768 4921//2767
f 4820//2867 4819//2868 4919//2769 4920//2768
f 4819//2868 4818//2869 4918//2770 4919//2769
f 4818//2869 4817//2870 4917//2771 4918//2770
f 4817//2870 4816//2871 4916//2772 4917//2771
f 4816//2871 4815//2872 4915//2773 4916//2772
f 4815//2872 4814//2873 4914//2774 4915//2773
f 4814//2873 4813//2874 4913//2775 4914//2774
f 4813//2874 4812//2875 4912//2776 4913//2775
f 4812//2875 4811//2876 4911//2777 4912//2776
f 4811//2876 4810//2877 4910//2778 4911//2777
f 4810//2877 4809//2878 4909//2779 4910//2778
f 4809//2878 4808//2879 4908//2780 4909//2779
f 4808//2879 4807//2880 4907//2781 4908//2780
f 4807//2880 4806//2881 4906//2782 4907//2781
f 4806//2881 4805//2882 4905//2783 4906//2782
f 4805//2882 4804//2883 4904//2784 4905//2783
f 4804//2883 4803//2884 4903//2785 4904//2784
f 4803//2884 4802//2885 4902//2786 4903//2785
f 4802//2885 4801//2886 4901//2787 4902//2786
f 4801//2886 4800//2887 4900//2788 4901//2787
f 4800//2887 4799//2888 4899//2789 4900//2788
f 4799//2888 4798//2889 4898//2790 4899//2789
f 4798//2889 4797//2890 4897//2791 4898//2790
f 4797//2890 4796//2891 4896//2792 4897//2791
f 4796//2891 4795//2892 4895//2793 4896//2792
f 4795//2892 4794//2893 4894//2794 4895//2793
f 4794//2893 4793//2894 4893//2795 4894//2794
f 4793//2894 4792//2895 4892//2796 4893//2795
f 4792//2895 4791//2896 4891//2797 4892//2796
f 4791//2896 4790//2897 4890//2798 4891//2797
f 4790//2897 4789//2898 4889//2799 4890//2798
f 4789//2898 4788//2899 4888//2800 4889//2799
f 4788//2899 4787//2900 4887//2801 4888//2800
f 4787//2900 4786//2901 4886//2802 4887//2801
f 4786//2901 4785//2902 4885//2803 4886//2802
f 4785//2902 4784//2903 4884//2804 4885//2803
f 4784//2903 4783//2904 4883//2805 4884//2804
f 4783//2904 4782//2905 4882//2806 4883//2805
f 4782//2905 4781//56 4881//58 4882//2806
f 53//107 4780//2906 4880//2807 55//108
f 4780//2906 4779//2907 4879//2808 4880//2807
f 4779//2907 4778//2908 4878//2809 4879//2808
f 4778//2908 4777//2909 4877//2810 4878//2809
f 4777//2909 4776//2910 4876//2811 4877//2810
f 4776//2910 4775//2911 4875//2812 4876//2811
f 4775//2911 4774//2912 4874//2813 4875//2812
f 4774//2912 4773//2913 4873//2814 4874//2813
f 4773//2913 4772//2914 4872//2815 4873//2814
f 4772//2914 4771//2915 4871//2816 4872//2815
f 4771//2915 4770//2916 4870//2817 4871//2816
f 4770//2916 4769//2917 4869//2818 4870//2817
f 4769//2917 4768//2918 4868//2819 4869//2818
f 4768//2918 4767//2919 4867//2820 4868//2819
f 4767//2919 4766//2920 4866//2821 4867//2820
f 4766//2920 4765//2921 4865//2822 4866//2821
f 4765//2921 4764//2922 4864//2823 4865//2822
f 4764//2922 4763//2923 4863//2824 4864//2823
f 4763//2923 4762//2924 4862//2825 4863//2824
f 4762//2924 4761//2925 4861//2826 4862//2825
f 4761//2925 4760//2926 4860//2827 4861//2826
f 4760//2926 4759//2927 4859//2828 4860//2827
f 4759//2927 4758//2928 4858//2829 4859//2828
f 4758//2928 4757//2929 4857//2830 4858//2829
f 4757//2929 4756//2930 4856//2831 4857//2830
f 4756//2930 4755//2931 4855//2832 4856//2831
f 4755//2931 4754//2932 4854//2833 4855//2832
f 4754//2932 4753//2933 4853//2834 4854//2833
f 4753//2933 4752//2934 4852//2835 4853//2834
f 4752//2934 4751//2935 4851//2836 4852//2835
f 4751//2935 4750//2936 4850//2837 4851//2836
f 4750//2936 4749//2937 4849//2838 4850//2837
f 4749//2937 4748//2938 4848//2839 4849//2838
f 4748//2938 4747//2939 4847//2840 4848//2839
f 4747//2939 4746//2940 4846//2841 4847//2840
f 4746//2940 4745//2941 4845//2842 4846//2841
f 4745//2941 4744//2942 4844//2843 4845//2842
f 4744//2942 4743//2943 4843//2844 4844//2843
f 4743//2943 4742//2944 4842//2845 4843//2844
f 4742//2944 4741//2945 4841//2846 4842//2845
f 4741//2945 4740//2946 4840//2847 4841//2846
f 4740//2946 4739//2947 4839//2848 4840//2847
f 4739//2947 4738//2948 4838//2849 4839//2848
f 4738//2948 4737//2949 4837//2850 4838//2849
f 4737//2949 4736//2950 4836//2851 4837//2850
f 4736//2950 4735//2951 4835//2852 4836//2851
f 4735//2951 4734//2952 4834//2853 4835//2852
f 4734//2952 4733//2953 4833//2854 4834//2853
f 4733//2953 4732//2954 4832//2855 4833//2854
f 4732//2954 4731//2955 4831//2856 4832//2855
f 4731//2955 4730//2956 4830//2857 4831//2856
f 4730//2956 4729//2957 4829//2858 4830//2857
f 4729//2957 4728//2958 4828//2859 4829//2858
f 4728//2958 4727//2959 4827//2860 4828//2859
f 4727//2959 4726//2960 4826//2861 4827//2860
f 4726//2960 4725//2961 4825//2862 4826//2861
f 4725//2961 4724//2962 4824//2863 4825//2862
f 4724//2962 4723//2963 4823//2864 4824//2863
f 4723//2963 4722//2964 4822//2865 4823//2864
f 4722//2964 4721//2965 4821//2866 4822//2865
f 4721//2965 4720//2966 4820//2867 4821//2866
f 4720//2966 4719//2967 4819//2868 4820//2867
f 4719//2967 4718//2968 4818//2869 4819//2868
f 4718//2968 4717//2969 4817//2870 4818//2869
f 4717//2969 4716//2970 4816//2871 4817//2870
f 4716//2970 4715//2971 4815//2872 4816//2871
f 4715//2971 4714//2972 4814//2873 4815//2872
f 4714//2972 4713//2973 4813//2874 4814//2873
f 4713//2973 4712//2974 4812//2875 4813//2874
f 4712//2974 4711//2975 4811//2876 4812//2875
f 4711//2975 4710//2976 4810//2877 4811//2876
f 4710//2976 4709//2977 4809//2878 4810//2877
f 4709//2977 4708//2978 4808//2879 4809//2878
f 4708//2978 4707//2979 4807//2880 4808//2879
f 4707//2979 4706//2980 4806//2881 4807//2880
f 4706//2980 4705//2981 4805//2882 4806//2881
f 4705//2981 4704//2982 4804//2883 4805//2882
f 4704//2982 4703//2983 4803//2884 4804//2883
f 4703//2983 4702//2984 4802//2885 4803//2884
f 4702//2984 4701//2985 4801//2886 4802//2885
f 4701//2985 4700//2986 4800//2887 4801//2886
f 4700//2986 4699//2987 4799//2888 4800//2887
f 4699//2987 4698//2988 4798//2889 4799//2888
f 4698//2988 4697//2989 4797//2890 4798//2889
f 4697//2989 4696//2990 4796//2891 4797//2890
f 4696//2990 4695//2991 4795//2892 4796//2891
f 4695//2991 4694//2992 4794//2893 4795//2892
f 4694//2992 4693//2993 4793//2894 4794//2893
f 4693//2993 4692//2994 4792//2895 4793//2894
f 4692//2994 4691//2995 4791//2896 4792//2895
f 4691//2995 4690//2996 4790//2897 4791//2896
f 4690//2996 4689//2997 4789//2898 4790//2897
f 4689//2997 4688//2998 4788//2899 4789//2898
f 4688//2998 4687//2999 4787//2900 4788//2899
f 4687//2999 4686//3000 4786//2901 4787//2900
f 4686//3000 4685//3001 4785//2902 4786//2901
f 4685//3001 4684//3002 4784//2903 4785//2902
f 4684//3002 4683//3003 4783//2904 4784//2903
f 4683//3003 4682//3004 4782//2905 4783//2904
f 4682//3004 4681//54 4781//56 4782//2905
f 51//106 4680//3005 4780//2906 53//107
f 4680//3005 4679//3006 4779//2907 4780//2906
f 4679//3006 4678//3007 4778//2908 4779//2907
f 4678//3007 4677//3008 4777//2909 4778//2908
f 4677//3008 4676//3009 4776//2910 4777//2909
f 4676//3009 4675//3010 4775//2911 4776//2910
f 4675//3010 4674//3011 4774//2912 4775//2911
f 4674//3011 4673//3012 4773//2913 4774//2912
f 4673//3012 4672//3013 4772//2914 4773//2913
f 4672//3013 4671//3014 4771//2915 4772//2914
f 4671//3014 4670//3015 4770//2916 4771//2915
f 4670//3015 4669//3016 4769//2917 4770//2916
f 4669//3016 4668//3017 4768//2918 4769//2917
f 4668//3017 4667//3018 4767//2919 4768//2918
f 4667//3018 4666//3019 4766//2920 4767//2919
f 4666//3019 4665//3020 4765//2921 4766//2920
f 4665//3020 4664//3021 4764//2922 4765//2921
f 4664//3021 4663//3022 4763//2923 4764//2922
f 4663//3022 4662//3023 4762//2924 4763//2923
f 4662//3023 4661//3024 4761//2925 4762//2924
f 4661//3024 4660//3025 4760//2926 4761//2925
f 4660//3025 4659//3026 4759//2927 4760//2926
f 4659//3026 4658//3027 4758//2928 4759//2927
f 4658//3027 4657//3028 4757//2929 4758//2928
f 4657//3028 4656//3029 4756//2930 4757//2929
f 4656//3029 4655//3030 4755//2931 4756//2930
f 4655//3030 4654//3031 4754//2932 4755//2931
f 4654//3031 4653//3032 4753//2933 4754//2932
f 4653//3032 4652//3033 4752//2934 4753//2933
f 4652//3033 4651//3034 4751//2935 4752//2934
f 4651//3034 4650//3035 4750//2936 4751//2935
f 4650//3035 4649//3036 4749//2937 4750//2936
f 4649//3036 4648//3037 4748//2938 4749//2937
f 4648//3037 4647//3038 4747//2939 4748//2938
f 4647//3038 4646//3039 4746//2940 4747//2939
f 4646//3039 4645//3040 4745//2941 4746//2940
f 4645//3040 4644//3041 4744//2942 4745//2941
f 4644//3041 4643//3042 4743//2943 4744//2942
f 4643//3042 4642//3043 4742//2944 4743//2943
f 4642//3043 4641//3044 4741//2945 4742//2944
f 4641//3044 4640//3045 4740//2946 4741//2945
f 4640//3045 4639//3046 4739//2947 4740//2946
f 4639//3046 4638//3047 4738//2948 4739//2947
f 4638//3047 4637//3048 4737//2949 4738//2948
f 4637//3048 4636//3049 4736//2950 4737//2949
f 4636//3049 4635//3050 4735//2951 4736//2950
f 4635//3050 4634//3051 4734//2952 4735//2951
f 4634//3051 4633//3052 4733//2953 4734//2952
f 4633//3052 4632//3053 4732//2954 4733//2953
f 4632//3053 4631//3054 4731//2955 4732//2954
f 4631//3054 4630//3055 4730//2956 4731//2955
f 4630//3055 4629//3056 4729//2957 4730//2956
f 4629//3056 4628//3057 4728//2958 4729//2957
f 4628//3057 4627//3058 4727//2959 4728//2958
f 4627//3058 4626//3059 4726//2960 4727//2959
f 4626//3059 4625//3060 4725//2961 4726//2960
f 4625//3060 4624//3061 4724//2962 4725//2961
f 4624//3061 4623//3062 4723//2963 4724//2962
f 4623//3062 4622//3063 4722//2964 4723//2963
f 4622//3063 4621//3064 4721//2965 4722//2964
f 4621//3064 4620//3065 4720//2966 4721//2965
f 4620//3065 4619//3066 4719//2967 4720//2966
f 4619//3066 4618//3067 4718//2968 4719//2967
f 4618//3067 4617//3068 4717//2969 4718//2968
f 4617//3068 4616//3069 4716//2970 4717//2969
f 4616//3069 4615//3070 4715//2971 4716//2970
f 4615//3070 4614//3071 4714//2972 4715//2971
f 4614//3071 4613//3072 4713//2973 4714//2972
f 4613//3072 4612//3073 4712//2974 4713//2973
f 4612//3073 4611//3074 4711//2975 4712//2974
f 4611//3074 4610//3075 4710//2976 4711//2975
f 4610//3075 4609//3076 4709//2977 4710//2976
f 4609//3076 4608//3077 4708//2978 4709//2977
f 4608//3077 4607//3078 4707//2979 4708//2978
f 4607//3078 4606//3079 4706//2980 4707//2979
f 4606//3079 4605//3080 4705//2981 4706//2980
f 4605//3080 4604//3081 4704//2982 4705//2981
f 4604//3081 4603//3082 4703//2983 4704//2982
f 4603//3082 4602//3083 4702//2984 4703//2983
f 4602//3083 4601//3084 4701//2985 4702//2984
f 4601//3084 4600//3085 4700//2986 4701//2985
f 4600//3085 4599//3086 4699//2987 4700//2986
f 4599//3086 4598//3087 4698//2988 4699//2987
f 4598//3087 4597//3088 4697//2989 4698//2988
f 4597//3088 4596//3089 4696//2990 4697//2989
f 4596//3089 4595//3090 4695//2991 4696//2990
f 4595//3090 4594//3091 4694//2992 4695//2991
f 4594//3091 4593//3092 4693//2993 4694//2992
f 4593//3092 4592//3093 4692//2994 4693//2993
f 4592//3093 4591//3094 4691//2995 4692//2994
f 4591//3094 4590//3095 4690//2996 4691//2995
f 4590//3095 4589//3096 4689//2997 4690//2996
f 4589//3096 4588//3097 4688//2998 4689//2997
f 4588//3097 4587//3098 4687//2999 4688//2998
f 4587//3098 4586//3099 4686//3000 4687//2999
f 4586//3099 4585//3100 4685//3001 4686//3000
f 4585//3100 4584//3101 4684//3002 4685//3001
f 4584//3101 4583//3102 4683//3003 4684//3002
f 4583//3102 4582//3103 4682//3004 4683//3003
f 4582//3103 4581//52 4681//54 4682//3004
f 49//105 4580//3104 4680//3005 51//106
f 4580//3104 4579//3105 4679//3006 4680//3005
f 4579//3105 4578//3106 4678//3007 4679//3006
f 4578//3106 4577//3107 4677//3008 4678//3007
f 4577//3107 4576//3108 4676//3009 4677//3008
f 4576//3108 4575//3109 4675//3010 4676//3009
f 4575//3109 4574//3110 4674//3011 4675//3010
f 4574//3110 4573//3111 4673//3012 4674//3011
f 4573//3111 4572//3112 4672//3013 4673//3012
f 4572//3112 4571//3113 4671//3014 4672//3013
f 4571//3113 4570//3114 4670//3015 4671//3014
f 4570//3114 4569//3115 4669//3016 4670//3015
f 4569//3115 4568//3116 4668//3017 4669//3016
f 4568//3116 4567//3117 4667//3018 4668//3017
f 4567//3117 4566//3118 4666//3019 4667//3018
f 4566//3118 4565//3119 4665//3020 4666//3019
f 4565//3119 4564//3120 4664//3021 4665//3020
f 4564//3120 4563//3121 4663//3022 4664//3021
f 4563//3121 4562//3122 4662//3023 4663//3022
f 4562//3122 4561//3123 4661//3024 4662//3023
f 4561//3123 4560//3124 4660//3025 4661//3024
f 4560//3124 4559//3125 4659//3026 4660//3025
f 4559//3125 4558//3126 4658//3027 4659//3026
f 4558//3126 4557//3127 4657//3028 4658//3027
f 4557//3127 4556//3128 4656//3029 4657//3028
f 4556//3128 4555//3129 4655//3030 4656//3029
f 4555//3129 4554//3130 4654//3031 4655//3030
f 4554//3130 4553//3131 4653//3032 4654//3031
f 4553//3131 4552//3132 4652//3033 4653//3032
f 4552//3132 4551//3133 4651//3034 4652//3033
f 4551//3133 4550//3134 4650//3035 4651//3034
f 4550//3134 4549//3135 4649//3036 4650//3035
f 4549//3135 4548//3136 4648//3037 4649//3036
f 4548//3136 4547//3137 4647//3038 4648//3037
f 4547//3137 4546//3138 4646//3039 4647//3038
f 4546//3138 4545//3139 4645//3040 4646//3039
f 4545//3139 4544//3140 4644//3041 4645//3040
f 4544//3140 4543//3141 4643//3042 4644//3041
f 4543//3141 4542//3142 4642//3043 4643//3042
f 4542//3142 4541//3143 4641//3044 4642//3043
f 4541//3143 4540//3144 4640//3045 4641//3044
f 4540//3144 4539//3145 4639//3046 4640//3045
f 4539//3145 4538//3146 4638//3047 4639//3046
f 4538//3146 4537//3147 4637//3048 4638//3047
f 4537//3147 4536//3148 4636//3049 4637//3048
f 4536//3148 4535//3149 4635//3050 4636//3049
f 4535//3149 4534//3150 4634//3051 4635//3050
f 4534//3150 4533//3151 4633//3052 4634//3051
f 4533//3151 4532//3152 4632//3053 4633//3052
f 4532//3152 4531//3153 4631//3054 4632//3053
f 4531//3153 4530//3154 4630//3055 4631//3054
f 4530//3154 4529//3155 4629//3056 4630//3055
f 4529//3155 4528//3156 4628//3057 4629//3056
f 4528//3156 4527//3157 4627//3058 4628//3057
f 4527//3157 4526//3158 4626//3059 4627//3058
f 4526//3158 4525//3159 4625//3060 4626//3059
f 4525//3159 4524//3160 4624//3061 4625//3060
f 4524//3160 4523//3161 4623//3062 4624//3061
f 4523//3161 4522//3162 4622//3063 4623//3062
f 4522//3162 4521//3163 4621//3064 4622//3063
f 4521//3163 4520//3164 4620//3065 4621//3064
f 4520//3164 4519//3165 4619//3066 4620//3065
f 4519//3165 4518//3166 4618//3067 4619//3066
f 4518//3166 4517//3167 4617//3068 4618//3067
f 4517//3167 4516//3168 4616//3069 4617//3068
f 4516//3168 4515//3169 4615//3070 4616//3069
f 4515//3169 4514//3170 4614//3071 4615//3070
f 4514//3170 4513//3171 4613//3072 4614//3071
f 4513//3171 4512//3172 4612//3073 4613//3072
f 4512//3172 4511//3173 4611//3074 4612//3073
f 4511//3173 4510//3174 4610//3075 4611//3074
f 4510//3174 4509//3175 4609//3076 4610//3075
f 4509//3175 4508//3176 4608//3077 4609//3076
f 4508//3176 4507//3177 4607//3078 4608//3077
f 4507//3177 4506//3178 4606//3079 4607//3078
f 4506//3178 4505//3179 4605//3080 4606//3079
f 4505//3179 4504//3180 4604//3081 4605//3080
f 4504//3180 4503//3181 4603//3082 4604//3081
f 4503//3181 4502//3182 4602//3083 4603//3082
f 4502//3182 4501//3183 4601//3084 4602//3083
f 4501//3183 4500//3184 4600//3085 4601//3084
f 4500//3184 4499//3185 4599//3086 4600//3085
f 4499//3185 4498//3186 4598//3087 4599//3086
f 4498//3186 4497//3187 4597//3088 4598//3087
f 4497//3187 4496//3188 4596//3089 4597//3088
f 4496//3188 4495//3189 4595//3090 4596//3089
f 4495//3189 4494//3190 4594//3091 4595//3090
f 4494//3190 4493//3191 4593//3092 4594//3091
f 4493//3191 4492//3192 4592//3093 4593//3092
f 4492//3192 4491//3193 4591//3094 4592//3093
f 4491//3193 4490//3194 4590//3095 4591//3094
f 4490//3194 4489//3195 4589//3096 4590//3095
f 4489//3195 4488//3196 4588//3097 4589//3096
f 4488//3196 4487//3197 4587//3098 4588//3097
f 4487//3197 4486//3198 4586//3099 4587//3098
f 4486//3198 4485//3199 4585//3100 4586//3099
f 4485//3199 4484//3200 4584//3101 4585//3100
f 4484//3200 4483//3201 4583//3102 4584//3101
f 4483//3201 4482//3202 4582//3103 4583//3102
f 4482//3202 4481//50 4581//52 4582//3103
f 47//104 4480//3203 4580//3104 49//105
f 4480//3203 4479//3204 4579//3105 4580//3104
f 4479//3204 4478//3205 4578//3106 4579//3105
f 4478//3205 4477//3206 4577//3107 4578//3106
f 4477//3206 4476//3207 4576//3108 4577//3107
f 4476//3207 4475//3208 4575//3109 4576//3108
f 4475//3208 4474//3209 4574//3110 4575//3109
f 4474//3209 4473//3210 4573//3111 4574//3110
f 4473//3210 4472//3211 4572//3112 4573//3111
f 4472//3211 4471//3212 4571//3113 4572//3112
f 4471//3212 4470//3213 4570//3114 4571//3113
f 4470//3213 4469//3214 4569//3115 4570//3114
f 4469//3214 4468//3215 4568//3116 4569//3115
f 4468//3215 4467//3216 4567//3117 4568//3116
f 4467//3216 4466//3217 4566//3118 4567//3117
f 4466//3217 4465//3218 4565//3119 4566//3118
f 4465//3218 4464//3219 4564//3120 4565//3119
f 4464//3219 4463//3220 4563//3121 4564//3120
f 4463//3220 4462//3221 4562//3122 4563//3121
f 4462//3221 4461//3222 4561//3123 4562//3122
f 4461//3222 4460//3223 4560//3124 4561//3123
f 4460//3223 4459//3224 4559//3125 4560//3124
f 4459//3224 4458//3225 4558//3126 4559//3125
f 4458//3225 4457//3226 4557//3127 4558//3126
f 4457//3226 4456//3227 4556//3128 4557//3127
f 4456//3227 4455//3228 4555//3129 4556//3128
f 4455//3228 4454//3229 4554//3130 4555//3129
f 4454//3229 4453//3230 4553//3131 4554//3130
f 4453//3230 4452//3231 4552//3132 4553//3131
f 4452//3231 4451//3232 4551//3133 4552//3132
f 4451//3232 4450//3233 4550//3134 4551//3133
f 4450//3233 4449//3234 4549//3135 4550//3134
f 4449//3234 4448//3235 4548//3136 4549//3135
f 4448//3235 4447//3236 4547//3137 4548//3136
f 4447//3236 4446//3237 4546//3138 4547//3137
f 4446//3237 4445//3238 4545//3139 4546//3138
f 4445//3238 4444//3239 4544//3140 4545//3139
f 4444//3239 4443//3240 4543//3141 4544//3140
f 4443//3240 4442//3241 4542//3142 4543//3141
f 4442//3241 4441//3242 4541//3143 4542//3142
f 4441//3242 4440//3243 4540//3144 4541//3143
f 4440//3243 4439//3244 4539//3145 4540//3144
f 4439//3244 4438//3245 4538//3146 4539//3145
f 4438//3245 4437//3246 4537//3147 4538//3146
f 4437//3246 4436//3247 4536//3148 4537//3147
f 4436//3247 4435//3248 4535//3149 4536//3148
f 4435//3248 4434//3249 4534//3150 4535//3149
f 4434//3249 4433//3250 4533//3151 4534//3150
f 4433//3250 4432//3251 4532//3152 4533//3151
f 4432//3251 4431//3252 4531//3153 4532//3152
f 4431//3252 4430//3253 4530//3154 4531//3153
f 4430//3253 4429//3254 4529//3155 4530//3154
f 4429//3254 4428//3255 4528//3156 4529//3155
f 4428//3255 4427//3256 4527//3157 4528//3156
f 4427//3256 4426//3257 4526//3158 4527//3157
f 4426//3257 4425//3258 4525//3159 4526//3158
f 4425//3258 4424//3259 4524//3160 4525//3159
f 4424//3259 4423//3260 4523//3161 4524//3160
f 4423//3260 4422//3261 4522//3162 4523//3161
f 4422//3261 4421//3262 4521//3163 4522//3162
f 4421//3262 4420//3263 4520//3164 4521//3163
f 4420//3263 4419//3264 4519//3165 4520//3164
f 4419//3264 4418//3265 4518//3166 4519//3165
f 4418//3265 4417//3266 4517//3167 4518//3166
f 4417//3266 4416//3267 4516//3168 4517//3167
f 4416//3267 4415//3268 4515//3169 4516//3168
f 4415//3268 4414//3269 4514//3170 4515//3169
f 4414//3269 4413//3270 4513//3171 4514//3170
f 4413//3270 4412//3271 4512//3172 4513//3171
f 4412//3271 4411//3272 4511//3173 4512//3172
f 4411//3272 4410//3273 4510//3174 4511//3173
f 4410//3273 4409//3274 4509//3175 4510//3174
f 4409//3274 4408//3275 4508//3176 4509//3175
f 4408//3275 4407//3276 4507//3177 4508//3176
f 4407//3276 4406//3277 4506//3178 4507//3177
f 4406//3277 4405//3278 4505//3179 4506//3178
f 4405//3278 4404//3279 4504//3180 4505//3179
f 4404//3279 4403//3280 4503//3181 4504//3180
f 4403//3280 4402//3281 4502//3182 4503//3181
f 4402//3281 4401//3282 4501//3183 4502//3182
f 4401//3282 4400//3283 4500//3184 4501//3183
f 4400//3283 4399//3284 4499//3185 4500//3184
f 4399//3284 4398//3285 4498//3186 4499//3185
f 4398//3285 4397//3286 4497//3187 4498//3186
f 4397//3286 4396//3287 4496//3188 4497//3187
f 4396//3287 4395//3288 4495//3189 4496//3188
f 4395//3288 4394//3289 4494//3190 4495//3189
f 4394//3289 4393//3290 4493//3191 4494//3190
f 4393//3290 4392//3291 4492//3192 4493//3191
f 4392//3291 4391//3292 4491//3193 4492//3192
f 4391//3292 4390//3293 4490//3194 4491//3193
f 4390//3293 4389//3294 4489//3195 4490//3194
f 4389//3294 4388//3295 4488//3196 4489//3195
f 4388//3295 4387//3296 4487//3197 4488//3196
f 4387//3296 4386//3297 4486//3198 4487//3197
f 4386//3297 4385//3298 4485//3199 4486//3198
f 4385//3298 4384//3299 4484//3200 4485//3199
f 4384//3299 4383//3300 4483//3201 4484//3200
f 4383//3300 4382//3301 4482//3202 4483//3201
f 4382//3301 4381//48 4481//50 4482//3202
f 45//103 4380//3302 4480//3203 47//104
f 4380//3302 4379//3303 4479//3204 4480//3203
f 4379//3303 4378//3304 4478//3205 4479//3204
f 4378//3304 4377//3305 4477//3206 4478//3205
f 4377//3305 4376//3306 4476//3207 4477//3206
f 4376//3306 4375//3307 4475//3208 4476//3207
f 4375//3307 4374//3308 4474//3209 4475//3208
f 4374//3308 4373//3309 4473//3210 4474//3209
f 4373//3309 4372//3310 4472//3211 4473//3210
f 4372//3310 4371//3311 4471//3212 4472//3211
f 4371//3311 4370//3312 4470//3213 4471//3212
f 4370//3312 4369//3313 4469//3214 4470//3213
f 4369//3313 4368//3314 4468//3215 4469//3214
f 4368//3314 4367//3315 4467//3216 4468//3215
f 4367//3315 4366//3316 4466//3217 4467//3216
f 4366//3316 4365//3317 4465//3218 4466//3217
f 4365//3317 4364//3318 4464//3219 4465//3218
f 4364//3318 4363//3319 4463//3220 4464//3219
f 4363//3319 4362//3320 4462//3221 4463//3220
f 4362//3320 4361//3321 4461//3222 4462//3221
f 4361//3321 4360//3322 4460//3223 4461//3222
f 4360//3322 4359//3323 4459//3224 4460//3223
f 4359//3323 4358//3324 4458//3225 4459//3224
f 4358//3324 4357//3325 4457//3226 4458//3225
f 4357//3325 4356//3326 4456//3227 4457//3226
f 4356//3326 4355//3327 4455//3228 4456//3227
f 4355//3327 4354//3328 4454//3229 4455//3228
f 4354//3328 4353//3329 4453//3230 4454//3229
f 4353//3329 4352//3330 4452//3231 4453//3230
f 4352//3330 4351//3331 4451//3232 4452//3231
f 4351//3331 4350//3332 4450//3233 4451//3232
f 4350//3332 4349//3333 4449//3234 4450//3233
f 4349//3333 4348//3334 4448//3235 4449//3234
f 4348//3334 4347//3335 4447//3236 4448//3235
f 4347//3335 4346//3336 4446//3237 4447//3236
f 4346//3336 4345//3337 4445//3238 4446//3237
f 4345//3337 4344//3338 4444//3239 4445//3238
f 4344//3338 4343//3339 4443//3240 4444//3239
f 4343//3339 4342//3340 4442//3241 4443//3240
f 4342//3340 4341//3341 4441//3242 4442//3241
f 4341//3341 4340//3342 4440//3243 4441//3242
f 4340//3342 4339//3343 4439//3244 4440//3243
f 4339//3343 4338//3344 4438//3245 4439//3244
f 4338//3344 4337//3345 4437//3246 4438//3245
f 4337//3345 4336//3346 4436//3247 4437//3246
f 4336//3346 4335//3347 4435//3248 4436//3247
f 4335//3347 4334//3348 4434//3249 4435//3248
f 4334//3348 4333//3349 4433//3250 4434//3249
f 4333//3349 4332//3350 4432//3251 4433//3250
f 4332//3350 4331//3351 4431//3252 4432//3251
f 4331//3351 4330//3352 4430//3253 4431//3252
f 4330//3352 4329//3353 4429//3254 4430//3253
f 4329//3353 4328//3354 4428//3255 4429//3254
f 4328//3354 4327//3355 4427//3256 4428//3255
f 4327//3355 4326//3356 4426//3257 4427//3256
f 4326//3356 4325//3357 4425//3258 4426//3257
f 4325//3357 4324//3358 4424//3259 4425//3258
f 4324//3358 4323//3359 4423//3260 4424//3259
f 4323//3359 4322//3360 4422//3261 4423//3260
f 4322//3360 4321//3361 4421//3262 4422//3261
f 4321//3361 4320//3362 4420//3263 4421//3262
f 4320//3362 4319//3363 4419//3264 4420//3263
f 4319//3363 4318//3364 4418//3265 4419//3264
f 4318//3364 4317//3365 4417//3266 4418//3265
f 4317//3365 4316//3366 4416//3267 4417//3266
f 4316//3366 4315//3367 4415//3268 4416//3267
f 4315//3367 4314//3368 4414//3269 4415//3268
f 4314//3368 4313//3369 4413//3270 4414//3269
f 4313//3369 4312//3370 4412//3271 4413//3270
f 4312//3370 4311//3371 4411//3272 4412//3271
f 4311//3371 4310//3372 4410//3273 4411//3272
f 4310//3372 4309//3373 4409//3274 4410//3273
f 4309//3373 4308//3374 4408//3275 4409//3274
f 4308//3374 4307//3375 4407//3276 4408//3275
f 4307//3375 4306//3376 4406//3277 4407//3276
f 4306//3376 4305//3377 4405//3278 4406//3277
f 4305//3377 4304//3378 4404//3279 4405//3278
f 4304//3378 4303//3379 4403//3280 4404//3279
f 4303//3379 4302//3380 4402//3281 4403//3280
f 4302//3380 4301//3381 4401//3282 4402//3281
f 4301//3381 4300//3382 4400//3283 4401//3282
f 4300//3382 4299//3383 4399//3284 4400//3283
f 4299//3383 4298//3384 4398//3285 4399//3284
f 4298//3384 4297//3385 4397//3286 4398//3285
f 4297//3385 4296//3386 4396//3287 4397//3286
f 4296//3386 4295//3387 4395//3288 4396//3287
f 4295//3387 4294//3388 4394//3289 4395//3288
f 4294//3388 4293//3389 4393//3290 4394//3289
f 4293//3389 4292//3390 4392//3291 4393//3290
f 4292//3390 4291//3391 4391//3292 4392//3291
f 4291//3391 4290//3392 4390//3293 4391//3292
f 4290//3392 4289//3393 4389//3294 4390//3293
f 4289//3393 4288//3394 4388//3295 4389//3294
f 4288//3394 4287//3395 4387//3296 4388//3295
f 4287//3395 4286//3396 4386//3297 4387//3296
f 4286//3396 4285//3397 4385//3298 4386//3297
f 4285//3397 4284//3398 4384//3299 4385//3298
f 4284//3398 4283//3399 4383//3300 4384//3299
f 4283//3399 4282//3400 4382//3301 4383//3300
f 4282//3400 4281//46 4381//48 4382//3301
f 43//102 4280//3401 4380//3302 45//103
f 4280//3401 4279//3402 4379//3303 4380//3302
f 4279//3402 4278//3403 4378//3304 4379//3303
f 4278//3403 4277//3404 4377//3305 4378//3304
f 4277//3404 4276//3405 4376//3306 4377//3305
f 4276//3405 4275//3406 4375//3307 4376//3306
f 4275//3406 4274//3407 4374//3308 4375//3307
f 4274//3407 4273//3408 4373//3309 4374//3308
f 4273//3408 4272//3409 4372//3310 4373//3309
f 4272//3409 4271//3410 4371//3311 4372//3310
f 4271//3410 4270//3411 4370//3312 4371//3311
f 4270//3411 4269//3412 4369//3313 4370//3312
f 4269//3412 4268//3413 4368//3314 4369//3313
f 4268//3413 4267//3414 4367//3315 4368//3314
f 4267//3414 4266//3415 4366//3316 4367//3315
f 4266//3415 4265//3416 4365//3317 4366//3316
f 4265//3416 4264//3417 4364//3318 4365//3317
f 4264//3417 4263//3418 4363//3319 4364//3318
f 4263//3418 4262//3419 4362//3320 4363//3319
f 4262//3419 4261//3420 4361//3321 4362//3320
f 4261//3420 4260//3421 4360//3322 4361//3321
f 4260//3421 4259//3422 4359//3323 4360//3322
f 4259//3422 4258//3423 4358//3324 4359//3323
f 4258//3423 4257//3424 4357//3325 4358//3324
f 4257//3424 4256//3425 4356//3326 4357//3325
f 4256//3425 4255//3426 4355//3327 4356//3326
f 4255//3426 4254//3427 4354//3328 4355//3327
f 4254//3427 4253//3428 4353//3329 4354//3328
f 4253//3428 4252//3429 4352//3330 4353//3329
f 4252//3429 4251//3430 4351//3331 4352//3330
f 4251//3430 4250//3431 4350//3332 4351//3331
f 4250//3431 4249//3432 4349//3333 4350//3332
f 4249//3432 4248//3433 4348//3334 4349//3333
f 4248//3433 4247//3434 4347//3335 4348//3334
f 4247//3434 4246//3435 4346//3336 4347//3335
f 4246//3435 4245//3436 4345//3337 4346//3336
f 4245//3436 4244//3437 4344//3338 4345//3337
f 4244//3437 4243//3438 4343//3339 4344//3338
f 4243//3438 4242//3439 4342//3340 4343//3339
f 4242//3439 4241//3440 4341//3341 4342//3340
f 4241//3440 4240//3441 4340//3342 4341//3341
f 4240//3441 4239//3442 4339//3343 4340//3342
f 4239//3442 4238//3443 4338//3344 4339//3343
f 4238//3443 4237//3444 4337//3345 4338//3344
f 4237//3444 4236//3445 4336//3346 4337//3345
f 4236//3445 4235//3446 4335//3347 4336//3346
f 4235//3446 4234//3447 4334//3348 4335//3347
f 4234//3447 4233//3448 4333//3349 4334//3348
f 4233//3448 4232//3449 4332//3350 4333//3349
f 4232//3449 4231//3450 4331//3351 4332//3350
f 4231//3450 4230//3451 4330//3352 4331//3351
f 4230//3451 4229//3452 4329//3353 4330//3352
f 4229//3452 4228//3453 4328//3354 4329//3353
f 4228//3453 4227//3454 4327//3355 4328//3354
f 4227//3454 4226//3455 4326//3356 4327//3355
f 4226//3455 4225//3456 4325//3357 4326//3356
f 4225//3456 4224//3457 4324//3358 4325//3357
f 4224//3457 4223//3458 4323//3359 4324//3358
f 4223//3458 4222//3459 4322//3360 4323//3359
f 4222//3459 4221//3460 4321//3361 4322//3360
f 4221//3460 4220//3461 4320//3362 4321//3361
f 4220//3461 4219//3462 4319//3363 4320//3362
f 4219//3462 4218//3463 4318//3364 4319//3363
f 4218//3463 4217//3464 4317//3365 4318//3364
f 4217//3464 4216//3465 4316//3366 4317//3365
f 4216//3465 4215//3466 4315//3367 4316//3366
f 4215//3466 4214//3467 4314//3368 4315//3367
f 4214//3467 4213//3468 4313//3369 4314//3368
f 4213//3468 4212//3469 4312//3370 4313//3369
f 4212//3469 4211//3470 4311//3371 4312//3370
f 4211//3470 4210//3471 4310//3372 4311//3371
f 4210//3471 4209//3472 4309//3373 4310//3372
f 4209//3472 4208//3473 4308//3374 4309//3373
f 4208//3473 4207//3474 4307//3375 4308//3374
f 4207//3474 4206//3475 4306//3376 4307//3375
f 4206//3475 4205//3476 4305//3377 4306//3376
f 4205//3476 4204//3477 4304//3378 4305//3377
f 4204//3477 4203//3478 4303//3379 4304//3378
f 4203//3478 4202//3479 4302//3380 4303//3379
f 4202//3479 4201//3480 4301//3381 4302//3380
f 4201//3480 4200//3481 4300//3382 4301//3381
f 4200//3481 4199//3482 4299//3383 4300//3382
f 4199//3482 4198//3483 4298//3384 4299//3383
f 4198//3483 4197//3484 4297//3385 4298//3384
f 4197//3484 4196//3485 4296//3386 4297//3385
f 4196//3485 4195//3486 4295//3387 4296//3386
f 4195//3486 4194//3487 4294//3388 4295//3387
f 4194//3487 4193//3488 4293//3389 4294//3388
f 4193//3488 4192//3489 4292//3390 4293//3389
f 4192//3489 4191//3490 4291//3391 4292//3390
f 4191//3490 4190//3491 4290//3392 4291//3391
f 4190//3491 4189//3492 4289//3393 4290//3392
f 4189//3492 4188//3493 4288//3394 4289//3393
f 4188//3493 4187//3494 4287//3395 4288//3394
f 4187//3494 4186//3495 4286//3396 4287//3395
f 4186//3495 4185//3496 4285//3397 4286//3396
f 4185//3496 4184//3497 4284//3398 4285//3397
f 4184//3497 4183//3498 4283//3399 4284//3398
f 4183//3498 4182//3499 4282//3400 4283//3399
f 4182//3499 4181//44 4281//46 4282//3400
f 41//101 4180//3500 4280//3401 43//102
f 4180//3500 4179//3501 4279//3402 4280//3401
f 4179//3501 4178//3502 4278//3403 4279//3402
f 4178//3502 4177//3503 4277//3404 4278//3403
f 4177//3503 4176//3504 4276//3405 4277//3404
f 4176//3504 4175//3505 4275//3406 4276//3405
f 4175//3505 4174//3506 4274//3407 4275//3406
f 4174//3506 4173//3507 4273//3408 4274//3407
f 4173//3507 4172//3508 4272//3409 4273//3408
f 4172//3508 4171//3509 4271//3410 4272//3409
f 4171//3509 4170//3510 4270//3411 4271//3410
f 4170//3510 4169//3511 4269//3412 4270//3411
f 4169//3511 4168//3512 4268//3413 4269//3412
f 4168//3512 4167//3513 4267//3414 4268//3413
f 4167//3513 4166//3514 4266//3415 4267//3414
f 4166//3514 4165//3515 4265//3416 4266//3415
f 4165//3515 4164//3516 4264//3417 4265//3416
f 4164//3516 4163//3517 4263//3418 4264//3417
f 4163//3517 4162//3518 4262//3419 4263//3418
f 4162//3518 4161//3519 4261//3420 4262//3419
f 4161//3519 4160//3520 4260//3421 4261//3420
f 4160//3520 4159//3521 4259//3422 4260//3421
f 4159//3521 4158//3522 4258//3423 4259//3422
f 4158//3522 4157//3523 4257//3424 4258//3423
f 4157//3523 4156//3524 4256//3425 4257//3424
f 4156//3524 4155//3525 4255//3426 4256//3425
f 4155//3525 4154//3526 4254//3427 4255//3426
f 4154//3526 4153//3527 4253//3428 4254//3427
f 4153//3527 4152//3528 4252//3429 4253//3428
f 4152//3528 4151//3529 4251//3430 4252//3429
f 4151//3529 4150//3530 4250//3431 4251//3430
f 4150//3530 4149//3531 4249//3432 4250//3431
f 4149//3531 4148//3532 4248//3433 4249//3432
f 4148//3532 4147//3533 4247//3434 4248//3433
f 4147//3533 4146//3534 4246//3435 4247//3434
f 4146//3534 4145//3535 4245//3436 4246//3435
f 4145//3535 4144//3536 4244//3437 4245//3436
f 4144//3536 4143//3537 4243//3438 4244//3437
f 4143//3537 4142//3538 4242//3439 4243//3438
f 4142//3538 4141//3539 4241//3440 4242//3439
f 4141//3539 4140//3540 4240//3441 4241//3440
f 4140//3540 4139//3541 4239//3442 4240//3441
f 4139//3541 4138//3542 4238//3443 4239//3442
f 4138//3542 4137//3543 4237//3444 4238//3443
f 4137//3543 4136//3544 4236//3445 4237//3444
f 4136//3544 4135//3545 4235//3446 4236//3445
f 4135//3545 4134//3546 4234//3447 4235//3446
f 4134//3546 4133//3547 4233//3448 4234//3447
f 4133//3547 4132//3548 4232//3449 4233//3448
f 4132//3548 4131//3549 4231//3450 4232//3449
f 4131//3549 4130//3550 4230//3451 4231//3450
f 4130//3550 4129//3551 4229//3452 4230//3451
f 4129//3551 4128//3552 4228//3453 4229//3452
f 4128//3552 4127//3553 4227//3454 4228//3453
f 4127//3553 4126//3554 4226//3455 4227//3454
f 4126//3554 4125//3555 4225//3456 4226//3455
f 4125//3555 4124//3556 4224//3457 4225//3456
f 4124//3556 4123//3557 4223//3458 4224//3457
f 4123//3557 4122//3558 4222//3459 4223//3458
f 4122//3558 4121//3559 4221//3460 4222//3459
f 4121//3559 4120//3560 4220//3461 4221//3460
f 4120//3560 4119//3561 4219//3462 4220//3461
f 4119//3561 4118//3562 4218//3463 4219//3462
f 4118//3562 4117//3563 4217//3464 4218//3463
f 4117//3563 4116//3564 4216//3465 4217//3464
f 4116//3564 4115//3565 4215//3466 4216//3465
f 4115//3565 4114//3566 4214//3467 4215//3466
f 4114//3566 4113//3567 4213//3468 4214//3467
f 4113//3567 4112//3568 4212//3469 4213//3468
f 4112//3568 4111//3569 4211//3470 4212//3469
f 4111//3569 4110//3570 4210//3471 4211//3470
f 4110//3570 4109//3571 4209//3472 4210//3471
f 4109//3571 4108//3572 4208//3473 4209//3472
f 4108//3572 4107//3573 4207//3474 4208//3473
f 4107//3573 4106//3574 4206//3475 4207//3474
f 4106//3574 4105//3575 4205//3476 4206//3475
f 4105//3575 4104//3576 4204//3477 4205//3476
f 4104//3576 4103//3577 4203//3478 4204//3477
f 4103//3577 4102//3578 4202//3479 4203//3478
f 4102//3578 4101//3579 4201//3480 4202//3479
f 4101//3579 4100//3580 4200//3481 4201//3480
f 4100//3580 4099//3581 4199//3482 4200//3481
f 4099//3581 4098//3582 4198//3483 4199//3482
f 4098//3582 4097//3583 4197//3484 4198//3483
f 4097//3583 4096//3584 4196//3485 4197//3484
f 4096//3584 4095//3585 4195//3486 4196//3485
f 4095//3585 4094//3586 4194//3487 4195//3486
f 4094//3586 4093//3587 4193//3488 4194//3487
f 4093//3587 4092//3588 4192//3489 4193//3488
f 4092//3588 4091//3589 4191//3490 4192//3489
f 4091//3589 4090//3590 4190//3491 4191//3490
f 4090//3590 4089//3591 4189//3492 4190//3491
f 4089//3591 4088//3592 4188//3493 4189//3492
f 4088//3592 4087//3593 4187//3494 4188//3493
f 4087//3593 4086//3594 4186//3495 4187//3494
f 4086//3594 4085//3595 4185//3496 4186//3495
f 4085//3595 4084//3596 4184//3497 4185//3496
f 4084//3596 4083//3597 4183//3498 4184//3497
f 4083//3597 4082//3598 4182//3499 4183//3498
f 4082//3598 4081//42 4181//44 4182//3499
f 39//100 4080//3599 4180//3500 41//101
f 4080//3599 4079//3600 4179//3501 4180//3500
f 4079//3600 4078//3601 4178//3502 4179//3501
f 4078//3601 4077//3602 4177//3503 4178//3502
f 4077//3602 4076//3603 4176//3504 4177//3503
f 4076//3603 4075//3604 4175//3505 4176//3504
f 4075//3604 4074//3605 4174//3506 4175//3505
f 4074//3605 4073//3606 4173//3507 4174//3506
f 4073//3606 4072//3607 4172//3508 4173//3507
f 4072//3607 4071//3608 4171//3509 4172//3508
f 4071//3608 4070//3609 4170//3510 4171//3509
f 4070//3609 4069//3610 4169//3511 4170//3510
f 4069//3610 4068//3611 4168//3512 4169//3511
f 4068//3611 4067//3612 4167//3513 4168//3512
f 4067//3612 4066//3613 4166//3514 4167//3513
f 4066//3613 4065//3614 4165//3515 4166//3514
f 4065//3614 4064//3615 4164//3516 4165//3515
f 4064//3615 4063//3616 4163//3517 4164//3516
f 4063//3616 4062//3617 4162//3518 4163//3517
f 4062//3617 4061//3618 4161//3519 4162//3518
f 4061//3618 4060//3619 4160//3520 4161//3519
f 4060//3619 4059//3620 4159//3521 4160//3520
f 4059//3620 4058//3621 4158//3522 4159//3521
f 4058//3621 4057//3622 4157//3523 4158//3522
f 4057//3622 4056//3623 4156//3524 4157//3523
f 4056//3623 4055//3624 4155//3525 4156//3524
f 4055//3624 4054//3625 4154//3526 4155//3525
f 4054//3625 4053//3626 4153//3527 4154//3526
f 4053//3626 4052//3627 4152//3528 4153//3527
f 4052//3627 4051//3628 4151//3529 4152//3528
f 4051//3628 4050//3629 4150//3530 4151//3529
f 4050//3629 4049//3630 4149//3531 4150//3530
f 4049//3630 4048//3631 4148//3532 4149//3531
f 4048//3631 4047//3632 4147//3533 4148//3532
f 4047//3632 4046//3633 4146//3534 4147//3533
f 4046//3633 4045//3634 4145//3535 4146//3534
f 4045//3634 4044//3635 4144//3536 4145//3535
f 4044//3635 4043//3636 4143//3537 4144//3536
f 4043//3636 4042//3637 4142//3538 4143//3537
f 4042//3637 4041//3638 4141//3539 4142//3538
f 4041//3638 4040//3639 4140//3540 4141//3539
f 4040//3639 4039//3640 4139//3541 4140//3540
f 4039//3640 4038//3641 4138//3542 4139//3541
f 4038//3641 4037//3642 4137//3543 4138//3542
f 4037//3642 4036//3643 4136//3544 4137//3543
f 4036//3643 4035//3644 4135//3545 4136//3544
f 4035//3644 4034//3645 4134//3546 4135//3545
f 4034//3645 4033//3646 4133//3547 4134//3546
f 4033//3646 4032//3647 4132//3548 4133//3547
f 4032//3647 4031//3648 4131//3549 4132//3548
f 4031//3648 4030//3649 4130//3550 4131//3549
f 4030//3649 4029//3650 4129//3551 4130//3550
f 4029//3650 4028//3651 4128//3552 4129//3551
f 4028//3651 4027//3652 4127//3553 4128//3552
f 4027//3652 4026//3653 4126//3554 4127//3553
f 4026//3653 4025//3654 4125//3555 4126//3554
f 4025//3654 4024//3655 4124//3556 4125//3555
f 4024//3655 4023//3656 4123//3557 4124//3556
f 4023//3656 4022//3657 4122//3558 4123//3557
f 4022//3657 4021//3658 4121//3559 4122//3558
f 4021//3658 4020//3659 4120//3560 4121//3559
f 4020//3659 4019//3660 4119//3561 4120//3560
f 4019//3660 4018//3661 4118//3562 4119//3561
f 4018//3661 4017//3662 4117//3563 4118//3562
f 4017//3662 4016//3663 4116//3564 4117//3563
f 4016//3663 4015//3664 4115//3565 4116//3564
f 4015//3664 4014//3665 4114//3566 4115//3565
f 4014//3665 4013//3666 4113//3567 4114//3566
f 4013//3666 4012//3667 4112//3568 4113//3567
f 4012//3667 4011//3668 4111//3569 4112//3568
f 4011//3668 4010//3669 4110//3570 4111//3569
f 4010//3669 4009//3670 4109//3571 4110//3570
f 4009//3670 4008//3671 4108//3572 4109//3571
f 4008//3671 4007//3672 4107//3573 4108//3572
f 4007//3672 4006//3673 4106//3574 4107//3573
f 4006//3673 4005//3674 4105//3575 4106//3574
f 4005//3674 4004//3675 4104//3576 4105//3575
f 4004//3675 4003//3676 4103//3577 4104//3576
f 4003//3676 4002//3677 4102//3578 4103//3577
f 4002//3677 4001//3678 4101//3579 4102//3578
f 4001//3678 4000//3679 4100//3580 4101//3579
f 4000//3679 3999//3680 4099//3581 4100//3580
f 3999//3680 3998//3681 4098//3582 4099//3581
f 3998//3681 3997//3682 4097//3583 4098//3582
f 3997//3682 3996//3683 4096//3584 4097//3583
f 3996//3683 3995//3684 4095//3585 4096//3584
f 3995//3684 3994//3685 4094//3586 4095//3585
f 3994//3685 3993//3686 4093//3587 4094//3586
f 3993//3686 3992//3687 4092//3588 4093//3587
f 3992//3687 3991//3688 4091//3589 4092//3588
f 3991//3688 3990//3689 4090//3590 4091//3589
f 3990//3689 3989//3690 4089//3591 4090//3590
f 3989//3690 3988//3691 4088//3592 4089//3591
f 3988//3691 3987//3692 4087//3593 4088//3592
f 3987//3692 3986//3693 4086//3594 4087//3593
f 3986//3693 3985//3694 4085//3595 4086//3594
f 3985//3694 3984//3695 4084//3596 4085//3595
f 3984//3695 3983//3696 4083//3597 4084//3596
f 3983//3696 3982//3697 4082//3598 4083//3597
f 3982//3697 3981//40 4081//42 4082//3598
f 37//99 3980//3698 4080//3599 39//100
f 3980//3698 3979//3699 4079//3600 4080//3599
f 3979//3699 3978//3700 4078//3601 4079//3600
f 3978//3700 3977//3701 4077//3602 4078//3601
f 3977//3701 3976//3702 4076//3603 4077//3602
f 3976//3702 3975//3703 4075//3604 4076//3603
f 3975//3703 3974//3704 4074//3605 4075//3604
f 3974//3704 3973//3705 4073//3606 4074//3605
f 3973//3705 3972//3706 4072//3607 4073//3606
f 3972//3706 3971//3707 4071//3608 4072//3607
f 3971//3707 3970//3708 4070//3609 4071//3608
f 3970//3708 3969//3709 4069//3610 4070//3609
f 3969//3709 3968//3710 4068//3611 4069//3610
f 3968//3710 3967//3711 4067//3612 4068//3611
f 3967//3711 3966//3712 4066//3613 4067//3612
f 3966//3712 3965//3713 4065//3614 4066//3613
f 3965//3713 3964//3714 4064//3615 4065//3614
f 3964//3714 3963//3715 4063//3616 4064//3615
f 3963//3715 3962//3716 4062//3617 4063//3616
f 3962//3716 3961//3717 4061//3618 4062//3617
f 3961//3717 3960//3718 4060//3619 4061//3618
f 3960//3718 3959//3719 4059//3620 4060//3619
f 3959//3719 3958//3720 4058//3621 4059//3620
f 3958//3720 3957//3721 4057//3622 4058//3621
f 3957//3721 3956//3722 4056//3623 4057//3622
f 3956//3722 3955//3723 4055//3624 4056//3623
f 3955//3723 3954//3724 4054//3625 4055//3624
f 3954//3724 3953//3725 4053//3626 4054//3625
f 3953//3725 3952//3726 4052//3627 4053//3626
f 3952//3726 3951//3727 4051//3628 4052//3627
f 3951//3727 3950//3728 4050//3629 4051//3628
f 3950//3728 3949//3729 4049//3630 4050//3629
f 3949//3729 3948//3730 4048//3631 4049//3630
f 3948//3730 3947//3731 4047//3632 4048//3631
f 3947//3731 3946//3732 4046//3633 4047//3632
f 3946//3732 3945//3733 4045//3634 4046//3633
f 3945//3733 3944//3734 4044//3635 4045//3634
f 3944//3734 3943//3735 4043//3636 4044//3635
f 3943//3735 3942//3736 4042//3637 4043//3636
f 3942//3736 3941//3737 4041//3638 4042//3637
f 3941//3737 3940//3738 4040//3639 4041//3638
f 3940//3738 3939//3739 4039//3640 4040//3639
f 3939//3739 3938//3740 4038//3641 4039//3640
f 3938//3740 3937//3741 4037//3642 4038//3641
f 3937//3741 3936//3742 4036//3643 4037//3642
f 3936//3742 3935//3743 4035//3644 4036//3643
f 3935//3743 3934//3744 4034//3645 4035//3644
f 3934//3744 3933//3745 4033//3646 4034//3645
f 3933//3745 3932//3746 4032//3647 4033//3646
f 3932//3746 3931//3747 4031//3648 4032//3647
f 3931//3747 3930//3748 4030//3649 4031//3648
f 3930//3748 3929//3749 4029//3650 4030//3649
f 3929//3749 3928//3750 4028//3651 4029//3650
f 3928//3750 3927//3751 4027//3652 4028//3651
f 3927//3751 3926//3752 4026//3653 4027//3652
f 3926//3752 3925//3753 4025//3654 4026//3653
f 3925//3753 3924//3754 4024//3655 4025//3654
f 3924//3754 3923//3755 4023//3656 4024//3655
f 3923//3755 3922//3756 4022//3657 4023//3656
f 3922//3756 3921//3757 4021//3658 4022//3657
f 3921//3757 3920//3758 4020//3659 4021//3658
f 3920//3758 3919//3759 4019//3660 4020//3659
f 3919//3759 3918//3760 4018//3661 4019//3660
f 3918//3760 3917//3761 4017//3662 4018//3661
f 3917//3761 3916//3762 4016//3663 4017//3662
f 3916//3762 3915//3763 4015//3664 4016//3663
f 3915//3763 3914//3764 4014//3665 4015//3664
f 3914//3764 3913//3765 4013//3666 4014//3665
f 3913//3765 3912//3766 4012//3667 4013//3666
f 3912//3766 3911//3767 4011//3668 4012//3667
f 3911//3767 3910//3768 4010//3669 4011//3668
f 3910//3768 3909//3769 4009//3670 4010//3669
f 3909//3769 3908//3770 4008//3671 4009//3670
f 3908//3770 3907//3771 4007//3672 4008//3671
f 3907//3771 3906//3772 4006//3673 4007//3672
f 3906//3772 3905//3773 4005//3674 4006//3673
f 3905//3773 3904//3774 4004//3675 4005//3674
f 3904//3774 3903//3775 4003//3676 4004//3675
f 3903//3775 3902//3776 4002//3677 4003//3676
f 3902//3776 3901//3777 4001//3678 4002//3677
f 3901//3777 3900//3778 4000//3679 4001//3678
f 3900//3778 3899//3779 3999//3680 4000//3679
f 3899//3779 3898//3780 3998//3681 3999//3680
f 3898//3780 3897//3781 3997//3682 3998//3681
f 3897//3781 3896//3782 3996//3683 3997//3682
f 3896//3782 3895//3783 3995//3684 3996//3683
f 3895//3783 3894//3784 3994//3685 3995//3684
f 3894//3784 3893//3785 3993//3686 3994//3685
f 3893//3785 3892//3786 3992//3687 3993//3686
f 3892//3786 3891//3787 3991//3688 3992//3687
f 3891//3787 3890//3788 3990//3689 3991//3688
f 3890//3788 3889//3789 3989//3690 3990//3689
f 3889//3789 3888//3790 3988//3691 3989//3690
f 3888//3790 3887//3791 3987//3692 3988//3691
f 3887//3791 3886//3792 3986//3693 3987//3692
f 3886//3792 3885//3793 3985//3694 3986//3693
f 3885//3793 3884//3794 3984//3695 3985//3694
f 3884//3794 3883//3795 3983//3696 3984//3695
f 3883//3795 3882//3796 3982//3697 3983//3696
f 3882//3796 3881//38 3981//40 3982//3697
f 35//98 3880//3797 3980//3698 37//99
f 3880//3797 3879//3798 3979//3699 3980//3698
f 3879//3798 3878//3799 3978//3700 3979//3699
f 3878//3799 3877//3800 3977//3701 3978//3700
f 3877//3800 3876//3801 3976//3702 3977//3701
f 3876//3801 3875//3802 3975//3703 3976//3702
f 3875//3802 3874//3803 3974//3704 3975//3703
f 3874//3803 3873//3804 3973//3705 3974//3704
f 3873//3804 3872//3805 3972//3706 3973//3705
f 3872//3805 3871//3806 3971//3707 3972//3706
f 3871//3806 3870//3807 3970//3708 3971//3707
f 3870//3807 3869//3808 3969//3709 3970//3708
f 3869//3808 3868//3809 3968//3710 3969//3709
f 3868//3809 3867//3810 3967//3711 3968//3710
f 3867//3810 3866//3811 3966//3712 3967//3711
f 3866//3811 3865//3812 3965//3713 3966//3712
f 3865//3812 3864//3813 3964//3714 3965//3713
f 3864//3813 3863//3814 3963//3715 3964//3714
f 3863//3814 3862//3815 3962//3716 3963//3715
f 3862//3815 3861//3816 3961//3717 3962//3716
f 3861//3816 3860//3817 3960//3718 3961//3717
f 3860//3817 3859//3818 3959//3719 3960//3718
f 3859//3818 3858//3819 3958//3720 3959//3719
f 3858//3819 3857//3820 3957//3721 3958//3720
f 3857//3820 3856//3821 3956//3722 3957//3721
f 3856//3821 3855//3822 3955//3723 3956//3722
f 3855//3822 3854//3823 3954//3724 3955//3723
f 3854//3823 3853//3824 3953//3725 3954//3724
f 3853//3824 3852//3825 3952//3726 3953//3725
f 3852//3825 3851//3826 3951//3727 3952//3726
f 3851//3826 3850//3827 3950//3728 3951//3727
f 3850//3827 3849//3828 3949//3729 3950//3728
f 3849//3828 3848//3829 3948//3730 3949//3729
f 3848//3829 3847//3830 3947//3731 3948//3730
f 3847//3830 3846//3831 3946//3732 3947//3731
f 3846//3831 3845//3832 3945//3733 3946//3732
f 3845//3832 3844//3833 3944//3734 3945//3733
f 3844//3833 3843//3834 3943//3735 3944//3734
f 3843//3834 3842//3835 3942//3736 3943//3735
f 3842//3835 3841//3836 3941//3737 3942//3736
f 3841//3836 3840//3837 3940//3738 3941//3737
f 3840//3837 3839//3838 3939//3739 3940//3738
f 3839//3838 3838//3839 3938//3740 3939//3739
f 3838//3839 3837//3840 3937//3741 3938//3740
f 3837//3840 3836//3841 3936//3742 3937//3741
f 3836//3841 3835//3842 3935//3743 3936//3742
f 3835//3842 3834//3843 3934//3744 3935//3743
f 3834//3843 3833//3844 3933//3745 3934//3744
f 3833//3844 3832//3845 3932//3746 3933//3745
f 3832//3845 3831//3846 3931//3747 3932//3746
f 3831//3846 3830//3847 3930//3748 3931//3747
f 3830//3847 3829//3848 3929//3749 3930//3748
f 3829//3848 3828//3849 3928//3750 3929//3749
f 3828//3849 3827//3850 3927//3751 3928//3750
f 3827//3850 3826//3851 3926//3752 3927//3751
f 3826//3851 3825//3852 3925//3753 3926//3752
f 3825//3852 3824//3853 3924//3754 3925//3753
f 3824//3853 3823//3854 3923//3755 3924//3754
f 3823//3854 3822//3855 3922//3756 3923//3755
f 3822//3855 3821//3856 3921//3757 3922//3756
f 3821//3856 3820//3857 3920//3758 3921//3757
f 3820//3857 3819//3858 3919//3759 3920//3758
f 3819//3858 3818//3859 3918//3760 3919//3759
f 3818//3859 3817//3860 3917//3761 3918//3760
f 3817//3860 3816//3861 3916//3762 3917//3761
f 3816//3861 3815//3862 3915//3763 3916//3762
f 3815//3862 3814//3863 3914//3764 3915//3763
f 3814//3863 3813//3864 3913//3765 3914//3764
f 3813//3864 3812//3865 3912//3766 3913//3765
f 3812//3865 3811//3866 3911//3767 3912//3766
f 3811//3866 3810//3867 3910//3768 3911//3767
f 3810//3867 3809//3868 3909//3769 3910//3768
f 3809//3868 3808//3869 3908//3770 3909//3769
f 3808//3869 3807//3870 3907//3771 3908//3770
f 3807//3870 3806//3871 3906//3772 3907//3771
f 3806//3871 3805//3872 3905//3773 3906//3772
f 3805//3872 3804//3873 3904//3774 3905//3773
f 3804//3873 3803//3874 3903//3775 3904//3774
f 3803//3874 3802//3875 3902//3776 3903//3775
f 3802//3875 3801//3876 3901//3777 3902//3776
f 3801//3876 3800//3877 3900//3778 3901//3777
f 3800//3877 3799//3878 3899//3779 3900//3778
f 3799//3878 3798//3879 3898//3780 3899//3779
f 3798//3879 3797//3880 3897//3781 3898//3780
f 3797//3880 3796//3881 3896//3782 3897//3781
f 3796//3881 3795//3882 3895//3783 3896//3782
f 3795//3882 3794//3883 3894//3784 3895//3783
f 3794//3883 3793//3884 3893//3785 3894//3784
f 3793//3884 3792//3885 3892//3786 3893//3785
f 3792//3885 3791//3886 3891//3787 3892//3786
f 3791//3886 3790//3887 3890//3788 3891//3787
f 3790//3887 3789//3888 3889//3789 3890//3788
f 3789//3888 3788//3889 3888//3790 3889//3789
f 3788//3889 3787//3890 3887//3791 3888//3790
f 3787//3890 3786//3891 3886//3792 3887//3791
f 3786//3891 3785//3892 3885//3793 3886//3792
f 3785//3892 3784//3893 3884//3794 3885//3793
f 3784//3893 3783//3894 3883//3795 3884//3794
f 3783//3894 3782//3895 3882//3796 3883//3795
f 3782//3895 3781//36 3881//38 3882//3796
f 33//97 3780//3896 3880//3797 35//98
f 3780//3896 3779//3897 3879//3798 3880//3797
f 3779//3897 3778//3898 3878//3799 3879//3798
f 3778//3898 3777//3899 3877//3800 3878//3799
f 3777//3899 3776//3900 3876//3801 3877//3800
f 3776//3900 3775//3901 3875//3802 3876//3801
f 3775//3901 3774//3902 3874//3803 3875//3802
f 3774//3902 3773//3903 3873//3804 3874//3803
f 3773//3903 3772//3904 3872//3805 3873//3804
f 3772//3904 3771//3905 3871//3806 3872//3805
f 3771//3905 3770//3906 3870//3807 3871//3806
f 3770//3906 3769//3907 3869//3808 3870//3807
f 3769//3907 3768//3908 3868//3809 3869//3808
f 3768//3908 3767//3909 3867//3810 3868//3809
f 3767//3909 3766//3910 3866//3811 3867//3810
f 3766//3910 3765//3911 3865//3812 3866//3811
f 3765//3911 3764//3912 3864//3813 3865//3812
f 3764//3912 3763//3913 3863//3814 3864//3813
f 3763//3913 3762//3914 3862//3815 3863//3814
f 3762//3914 3761//3915 3861//3816 3862//3815
f 3761//3915 3760//3916 3860//3817 3861//3816
f 3760//3916 3759//3917 3859//3818 3860//3817
f 3759//3917 3758//3918 3858//3819 3859//3818
f 3758//3918 3757//3919 3857//3820 3858//3819
f 3757//3919 3756//3920 3856//3821 3857//3820
f 3756//3920 3755//3921 3855//3822 3856//3821
f 3755//3921 3754//3922 3854//3823 3855//3822
f 3754//3922 3753//3923 3853//3824 3854//3823
f 3753//3923 3752//3924 3852//3825 3853//3824
f 3752//3924 3751//3925 3851//3826 3852//3825
f 3751//3925 3750//3926 3850//3827 3851//3826
f 3750//3926 3749//3927 3849//3828 3850//3827
f 3749//3927 3748//3928 3848//3829 3849//3828
f 3748//3928 3747//3929 3847//3830 3848//3829
f 3747//3929 3746//3930 3846//3831 3847//3830
f 3746//3930 3745//3931 3845//3832 3846//3831
f 3745//3931 3744//3932 3844//3833 3845//3832
f 3744//3932 3743//3933 3843//3834 3844//3833
f 3743//3933 3742//3934 3842//3835 3843//3834
f 3742//3934 3741//3935 3841//3836 3842//3835
f 3741//3935 3740//3936 3840//3837 3841//3836
f 3740//3936 3739//3937 3839//3838 3840//3837
f 3739//3937 3738//3938 3838//3839 3839//3838
f 3738//3938 3737//3939 3837//3840 3838//3839
f 3737//3939 3736//3940 3836//3841 3837//3840
f 3736//3940 3735//3941 3835//3842 3836//3841
f 3735//3941 3734//3942 3834//3843 3835//3842
f 3734//3942 3733//3943 3833//3844 3834//3843
f 3733//3943 3732//3944 3832//3845 3833//3844
f 3732//3944 3731//3945 3831//3846 3832//3845
f 3731//3945 3730//3946 3830//3847 3831//3846
f 3730//3946 3729//3947 3829//3848 3830//3847
f 3729//3947 3728//3948 3828//3849 3829//3848
f 3728//3948 3727//3949 3827//3850 3828//3849
f 3727//3949 3726//3950 3826//3851 3827//3850
f 3726//3950 3725//3951 3825//3852 3826//3851
f 3725//3951 3724//3952 3824//3853 3825//3852
f 3724//3952 3723//3953 3823//3854 3824//3853
f 3723//3953 3722//3954 3822//3855 3823//3854
f 3722//3954 3721//3955 3821//3856 3822//3855
f 3721//3955 3720//3956 3820//3857 3821//3856
f 3720//3956 3719//3957 3819//3858 3820//3857
f 3719//3957 3718//3958 3818//3859 3819//3858
f 3718//3958 3717//3959 3817//3860 3818//3859
f 3717//3959 3716//3960 3816//3861 3817//3860
f 3716//3960 3715//3961 3815//3862 3816//3861
f 3715//3961 3714//3962 3814//3863 3815//3862
f 3714//3962 3713//3963 3813//3864 3814//3863
f 3713//3963 3712//3964 3812//3865 3813//3864
f 3712//3964 3711//3965 3811//3866 3812//3865
f 3711//3965 3710//3966 3810//3867 3811//3866
f 3710//3966 3709//3967 3809//3868 3810//3867
f 3709//3967 3708//3968 3808//3869 3809//3868
f 3708//3968 3707//3969 3807//3870 3808//3869
f 3707//3969 3706//3970 3806//3871 3807//3870
f 3706//3970 3705//3971 3805//3872 3806//3871
f 3705//3971 3704//3972 3804//3873 3805//3872
f 3704//3972 3703//3973 3803//3874 3804//3873
f 3703//3973 3702//3974 3802//3875 3803//3874
f 3702//3974 3701//3975 3801//3876 3802//3875
f 3701//3975 3700//3976 3800//3877 3801//3876
f 3700//3976 3699//3977 3799//3878 3800//3877
f 3699//3977 3698//3978 3798//3879 3799//3878
f 3698//3978 3697//3979 3797//3880 3798//3879
f 3697//3979 3696//3980 3796//3881 3797//3880
f 3696//3980 3695//3981 3795//3882 3796//3881
f 3695//3981 3694//3982 3794//3883 3795//3882
f 3694//3982 3693//3983 3793//3884 3794//3883
f 3693//3983 3692//3984 3792//3885 3793//3884
f 3692//3984 3691//3985 3791//3886 3792//3885
f 3691//3985 3690//3986 3790//3887 3791//3886
f 3690//3986 3689//3987 3789//3888 3790//3887
f 3689//3987 3688//3988 3788//3889 3789//3888
f 3688//3988 3687//3989 3787//3890 3788//3889
f 3687//3989 3686//3990 3786//3891 3787//3890
f 3686//3990 3685//3991 3785//3892 3786//3891
f 3685//3991 3684//3992 3784//3893 3785//3892
f 3684//3992 3683//3993 3783//3894 3784//3893
f 3683//3993 3682//3994 3782//3895 3783//3894
f 3682//3994 3681//34 3781//36 3782//3895
f 31//96 3680//3995 3780//3896 33//97
f 3680//3995 3679//3996 3779//3897 3780//3896
f 3679//3996 3678//3997 3778//3898 3779//3897
f 3678//3997 3677//3998 3777//3899 3778//3898
f 3677//3998 3676//3999 3776//3900 3777//3899
f 3676//3999 3675//4000 3775//3901 3776//3900
f 3675//4000 3674//4001 3774//3902 3775//3901
f 3674//4001 3673//4002 3773//3903 3774//3902
f 3673//4002 3672//4003 3772//3904 3773//3903
f 3672//4003 3671//4004 3771//3905 3772//3904
f 3671//4004 3670//4005 3770//3906 3771//3905
f 3670//4005 3669//4006 3769//3907 3770//3906
f 3669//4006 3668//4007 3768//3908 3769//3907
f 3668//4007 3667//4008 3767//3909 3768//3908
f 3667//4008 3666//4009 3766//3910 3767//3909
f 3666//4009 3665//4010 3765//3911 3766//3910
f 3665//4010 3664//4011 3764//3912 3765//3911
f 3664//4011 3663//4012 3763//3913 3764//3912
f 3663//4012 3662//4013 3762//3914 3763//3913
f 3662//4013 3661//4014 3761//3915 3762//3914
f 3661//4014 3660//4015 3760//3916 3761//3915
f 3660//4015 3659//4016 3759//3917 3760//3916
f 3659//4016 3658//4017 3758//3918 3759//3917
f 3658//4017 3657//4018 3757//3919 3758//3918
f 3657//4018 3656//4019 3756//3920 3757//3919
f 3656//4019 3655//4020 3755//3921 3756//3920
f 3655//4020 3654//4021 3754//3922 3755//3921
f 3654//4021 3653//4022 3753//3923 3754//3922
f 3653//4022 3652//4023 3752//3924 3753//3923
f 3652//4023 3651//4024 3751//3925 3752//3924
f 3651//4024 3650//4025 3750//3926 3751//3925
f 3650//4025 3649//4026 3749//3927 3750//3926
f 3649//4026 3648//4027 3748//3928 3749//3927
f 3648//4027 3647//4028 3747//3929 3748//3928
f 3647//4028 3646//4029 3746//3930 3747//3929
f 3646//4029 3645//4030 3745//3931 3746//3930
f 3645//4030 3644//4031 3744//3932 3745//3931
f 3644//4031 3643//4032 3743//3933 3744//3932
f 3643//4032 3642//4033 3742//3934 3743//3933
f 3642//4033 3641//4034 3741//3935 3742//3934
f 3641//4034 3640//4035 3740//3936 3741//3935
f 3640//4035 3639//4036 3739//3937 3740//3936
f 3639//4036 3638//4037 3738//3938 3739//3937
f 3638//4037 3637//4038 3737//3939 3738//3938
f 3637//4038 3636//4039 3736//3940 3737//3939
f 3636//4039 3635//4040 3735//3941 3736//3940
f 3635//4040 3634//4041 3734//3942 3735//3941
f 3634//4041 3633//4042 3733//3943 3734//3942
f 3633//4042 3632//4043 3732//3944 3733//3943
f 3632//4043 3631//4044 3731//3945 3732//3944
f 3631//4044 3630//4045 3730//3946 3731//3945
f 3630//4045 3629//4046 3729//3947 3730//3946
f 3629//4046 3628//4047 3728//3948 3729//3947
f 3628//4047 3627//4048 3727//3949 3728//3948
f 3627//4048 3626//4049 3726//3950 3727//3949
f 3626//4049 3625//4050 3725//3951 3726//3950
f 3625//4050 3624//4051 3724//3952 3725//3951
f 3624//4051 3623//4052 3723//3953 3724//3952
f 3623//4052 3622//4053 3722//3954 3723//3953
f 3622//4053 3621//4054 3721//3955 3722//3954
f 3621//4054 3620//4055 3720//3956 3721//3955
f 3620//4055 3619//4056 3719//3957 3720//3956
f 3619//4056 3618//4057 3718//3958 3719//3957
f 3618//4057 3617//4058 3717//3959 3718//3958
f 3617//4058 3616//4059 3716//3960 3717//3959
f 3616//4059 3615//4060 3715//3961 3716//3960
f 3615//4060 3614//4061 3714//3962 3715//3961
f 3614//4061 3613//4062 3713//3963 3714//3962
f 3613//4062 3612//4063 3712//3964 3713//3963
f 3612//4063 3611//4064 3711//3965 3712//3964
f 3611//4064 3610//4065 3710//3966 3711//3965
f 3610//4065 3609//4066 3709//3967 3710//3966
f 3609//4066 3608//4067 3708//3968 3709//3967
f 3608//4067 3607//4068 3707//3969 3708//3968
f 3607//4068 3606//4069 3706//3970 3707//3969
f 3606//4069 3605//4070 3705//3971 3706//3970
f 3605//4070 3604//4071 3704//3972 3705//3971
f 3604//4071 3603//4072 3703//3973 3704//3972
f 3603//4072 3602//4073 3702//3974 3703//3973
f 3602//4073 3601//4074 3701//3975 3702//3974
f 3601//4074 3600//4075 3700//3976 3701//3975
f 3600//4075 3599//4076 3699//3977 3700//3976
f 3599//4076 3598//4077 3698//3978 3699//3977
f 3598//4077 3597//4078 3697//3979 3698//3978
f 3597//4078 3596//4079 3696//3980 3697//3979
f 3596//4079 3595//4080 3695//3981 3696//3980
f 3595//4080 3594//4081 3694//3982 3695//3981
f 3594//4081 3593//4082 3693//3983 3694//3982
f 3593//4082 3592//4083 3692//3984 3693//3983
f 3592//4083 3591//4084 3691//3985 3692//3984
f 3591//4084 3590//4085 3690//3986 3691//3985
f 3590//4085 3589//4086 3689//3987 3690//3986
f 3589//4086 3588//4087 3688//3988 3689//3987
f 3588//4087 3587//4088 3687//3989 3688//3988
f 3587//4088 3586//4089 3686//3990 3687//3989
f 3586//4089 3585//4090 3685//3991 3686//3990
f 3585//4090 3584//4091 3684//3992 3685//3991
f 3584//4091 3583//4092 3683//3993 3684//3992
f 3583//4092 3582//4093 3682//3994 3683//3993
f 3582//4093 3581//32 3681//34 3682//3994
f 29//95 3580//4094 3680//3995 31//96
f 3580//4094 3579//4095 3679//3996 3680//3995
f 3579//4095 3578//4096 3678//3997 3679//3996
f 3578//4096 3577//4097 3677//3998 3678//3997
f 3577//4097 3576//4098 3676//3999 3677//3998
f 3576//4098 3575//4099 3675//4000 3676//3999
f 3575//4099 3574//4100 3674//4001 3675//4000
f 3574//4100 3573//4101 3673//4002 3674//4001
f 3573//4101 3572//4102 3672//4003 3673//4002
f 3572//4102 3571//4103 3671//4004 3672//4003
f 3571//4103 3570//4104 3670//4005 3671//4004
f 3570//4104 3569//4105 3669//4006 3670//4005
f 3569//4105 3568//4106 3668//4007 3669//4006
f 3568//4106 3567//4107 3667//4008 3668//4007
f 3567//4107 3566//4108 3666//4009 3667//4008
f 3566//4108 3565//4109 3665//4010 3666//4009
f 3565//4109 3564//4110 3664//4011 3665//4010
f 3564//4110 3563//4111 3663//4012 3664//4011
f 3563//4111 3562//4112 3662//4013 3663//4012
f 3562//4112 3561//4113 3661//4014 3662//4013
f 3561//4113 3560//4114 3660//4015 3661//4014
f 3560//4114 3559//4115 3659//4016 3660//4015
f 3559//4115 3558//4116 3658//4017 3659//4016
f 3558//4116 3557//4117 3657//4018 3658//4017
f 3557//4117 3556//4118 3656//4019 3657//4018
f 3556//4118 3555//4119 3655//4020 3656//4019
f 3555//4119 3554//4120 3654//4021 3655//4020
f 3554//4120 3553//4121 3653//4022 3654//4021
f 3553//4121 3552//4122 3652//4023 3653//4022
f 3552//4122 3551//4123 3651//4024 3652//4023
f 3551//4123 3550//4124 3650//4025 3651//4024
f 3550//4124 3549//4125 3649//4026 3650//4025
f 3549//4125 3548//4126 3648//4027 3649//4026
f 3548//4126 3547//4127 3647//4028 3648//4027
f 3547//4127 3546//4128 3646//4029 3647//4028
f 3546//4128 3545//4129 3645//4030 3646//4029
f 3545//4129 3544//4130 3644//4031 3645//4030
f 3544//4130 3543//4131 3643//4032 3644//4031
f 3543//4131 3542//4132 3642//4033 3643//4032
f 3542//4132 3541//4133 3641//4034 3642//4033
f 3541//4133 3540//4134 3640//4035 3641//4034
f 3540//4134 3539//4135 3639//4036 3640//4035
f 3539//4135 3538//4136 3638//4037 3639//4036
f 3538//4136 3537//4137 3637//4038 3638//4037
f 3537//4137 3536//4138 3636//4039 3637//4038
f 3536//4138 3535//4139 3635//4040 3636//4039
f 3535//4139 3534//4140 3634//4041 3635//4040
f 3534//4140 3533//4141 3633//4042 3634//4041
f 3533//4141 3532//4142 3632//4043 3633//4042
f 3532//4142 3531//4143 3631//4044 3632//4043
f 3531//4143 3530//4144 3630//4045 3631//4044
f 3530//4144 3529//4145 3629//4046 3630//4045
f 3529//4145 3528//4146 3628//4047 3629//4046
f 3528//4146 3527//4147 3627//4048 3628//4047
f 3527//4147 3526//4148 3626//4049 3627//4048
f 3526//4148 3525//4149 3625//4050 3626//4049
f 3525//4149 3524//4150 3624//4051 3625//4050
f 3524//4150 3523//4151 3623//4052 3624//4051
f 3523//4151 3522//4152 3622//4053 3623//4052
f 3522//4152 3521//4153 3621//4054 3622//4053
f 3521//4153 3520//4154 3620//4055 3621//4054
f 3520//4154 3519//4155 3619//4056 3620//4055
f 3519//4155 3518//4156 3618//4057 3619//4056
f 3518//4156 3517//4157 3617//4058 3618//4057
f 3517//4157 3516//4158 3616//4059 3617//4058
f 3516//4158 3515//4159 3615//4060 3616//4059
f 3515//4159 3514//4160 3614//4061 3615//4060
f 3514//4160 3513//4161 3613//4062 3614//4061
f 3513//4161 3512//4162 3612//4063 3613//4062
f 3512//4162 3511//4163 3611//4064 3612//4063
f 3511//4163 3510//4164 3610//4065 3611//4064
f 3510//4164 3509//4165 3609//4066 3610//4065
f 3509//4165 3508//4166 3608//4067 3609//4066
f 3508//4166 3507//4167 3607//4068 3608//4067
f 3507//4167 3506//4168 3606//4069 3607//4068
f 3506//4168 3505//4169 3605//4070 3606//4069
f 3505//4169 3504//4170 3604//4071 3605//4070
f 3504//4170 3503//4171 3603//4072 3604//4071
f 3503//4171 3502//4172 3602//4073 3603//4072
f 3502//4172 3501//4173 3601//4074 3602//4073
f 3501//4173 3500//4174 3600//4075 3601//4074
f 3500//4174 3499//4175 3599//4076 3600//4075
f 3499//4175 3498//4176 3598//4077 3599//4076
f 3498//4176 3497//4177 3597//4078 3598//4077
f 3497//4177 3496//4178 3596//4079 3597//4078
f 3496//4178 3495//4179 3595//4080 3596//4079
f 3495//4179 3494//4180 3594//4081 3595//4080
f 3494//4180 3493//4181 3593//4082 3594//4081
f 3493//4181 3492//4182 3592//4083 3593//4082
f 3492//4182 3491//4183 3591//4084 3592//4083
f 3491//4183 3490//4184 3590//4085 3591//4084
f 3490//4184 3489//4185 3589//4086 3590//4085
f 3489//4185 3488//4186 3588//4087 3589//4086
f 3488//4186 3487//4187 3587//4088 3588//4087
f 3487//4187 3486//4188 3586//4089 3587//4088
f 3486//4188 3485//4189 3585//4090 3586//4089
f 3485//4189 3484//4190 3584//4091 3585//4090
f 3484//4190 3483//4191 3583//4092 3584//4091
f 3483//4191 3482//4192 3582//4093 3583//4092
f 3482//4192 3481//30 3581//32 3582//4093
f 27//94 3480//4193 3580//4094 29//95
f 3480//4193 3479//4194 3579//4095 3580//4094
f 3479//4194 3478//4195 3578//4096 3579//4095
f 3478//4195 3477//4196 3577//4097 3578//4096
f 3477//4196 3476//4197 3576//4098 3577//4097
f 3476//4197 3475//4198 3575//4099 3576//4098
f 3475//4198 3474//4199 3574//4100 3575//4099
f 3474//4199 3473//4200 3573//4101 3574//4100
f 3473//4200 3472//4201 3572//4102 3573//4101
f 3472//4201 3471//4202 3571//4103 3572//4102
f 3471//4202 3470//4203 3570//4104 3571//4103
f 3470//4203 3469//4204 3569//4105 3570//4104
f 3469//4204 3468//4205 3568//4106 3569//4105
f 3468//4205 3467//4206 3567//4107 3568//4106
f 3467//4206 3466//4207 3566//4108 3567//4107
f 3466//4207 3465//4208 3565//4109 3566//4108
f 3465//4208 3464//4209 3564//4110 3565//4109
f 3464//4209 3463//4210 3563//4111 3564//4110
f 3463//4210 3462//4211 3562//4112 3563//4111
f 3462//4211 3461//4212 3561//4113 3562//4112
f 3461//4212 3460//4213 3560//4114 3561//4113
f 3460//4213 3459//4214 3559//4115 3560//4114
f 3459//4214 3458//4215 3558//4116 3559//4115
f 3458//4215 3457//4216 3557//4117 3558//4116
f 3457//4216 3456//4217 3556//4118 3557//4117
f 3456//4217 3455//4218 3555//4119 3556//4118
f 3455//4218 3454//4219 3554//4120 3555//4119
f 3454//4219 3453//4220 3553//4121 3554//4120
f 3453//4220 3452//4221 3552//4122 3553//4121
f 3452//4221 3451//4222 3551//4123 3552//4122
f 3451//4222 3450//4223 3550//4124 3551//4123
f 3450//4223 3449//4224 3549//4125 3550//4124
f 3449//4224 3448//4225 3548//4126 3549//4125
f 3448//4225 3447//4226 3547//4127 3548//4126
f 3447//4226 3446//4227 3546//4128 3547//4127
f 3446//4227 3445//4228 3545//4129 3546//4128
f 3445//4228 3444//4229 3544//4130 3545//4129
f 3444//4229 3443//4230 3543//4131 3544//4130
f 3443//4230 3442//4231 3542//4132 3543//4131
f 3442//4231 3441//4232 3541//4133 3542//4132
f 3441//4232 3440//4233 3540//4134 3541//4133
f 3440//4233 3439//4234 3539//4135 3540//4134
f 3439//4234 3438//4235 3538//4136 3539//4135
f 3438//4235 3437//4236 3537//4137 3538//4136
f 3437//4236 3436//4237 3536//4138 3537//4137
f 3436//4237 3435//4238 3535//4139 3536//4138
f 3435//4238 3434//4239 3534//4140 3535//4139
f 3434//4239 3433//4240 3533//4141 3534//4140
f 3433//4240 3432//4241 3532//4142 3533//4141
f 3432//4241 3431//4242 3531//4143 3532//4142
f 3431//4242 3430//4243 3530//4144 3531//4143
f 3430//4243 3429//4244 3529//4145 3530//4144
f 3429//4244 3428//4245 3528//4146 3529//4145
f 3428//4245 3427//4246 3527//4147 3528//4146
f 3427//4246 3426//4247 3526//4148 3527//4147
f 3426//4247 3425//4248 3525//4149 3526//4148
f 3425//4248 3424//4249 3524//4150 3525//4149
f 3424//4249 3423//4250 3523//4151 3524//4150
f 3423//4250 3422//4251 3522//4152 3523//4151
f 3422//4251 3421//4252 3521//4153 3522//4152
f 3421//4252 3420//4253 3520//4154 3521//4153
f 3420//4253 3419//4254 3519//4155 3520//4154
f 3419//4254 3418//4255 3518//4156 3519//4155
f 3418//4255 3417//4256 3517//4157 3518//4156
f 3417//4256 3416//4257 3516//4158 3517//4157
f 3416//4257 3415//4258 3515//4159 3516//4158
f 3415//4258 3414//4259 3514//4160 3515//4159
f 3414//4259 3413//4260 3513//4161 3514//4160
f 3413//4260 3412//4261 3512//4162 3513//4161
f 3412//4261 3411//4262 3511//4163 3512//4162
f 3411//4262 3410//4263 3510//4164 3511//4163
f 3410//4263 3409//4264 3509//4165 3510//4164
f 3409//4264 3408//4265 3508//4166 3509//4165
f 3408//4265 3407//4266 3507//4167 3508//4166
f 3407//4266 3406//4267 3506//4168 3507//4167
f 3406//4267 3405//4268 3505//4169 3506//4168
f 3405//4268 3404//4269 3504//4170 3505//4169
f 3404//4269 3403//4270 3503//4171 3504//4170
f 3403//4270 3402//4271 3502//4172 3503//4171
f 3402//4271 3401//4272 3501//4173 3502//4172
f 3401//4272 3400//4273 3500//4174 3501//4173
f 3400//4273 3399//4274 3499//4175 3500//4174
f 3399//4274 3398//4275 3498//4176 3499//4175
f 3398//4275 3397//4276 3497//4177 3498//4176
f 3397//4276 3396//4277 3496//4178 3497//4177
f 3396//4277 3395//4278 3495//4179 3496//4178
f 3395//4278 3394//4279 3494//4180 3495//4179
f 3394//4279 3393//4280 3493//4181 3494//4180
f 3393//4280 3392//4281 3492//4182 3493//4181
f 3392//4281 3391//4282 3491//4183 3492//4182
f 3391//4282 3390//4283 3490//4184 3491//4183
f 3390//4283 3389//4284 3489//4185 3490//4184
f 3389//4284 3388//4285 3488//4186 3489//4185
f 3388//4285 3387//4286 3487//4187 3488//4186
f 3387//4286 3386//4287 3486//4188 3487//4187
f 3386//4287 3385//4288 3485//4189 3486//4188
f 3385//4288 3384//4289 3484//4190 3485//4189
f 3384//4289 3383//4290 3483//4191 3484//4190
f 3383//4290 3382//4291 3482//4192 3483//4191
f 3382//4291 3381//28 3481//30 3482//4192
f 25//93 3380//4292 3480//4193 27//94
f 3380//4292 3379//4293 3479//4194 3480//4193
f 3379//4293 3378//4294 3478//4195 3479//4194
f 3378//4294 3377//4295 3477//4196 3478//4195
f 3377//4295 3376//4296 3476//4197 3477//4196
f 3376//4296 3375//4297 3475//4198 3476//4197
f 3375//4297 3374//4298 3474//4199 3475//4198
f 3374//4298 3373//4299 3473//4200 3474//4199
f 3373//4299 3372//4300 3472//4201 3473//4200
f 3372//4300 3371//4301 3471//4202 3472//4201
f 3371//4301 3370//4302 3470//4203 3471//4202
f 3370//4302 3369//4303 3469//4204 3470//4203
f 3369//4303 3368//4304 3468//4205 3469//4204
f 3368//4304 3367//4305 3467//4206 3468//4205
f 3367//4305 3366//4306 3466//4207 3467//4206
f 3366//4306 3365//4307 3465//4208 3466//4207
f 3365//4307 3364//4308 3464//4209 3465//4208
f 3364//4308 3363//4309 3463//4210 3464//4209
f 3363//4309 3362//4310 3462//4211 3463//4210
f 3362//4310 3361//4311 3461//4212 3462//4211
f 3361//4311 3360//4312 3460//4213 3461//4212
f 3360//4312 3359//4313 3459//4214 3460//4213
f 3359//4313 3358//4314 3458//4215 3459//4214
f 3358//4314 3357//4315 3457//4216 3458//4215
f 3357//4315 3356//4316 3456//4217 3457//4216
f 3356//4316 3355//4317 3455//4218 3456//4217
f 3355//4317 3354//4318 3454//4219 3455//4218
f 3354//4318 3353//4319 3453//4220 3454//4219
f 3353//4319 3352//4320 3452//4221 3453//4220
f 3352//4320 3351//4321 3451//4222 3452//4221
f 3351//4321 3350//4322 3450//4223 3451//4222
f 3350//4322 3349//4323 3449//4224 3450//4223
f 3349//4323 3348//4324 3448//4225 3449//4224
f 3348//4324 3347//4325 3447//4226 3448//4225
f 3347//4325 3346//4326 3446//4227 3447//4226
f 3346//4326 3345//4327 3445//4228 3446//4227
f 3345//4327 3344//4328 3444//4229 3445//4228
f 3344//4328 3343//4329 3443//4230 3444//4229
f 3343//4329 3342//4330 3442//4231 3443//4230
f 3342//4330 3341//4331 3441//4232 3442//4231
f 3341//4331 3340//4332 3440//4233 3441//4232
f 3340//4332 3339//4333 3439//4234 3440//4233
f 3339//4333 3338//4334 3438//4235 3439//4234
f 3338//4334 3337//4335 3437//4236 3438//4235
f 3337//4335 3336//4336 3436//4237 3437//4236
f 3336//4336 3335//4337 3435//4238 3436//4237
f 3335//4337 3334//4338 3434//4239 3435//4238
f 3334//4338 3333//4339 3433//4240 3434//4239
f 3333//4339 3332//4340 3432//4241 3433//4240
f 3332//4340 3331//4341 3431//4242 3432//4241
f 3331//4341 3330//4342 3430//4243 3431//4242
f 3330//4342 3329//4343 3429//4244 3430//4243
f 3329//4343 3328//4344 3428//4245 3429//4244
f 3328//4344 3327//4345 3427//4246 3428//4245
f 3327//4345 3326//4346 3426//4247 3427//4246
f 3326//4346 3325//4347 3425//4248 3426//4247
f 3325//4347 3324//4348 3424//4249 3425//4248
f 3324//4348 3323//4349 3423//4250 3424//4249
f 3323//4349 3322//4350 3422//4251 3423//4250
f 3322//4350 3321//4351 3421//4252 3422//4251
f 3321//4351 3320//4352 3420//4253 3421//4252
f 3320//4352 3319//4353 3419//4254 3420//4253
f 3319//4353 3318//4354 3418//4255 3419//4254
f 3318//4354 3317//4355 3417//4256 3418//4255
f 3317//4355 3316//4356 3416//4257 3417//4256
f 3316//4356 3315//4357 3415//4258 3416//4257
f 3315//4357 3314//4358 3414//4259 3415//4258
f 3314//4358 3313//4359 3413//4260 3414//4259
f 3313//4359 3312//4360 3412//4261 3413//4260
f 3312//4360 3311//4361 3411//4262 3412//4261
f 3311//4361 3310//4362 3410//4263 3411//4262
f 3310//4362 3309//4363 3409//4264 3410//4263
f 3309//4363 3308//4364 3408//4265 3409//4264
f 3308//4364 3307//4365 3407//4266 3408//4265
f 3307//4365 3306//4366 3406//4267 3407//4266
f 3306//4366 3305//4367 3405//4268 3406//4267
f 3305//4367 3304//4368 3404//4269 3405//4268
f 3304//4368 3303//4369 3403//4270 3404//4269
f 3303//4369 3302//4370 3402//4271 3403//4270
f 3302//4370 3301//4371 3401//4272 3402//4271
f 3301//4371 3300//4372 3400//4273 3401//4272
f 3300//4372 3299//4373 3399//4274 3400//4273
f 3299//4373 3298//4374 3398//4275 3399//4274
f 3298//4374 3297//4375 3397//4276 3398//4275
f 3297//4375 3296//4376 3396//4277 3397//4276
f 3296//4376 3295//4377 3395//4278 3396//4277
f 3295//4377 3294//4378 3394//4279 3395//4278
f 3294//4378 3293//4379 3393//4280 3394//4279
f 3293//4379 3292//4380 3392//4281 3393//4280
f 3292//4380 3291//4381 3391//4282 3392//4281
f 3291//4381 3290//4382 3390//4283 3391//4282
f 3290//4382 3289//4383 3389//4284 3390//4283
f 3289//4383 3288//4384 3388//4285 3389//4284
f 3288//4384 3287//4385 3387//4286 3388//4285
f 3287//4385 3286//4386 3386//4287 3387//4286
f 3286//4386 3285//4387 3385//4288 3386//4287
f 3285//4387 3284//4388 3384//4289 3385//4288
f 3284//4388 3283//4389 3383//4290 3384//4289
f 3283//4389 3282//4390 3382//4291 3383//4290
f 3282//4390 3281//26 3381//28 3382//4291
f 23//92 3280//4391 3380//4292 25//93
f 3280//4391 3279//4392 3379//4293 3380//4292
f 3279//4392 3278//4393 3378//4294 3379//4293
f 3278//4393 3277//4394 3377//4295 3378//4294
f 3277//4394 3276//4395 3376//4296 3377//4295
f 3276//4395 3275//4396 3375//4297 3376//4296
f 3275//4396 3274//4397 3374//4298 3375//4297
f 3274//4397 3273//4398 3373//4299 3374//4298
f 3273//4398 3272//4399 3372//4300 3373//4299
f 3272//4399 3271//4400 3371//4301 3372//4300
f 3271//4400 3270//4401 3370//4302 3371//4301
f 3270//4401 3269//4402 3369//4303 3370//4302
f 3269//4402 3268//4403 3368//4304 3369//4303
f 3268//4403 3267//4404 3367//4305 3368//4304
f 3267//4404 3266//4405 3366//4306 3367//4305
f 3266//4405 3265//4406 3365//4307 3366//4306
f 3265//4406 3264//4407 3364//4308 3365//4307
f 3264//4407 3263//4408 3363//4309 3364//4308
f 3263//4408 3262//4409 3362//4310 3363//4309
f 3262//4409 3261//4410 3361//4311 3362//4310
f 3261//4410 3260//4411 3360//4312 3361//4311
f 3260//4411 3259//4412 3359//4313 3360//4312
f 3259//4412 3258//4413 3358//4314 3359//4313
f 3258//4413 3257//4414 3357//4315 3358//4314
f 3257//4414 3256//4415 3356//4316 3357//4315
f 3256//4415 3255//4416 3355//4317 3356//4316
f 3255//4416 3254//4417 3354//4318 3355//4317
f 3254//4417 3253//4418 3353//4319 3354//4318
f 3253//4418 3252//4419 3352//4320 3353//4319
f 3252//4419 3251//4420 3351//4321 3352//4320
f 3251//4420 3250//4421 3350//4322 3351//4321
f 3250//4421 3249//4422 3349//4323 3350//4322
f 3249//4422 3248//4423 3348//4324 3349//4323
f 3248//4423 3247//4424 3347//4325 3348//4324
f 3247//4424 3246//4425 3346//4326 3347//4325
f 3246//4425 3245//4426 3345//4327 3346//4326
f 3245//4426 3244//4427 3344//4328 3345//4327
f 3244//4427 3243//4428 3343//4329 3344//4328
f 3243//4428 3242//4429 3342//4330 3343//4329
f 3242//4429 3241//4430 3341//4331 3342//4330
f 3241//4430 3240//4431 3340//4332 3341//4331
f 3240//4431 3239//4432 3339//4333 3340//4332
f 3239//4432 3238//4433 3338//4334 3339//4333
f 3238//4433 3237//4434 3337//4335 3338//4334
f 3237//4434 3236//4435 3336//4336 3337//4335
f 3236//4435 3235//4436 3335//4337 3336//4336
f 3235//4436 3234//4437 3334//4338 3335//4337
f 3234//4437 3233//4438 3333//4339 3334//4338
f 3233//4438 3232//4439 3332//4340 3333//4339
f 3232//4439 3231//4440 3331//4341 3332//4340
f 3231//4440 3230//4441 3330//4342 3331//4341
f 3230//4441 3229//4442 3329//4343 3330//4342
f 3229//4442 3228//4443 3328//4344 3329//4343
f 3228//4443 3227//4444 3327//4345 3328//4344
f 3227//4444 3226//4445 3326//4346 3327//4345
f 3226//4445 3225//4446 3325//4347 3326//4346
f 3225//4446 3224//4447 3324//4348 3325//4347
f 3224//4447 3223//4448 3323//4349 3324//4348
f 3223//4448 3222//4449 3322//4350 3323//4349
f 3222//4449 3221//4450 3321//4351 3322//4350
f 3221//4450 3220//4451 3320//4352 3321//4351
f 3220//4451 3219//4452 3319//4353 3320//4352
f 3219//4452 3218//4453 3318//4354 3319//4353
f 3218//4453 3217//4454 3317//4355 3318//4354
f 3217//4454 3216//4455 3316//4356 3317//4355
f 3216//4455 3215//4456 3315//4357 3316//4356
f 3215//4456 3214//4457 3314//4358 3315//4357
f 3214//4457 3213//4458 3313//4359 3314//4358
f 3213//4458 3212//4459 3312//4360 3313//4359
f 3212//4459 3211//4460 3311//4361 3312//4360
f 3211//4460 3210//4461 3310//4362 3311//4361
f 3210//4461 3209//4462 3309//4363 3310//4362
f 3209//4462 3208//4463 3308//4364 3309//4363
f 3208//4463 3207//4464 3307//4365 3308//4364
f 3207//4464 3206//4465 3306//4366 3307//4365
f 3206//4465 3205//4466 3305//4367 3306//4366
f 3205//4466 3204//4467 3304//4368 3305//4367
f 3204//4467 3203//4468 3303//4369 3304//4368
f 3203//4468 3202//4469 3302//4370 3303//4369
f 3202//4469 3201//4470 3301//4371 3302//4370
f 3201//4470 3200//4471 3300//4372 3301//4371
f 3200//4471 3199//4472 3299//4373 3300//4372
f 3199//4472 3198//4473 3298//4374 3299//4373
f 3198//4473 3197//4474 3297//4375 3298//4374
f 3197//4474 3196//4475 3296//4376 3297//4375
f 3196//4475 3195//4476 3295//4377 3296//4376
f 3195//4476 3194//4477 3294//4378 3295//4377
f 3194//4477 3193//4478 3293//4379 3294//4378
f 3193//4478 3192//4479 3292//4380 3293//4379
f 3192//4479 3191//4480 3291//4381 3292//4380
f 3191//4480 3190//4481 3290//4382 3291//4381
f 3190//4481 3189//4482 3289//4383 3290//4382
f 3189//4482 3188//4483 3288//4384 3289//4383
f 3188//4483 3187//4484 3287//4385 3288//4384
f 3187//4484 3186//4485 3286//4386 3287//4385
f 3186//4485 3185//4486 3285//4387 3286//4386
f 3185//4486 3184//4487 3284//4388 3285//4387
f 3184//4487 3183//4488 3283//4389 3284//4388
f 3183//4488 3182//4489 3282//4390 3283//4389
f 3182//4489 3181//24 3281//26 3282//4390
f 21//91 3180//4490 3280//4391 23//92
f 3180//4490 3179//4491 3279//4392 3280//4391
f 3179//4491 3178//4492 3278//4393 3279//4392
f 3178//4492 3177//4493 3277//4394 3278//4393
f 3177//4493 3176//4494 3276//4395 3277//4394
f 3176//4494 3175//4495 3275//4396 3276//4395
f 3175//4495 3174//4496 3274//4397 3275//4396
f 3174//4496 3173//4497 3273//4398 3274//4397
f 3173//4497 3172//4498 3272//4399 3273//4398
f 3172//4498 3171//4499 3271//4400 3272//4399
f 3171//4499 3170//4500 3270//4401 3271//4400
f 3170//4500 3169//4501 3269//4402 3270//4401
f 3169//4501 3168//4502 3268//4403 3269//4402
f 3168//4502 3167//4503 3267//4404 3268//4403
f 3167//4503 3166//4504 3266//4405 3267//4404
f 3166//4504 3165//4505 3265//4406 3266//4405
f 3165//4505 3164//4506 3264//4407 3265//4406
f 3164//4506 3163//4507 3263//4408 3264//4407
f 3163//4507 3162//4508 3262//4409 3263//4408
f 3162//4508 3161//4509 3261//4410 3262//4409
f 3161//4509 3160//4510 3260//4411 3261//4410
f 3160//4510 3159//4511 3259//4412 3260//4411
f 3159//4511 3158//4512 3258//4413 3259//4412
f 3158//4512 3157//4513 3257//4414 3258//4413
f 3157//4513 3156//4514 3256//4415 3257//4414
f 3156//4514 3155//4515 3255//4416 3256//4415
f 3155//4515 3154//4516 3254//4417 3255//4416
f 3154//4516 3153//4517 3253//4418 3254//4417
f 3153//4517 3152//4518 3252//4419 3253//4418
f 3152//4518 3151//4519 3251//4420 3252//4419
f 3151//4519 3150//4520 3250//4421 3251//4420
f 3150//4520 3149//4521 3249//4422 3250//4421
f 3149//4521 3148//4522 3248//4423 3249//4422
f 3148//4522 3147//4523 3247//4424 3248//4423
f 3147//4523 3146//4524 3246//4425 3247//4424
f 3146//4524 3145//4525 3245//4426 3246//4425
f 3145//4525 3144//4526 3244//4427 3245//4426
f 3144//4526 3143//4527 3243//4428 3244//4427
f 3143//4527 3142//4528 3242//4429 3243//4428
f 3142//4528 3141//4529 3241//4430 3242//4429
f 3141//4529 3140//4530 3240//4431 3241//4430
f 3140//4530 3139//4531 3239//4432 3240//4431
f 3139//4531 3138//4532 3238//4433 3239//4432
f 3138//4532 3137//4533 3237//4434 3238//4433
f 3137//4533 3136//4534 3236//4435 3237//4434
f 3136//4534 3135//4535 3235//4436 3236//4435
f 3135//4535 3134//4536 3234//4437 3235//4436
f 3134//4536 3133//4537 3233//4438 3234//4437
f 3133//4537 3132//4538 3232//4439 3233//4438
f 3132//4538 3131//4539 3231//4440 3232//4439
f 3131//4539 3130//4540 3230//4441 3231//4440
f 3130//4540 3129//4541 3229//4442 3230//4441
f 3129//4541 3128//4542 3228//4443 3229//4442
f 3128//4542 3127//4543 3227//4444 3228//4443
f 3127//4543 3126//4544 3226//4445 3227//4444
f 3126//4544 3125//4545 3225//4446 3226//4445
f 3125//4545 3124//4546 3224//4447 3225//4446
f 3124//4546 3123//4547 3223//4448 3224//4447
f 3123//4547 3122//4548 3222//4449 3223//4448
f 3122//4548 3121//4549 3221//4450 3222//4449
f 3121//4549 3120//4550 3220//4451 3221//4450
f 3120//4550 3119//4551 3219//4452 3220//4451
f 3119//4551 3118//4552 3218//4453 3219//4452
f 3118//4552 3117//4553 3217//4454 3218//4453
f 3117//4553 3116//4554 3216//4455 3217//4454
f 3116//4554 3115//4555 3215//4456 3216//4455
f 3115//4555 3114//4556 3214//4457 3215//4456
f 3114//4556 3113//4557 3213//4458 3214//4457
f 3113//4557 3112//4558 3212//4459 3213//4458
f 3112//4558 3111//4559 3211//4460 3212//4459
f 3111//4559 3110//4560 3210//4461 3211//4460
f 3110//4560 3109//4561 3209//4462 3210//4461
f 3109//4561 3108//4562 3208//4463 3209//4462
f 3108//4562 3107//4563 3207//4464 3208//4463
f 3107//4563 3106//4564 3206//4465 3207//4464
f 3106//4564 3105//4565 3205//4466 3206//4465
f 3105//4565 3104//4566 3204//4467 3205//4466
f 3104//4566 3103//4567 3203//4468 3204//4467
f 3103//4567 3102//4568 3202//4469 3203//4468
f 3102//4568 3101//4569 3201//4470 3202//4469
f 3101//4569 3100//4570 3200//4471 3201//4470
f 3100//4570 3099//4571 3199//4472 3200//4471
f 3099//4571 3098//4572 3198//4473 3199//4472
f 3098//4572 3097//4573 3197//4474 3198//4473
f 3097//4573 3096//4574 3196//4475 3197//4474
f 3096//4574 3095//4575 3195//4476 3196//4475
f 3095//4575 3094//4576 3194//4477 3195//4476
f 3094//4576 3093//4577 3193//4478 3194//4477
f 3093//4577 3092//4578 3192//4479 3193//4478
f 3092//4578 3091//4579 3191//4480 3192//4479
f 3091//4579 3090//4580 3190//4481 3191//4480
f 3090//4580 3089//4581 3189//4482 3190//4481
f 3089//4581 3088//4582 3188//4483 3189//4482
f 3088//4582 3087//4583 3187//4484 3188//4483
f 3087//4583 3086//4584 3186//4485 3187//4484
f 3086//4584 3085//4585 3185//4486 3186//4485
f 3085//4585 3084//4586 3184//4487 3185//4486
f 3084//4586 3083//4587 3183//4488 3184//4487
f 3083//4587 3082//4588 3182//4489 3183//4488
f 3082//4588 3081//22 3181//24 3182//4489
f 19//90 3080//4589 3180//4490 21//91
f 3080//4589 3079//4590 3179//4491 3180//4490
f 3079//4590 3078//4591 3178//4492 3179//4491
f 3078//4591 3077//4592 3177//4493 3178//4492
f 3077//4592 3076//4593 3176//4494 3177//4493
f 3076//4593 3075//4594 3175//4495 3176//4494
f 3075//4594 3074//4595 3174//4496 3175//4495
f 3074//4595 3073//4596 3173//4497 3174//4496
f 3073//4596 3072//4597 3172//4498 3173//4497
f 3072//4597 3071//4598 3171//4499 3172//4498
f 3071//4598 3070//4599 3170//4500 3171//4499
f 3070//4599 3069//4600 3169//4501 3170//4500
f 3069//4600 3068//4601 3168//4502 3169//4501
f 3068//4601 3067//4602 3167//4503 3168//4502
f 3067//4602 3066//4603 3166//4504 3167//4503
f 3066//4603 3065//4604 3165//4505 3166//4504
f 3065//4604 3064//4605 3164//4506 3165//4505
f 3064//4605 3063//4606 3163//4507 3164//4506
f 3063//4606 3062//4607 3162//4508 3163//4507
f 3062//4607 3061//4608 3161//4509 3162//4508
f 3061//4608 3060//4609 3160//4510 3161//4509
f 3060//4609 3059//4610 3159//4511 3160//4510
f 3059//4610 3058//4611 3158//4512 3159//4511
f 3058//4611 3057//4612 3157//4513 3158//4512
f 3057//4612 3056//4613 3156//4514 3157//4513
f 3056//4613 3055//4614 3155//4515 3156//4514
f 3055//4614 3054//4615 3154//4516 3155//4515
f 3054//4615 3053//4616 3153//4517 3154//4516
f 3053//4616 3052//4617 3152//4518 3153//4517
f 3052//4617 3051//4618 3151//4519 3152//4518
f 3051//4618 3050//4619 3150//4520 3151//4519
f 3050//4619 3049//4620 3149//4521 3150//4520
f 3049//4620 3048//4621 3148//4522 3149//4521
f 3048//4621 3047//4622 3147//4523 3148//4522
f 3047//4622 3046//4623 3146//4524 3147//4523
f 3046//4623 3045//4624 3145//4525 3146//4524
f 3045//4624 3044//4625 3144//4526 3145//4525
f 3044//4625 3043//4626 3143//4527 3144//4526
f 3043//4626 3042//4627 3142//4528 3143//4527
f 3042//4627 3041//4628 3141//4529 3142//4528
f 3041//4628 3040//4629 3140//4530 3141//4529
f 3040//4629 3039//4630 3139//4531 3140//4530
f 3039//4630 3038//4631 3138//4532 3139//4531
f 3038//4631 3037//4632 3137//4533 3138//4532
f 3037//4632 3036//4633 3136//4534 3137//4533
f 3036//4633 3035//4634 3135//4535 3136//4534
f 3035//4634 3034//4635 3134//4536 3135//4535
f 3034//4635 3033//4636 3133//4537 3134//4536
f 3033//4636 3032//4637 3132//4538 3133//4537
f 3032//4637 3031//4638 3131//4539 3132//4538
f 3031//4638 3030//4639 3130//4540 3131//4539
f 3030//4639 3029//4640 3129//4541 3130//4540
f 3029//4640 3028//4641 3128//4542 3129//4541
f 3028//4641 3027//4642 3127//4543 3128//4542
f 3027//4642 3026//4643 3126//4544 3127//4543
f 3026//4643 3025//4644 3125//4545 3126//4544
f 3025//4644 3024//4645 3124//4546 3125//4545
f 3024//4645 3023//4646 3123//4547 3124//4546
f 3023//4646 3022//4647 3122//4548 3123//4547
f 3022//4647 3021//4648 3121//4549 3122//4548
f 3021//4648 3020//4649 3120//4550 3121//4549
f 3020//4649 3019//4650 3119//4551 3120//4550
f 3019//4650 3018//4651 3118//4552 3119//4551
f 3018//4651 3017//4652 3117//4553 3118//4552
f 3017//4652 3016//4653 3116//4554 3117//4553
f 3016//4653 3015//4654 3115//4555 3116//4554
f 3015//4654 3014//4655 3114//4556 3115//4555
f 3014//4655 3013//4656 3113//4557 3114//4556
f 3013//4656 3012//4657 3112//4558 3113//4557
f 3012//4657 3011//4658 3111//4559 3112//4558
f 3011//4658 3010//4659 3110//4560 3111//4559
f 3010//4659 3009//4660 3109//4561 3110//4560
f 3009//4660 3008//4661 3108//4562 3109//4561
f 3008//4661 3007//4662 3107//4563 3108//4562
f 3007//4662 3006//4663 3106//4564 3107//4563
f 3006//4663 3005//4664 3105//4565 3106//4564
f 3005//4664 3004//4665 3104//4566 3105//4565
f 3004//4665 3003//4666 3103//4567 3104//4566
f 3003//4666 3002//4667 3102//4568 3103//4567
f 3002//4667 3001//4668 3101//4569 3102//4568
f 3001//4668 3000//4669 3100//4570 3101//4569
f 3000//4669 2999//4670 3099//4571 3100//4570
f 2999//4670 2998//4671 3098//4572 3099//4571
f 2998//4671 2997//4672 3097//4573 3098//4572
f 2997//4672 2996//4673 3096//4574 3097//4573
f 2996//4673 2995//4674 3095//4575 3096//4574
f 2995//4674 2994//4675 3094//4576 3095//4575
f 2994//4675 2993//4676 3093//4577 3094//4576
f 2993//4676 2992//4677 3092//4578 3093//4577
f 2992//4677 2991//4678 3091//4579 3092//4578
f 2991//4678 2990//4679 3090//4580 3091//4579
f 2990//4679 2989//4680 3089//4581 3090//4580
f 2989//4680 2988//4681 3088//4582 3089//4581
f 2988//4681 2987//4682 3087//4583 3088//4582
f 2987//4682 2986//4683 3086//4584 3087//4583
f 2986//4683 2985//4684 3085//4585 3086//4584
f 2985//4684 2984//4685 3084//4586 3085//4585
f 2984//4685 2983//4686 3083//4587 3084//4586
f 2983//4686 2982//4687 3082//4588 3083//4587
f 2982//4687 2981//20 3081//22 3082//4588
f 17//89 2980//4688 3080//4589 19//90
f 2980//4688 2979//4689 3079//4590 3080//4589
f 2979//4689 2978//4690 3078//4591 3079//4590
f 2978//4690 2977//4691 3077//4592 3078//4591
f 2977//4691 2976//4692 3076//4593 3077//4592
f 2976//4692 2975//4693 3075//4594 3076//4593
f 2975//4693 2974//4694 3074//4595 3075//4594
f 2974//4694 2973//4695 3073//4596 3074//4595
f 2973//4695 2972//4696 3072//4597 3073//4596
f 2972//4696 2971//4697 3071//4598 3072//4597
f 2971//4697 2970//4698 3070//4599 3071//4598
f 2970//4698 2969//4699 3069//4600 3070//4599
f 2969//4699 2968//4700 3068//4601 3069//4600
f 2968//4700 2967//4701 3067//4602 3068//4601
f 2967//4701 2966//4702 3066//4603 3067//4602
f 2966//4702 2965//4703 3065//4604 3066//4603
f 2965//4703 2964//4704 3064//4605 3065//4604
f 2964//4704 2963//4705 3063//4606 3064//4605
f 2963//4705 2962//4706 3062//4607 3063//4606
f 2962//4706 2961//4707 3061//4608 3062//4607
f 2961//4707 2960//4708 3060//4609 3061//4608
f 2960//4708 2959//4709 3059//4610 3060//4609
f 2959//4709 2958//4710 3058//4611 3059//4610
f 2958//4710 2957//4711 3057//4612 3058//4611
f 2957//4711 2956//4712 3056//4613 3057//4612
f 2956//4712 2955//4713 3055//4614 3056//4613
f 2955//4713 2954//4714 3054//4615 3055//4614
f 2954//4714 2953//4715 3053//4616 3054//4615
f 2953//4715 2952//4716 3052//4617 3053//4616
f 2952//4716 2951//4717 3051//4618 3052//4617
f 2951//4717 2950//4718 3050//4619 3051//4618
f 2950//4718 2949//4719 3049//4620 3050//4619
f 2949//4719 2948//4720 3048//4621 3049//4620
f 2948//4720 2947//4721 3047//4622 3048//4621
f 2947//4721 2946//4722 3046//4623 3047//4622
f 2946//4722 2945//4723 3045//4624 3046//4623
f 2945//4723 2944//4724 3044//4625 3045//4624
f 2944//4724 2943//4725 3043//4626 3044//4625
f 2943//4725 2942//4726 3042//4627 3043//4626
f 2942//4726 2941//4727 3041//4628 3042//4627
f 2941//4727 2940//4728 3040//4629 3041//4628
f 2940//4728 2939//4729 3039//4630 3040//4629
f 2939//4729 2938//4730 3038//4631 3039//4630
f 2938//4730 2937//4731 3037//4632 3038//4631
f 2937//4731 2936//4732 3036//4633 3037//4632
f 2936//4732 2935//4733 3035//4634 3036//4633
f 2935//4733 2934//4734 3034//4635 3035//4634
f 2934//4734 2933//4735 3033//4636 3034//4635
f 2933//4735 2932//4736 3032//4637 3033//4636
f 2932//4736 2931//4737 3031//4638 3032//4637
f 2931//4737 2930//4738 3030//4639 3031//4638
f 2930//4738 2929//4739 3029//4640 3030//4639
f 2929//4739 2928//4740 3028//4641 3029//4640
f 2928//4740 2927//4741 3027//4642 3028//4641
f 2927//4741 2926//4742 3026//4643 3027//4642
f 2926//4742 2925//4743 3025//4644 3026//4643
f 2925//4743 2924//4744 3024//4645 3025//4644
f 2924//4744 2923//4745 3023//4646 3024//4645
f 2923//4745 2922//4746 3022//4647 3023//4646
f 2922//4746 2921//4747 3021//4648 3022//4647
f 2921//4747 2920//4748 3020//4649 3021//4648
f 2920//4748 2919//4749 3019//4650 3020//4649
f 2919//4749 2918//4750 3018//4651 3019//4650
f 2918//4750 2917//4751 3017//4652 3018//4651
f 2917//4751 2916//4752 3016//4653 3017//4652
f 2916//4752 2915//4753 3015//4654 3016//4653
f 2915//4753 2914//4754 3014//4655 3015//4654
f 2914//4754 2913//4755 3013//4656 3014//4655
f 2913//4755 2912//4756 3012//4657 3013//4656
f 2912//4756 2911//4757 3011//4658 3012//4657
f 2911//4757 2910//4758 3010//4659 3011//4658
f 2910//4758 2909//4759 3009//4660 3010//4659
f 2909//4759 2908//4760 3008//4661 3009//4660
f 2908//4760 2907//4761 3007//4662 3008//4661
f 2907//4761 2906//4762 3006//4663 3007//4662
f 2906//4762 2905//4763 3005//4664 3006//4663
f 2905//4763 2904//4764 3004//4665 3005//4664
f 2904//4764 2903//4765 3003//4666 3004//4665
f 2903//4765 2902//4766 3002//4667 3003//4666
f 2902//4766 2901//4767 3001//4668 3002//4667
f 2901//4767 2900//4768 3000//4669 3001//4668
f 2900//4768 2899//4769 2999//4670 3000//4669
f 2899//4769 2898//4770 2998//4671 2999//4670
f 2898//4770 2897//4771 2997//4672 2998//4671
f 2897//4771 2896//4772 2996//4673 2997//4672
f 2896//4772 2895//4773 2995//4674 2996//4673
f 2895//4773 2894//4774 2994//4675 2995//4674
f 2894//4774 2893//4775 2993//4676 2994//4675
f 2893//4775 2892//4776 2992//4677 2993//4676
f 2892//4776 2891//4777 2991//4678 2992//4677
f 2891//4777 2890//4778 2990//4679 2991//4678
f 2890//4778 2889//4779 2989//4680 2990//4679
f 2889//4779 2888//4780 2988//4681 2989//4680
f 2888//4780 2887//4781 2987//4682 2988//4681
f 2887//4781 2886//4782 2986//4683 2987//4682
f 2886//4782 2885//4783 2985//4684 2986//4683
f 2885//4783 2884//4784 2984//4685 2985//4684
f 2884//4784 2883//4785 2983//4686 2984//4685
f 2883//4785 2882//4786 2982//4687 2983//4686
f 2882//4786 2881//18 2981//20 2982//4687
f 15//88 2880//4787 2980//4688 17//89
f 2880//4787 2879//4788 2979//4689 2980//4688
f 2879//4788 2878//4789 2978//4690 2979//4689
f 2878//4789 2877//4790 2977//4691 2978//4690
f 2877//4790 2876//4791 2976//4692 2977//4691
f 2876//4791 2875//4792 2975//4693 2976//4692
f 2875//4792 2874//4793 2974//4694 2975//4693
f 2874//4793 2873//4794 2973//4695 2974//4694
f 2873//4794 2872//4795 2972//4696 2973//4695
f 2872//4795 2871//4796 2971//4697 2972//4696
f 2871//4796 2870//4797 2970//4698 2971//4697
f 2870//4797 2869//4798 2969//4699 2970//4698
f 2869//4798 2868//4799 2968//4700 2969//4699
f 2868//4799 2867//4800 2967//4701 2968//4700
f 2867//4800 2866//4801 2966//4702 2967//4701
f 2866//4801 2865//4802 2965//4703 2966//4702
f 2865//4802 2864//4803 2964//4704 2965//4703
f 2864//4803 2863//4804 2963//4705 2964//4704
f 2863//4804 2862//4805 2962//4706 2963//4705
f 2862//4805 2861//4806 2961//4707 2962//4706
f 2861//4806 2860//4807 2960//4708 2961//4707
f 2860//4807 2859//4808 2959//4709 2960//4708
f 2859//4808 2858//4809 2958//4710 2959//4709
f 2858//4809 2857//4810 2957//4711 2958//4710
f 2857//4810 2856//4811 2956//4712 2957//4711
f 2856//4811 2855//4812 2955//4713 2956//4712
f 2855//4812 2854//4813 2954//4714 2955//4713
f 2854//4813 2853//4814 2953//4715 2954//4714
f 2853//4814 2852//4815 2952//4716 2953//4715
f 2852//4815 2851//4816 2951//4717 2952//4716
f 2851//4816 2850//4817 2950//4718 2951//4717
f 2850//4817 2849//4818 2949//4719 2950//4718
f 2849//4818 2848//4819 2948//4720 2949//4719
f 2848//4819 2847//4820 2947//4721 2948//4720
f 2847//4820 2846//4821 2946//4722 2947//4721
f 2846//4821 2845//4822 2945//4723 2946//4722
f 2845//4822 2844//4823 2944//4724 2945//4723
f 2844//4823 2843//4824 2943//4725 2944//4724
f 2843//4824 2842//4825 2942//4726 2943//4725
f 2842//4825 2841//4826 2941//4727 2942//4726
f 2841//4826 2840//4827 2940//4728 2941//4727
f 2840//4827 2839//4828 2939//4729 2940//4728
f 2839//4828 2838//4829 2938//4730 2939//4729
f 2838//4829 2837//4830 2937//4731 2938//4730
f 2837//4830 2836//4831 2936//4732 2937//4731
f 2836//4831 2835//4832 2935//4733 2936//4732
f 2835//4832 2834//4833 2934//4734 2935//4733
f 2834//4833 2833//4834 2933//4735 2934//4734
f 2833//4834 2832//4835 2932//4736 2933//4735
f 2832//4835 2831//4836 2931//4737 2932//4736
f 2831//4836 2830//4837 2930//4738 2931//4737
f 2830//4837 2829//4838 2929//4739 2930//4738
f 2829//4838 2828//4839 2928//4740 2929//4739
f 2828//4839 2827//4840 2927//4741 2928//4740
f 2827//4840 2826//4841 2926//4742 2927//4741
f 2826//4841 2825//4842 2925//4743 2926//4742
f 2825//4842 2824//4843 2924//4744 2925//4743
f 2824//4843 2823//4844 2923//4745 2924//4744
f 2823//4844 2822//4845 2922//4746 2923//4745
f 2822//4845 2821//4846 2921//4747 2922//4746
f 2821//4846 2820//4847 2920//4748 2921//4747
f 2820//4847 2819//4848 2919//4749 2920//4748
f 2819//4848 2818//4849 2918//4750 2919//4749
f 2818//4849 2817//4850 2917//4751 2918//4750
f 2817//4850 2816//4851 2916//4752 2917//4751
f 2816//4851 2815//4852 2915//4753 2916//4752
f 2815//4852 2814//4853 2914//4754 2915//4753
f 2814//4853 2813//4854 2913//4755 2914//4754
f 2813//4854 2812//4855 2912//4756 2913//4755
f 2812//4855 2811//4856 2911//4757 2912//4756
f 2811//4856 2810//4857 2910//4758 2911//4757
f 2810//4857 2809//4858 2909//4759 2910//4758
f 2809//4858 2808//4859 2908//4760 2909//4759
f 2808//4859 2807//4860 2907//4761 2908//4760
f 2807//4860 2806//4861 2906//4762 2907//4761
f 2806//4861 2805//4862 2905//4763 2906//4762
f 2805//4862 2804//4863 2904//4764 2905//4763
f 2804//4863 2803//4864 2903//4765 2904//4764
f 2803//4864 2802//4865 2902//4766 2903//4765
f 2802//4865 2801//4866 2901//4767 2902//4766
f 2801//4866 2800//4867 2900//4768 2901//4767
f 2800//4867 2799//4868 2899//4769 2900//4768
f 2799//4868 2798//4869 2898//4770 2899//4769
f 2798//4869 2797//4870 2897//4771 2898//4770
f 2797//4870 2796//4871 2896//4772 2897//4771
f 2796//4871 2795//4872 2895//4773 2896//4772
f 2795//4872 2794//4873 2894//4774 2895//4773
f 2794//4873 2793//4874 2893//4775 2894//4774
f 2793//4874 2792//4875 2892//4776 2893//4775
f 2792//4875 2791//4876 2891//4777 2892//4776
f 2791//4876 2790//4877 2890//4778 2891//4777
f 2790//4877 2789//4878 2889//4779 2890//4778
f 2789//4878 2788//4879 2888//4780 2889//4779
f 2788//4879 2787//4880 2887//4781 2888//4780
f 2787//4880 2786//4881 2886//4782 2887//4781
f 2786//4881 2785//4882 2885//4783 2886//4782
f 2785//4882 2784//4883 2884//4784 2885//4783
f 2784//4883 2783//4884 2883//4785 2884//4784
f 2783//4884 2782//4885 2882//4786 2883//4785
f 2782//4885 2781//16 2881//18 2882//4786
f 13//87 2780//4886 2880//4787 15//88
f 2780//4886 2779//4887 2879//4788 2880//4787
f 2779//4887 2778//4888 2878//4789 2879//4788
f 2778//4888 2777//4889 2877//4790 2878//4789
f 2777//4889 2776//4890 2876//4791 2877//4790
f 2776//4890 2775//4891 2875//4792 2876//4791
f 2775//4891 2774//4892 2874//4793 2875//4792
f 2774//4892 2773//4893 2873//4794 2874//4793
f 2773//4893 2772//4894 2872//4795 2873//4794
f 2772//4894 2771//4895 2871//4796 2872//4795
f 2771//4895 2770//4896 2870//4797 2871//4796
f 2770//4896 2769//4897 2869//4798 2870//4797
f 2769//4897 2768//4898 2868//4799 2869//4798
f 2768//4898 2767//4899 2867//4800 2868//4799
f 2767//4899 2766//4900 2866//4801 2867//4800
f 2766//4900 2765//4901 2865//4802 2866//4801
f 2765//4901 2764//4902 2864//4803 2865//4802
f 2764//4902 2763//4903 2863//4804 2864//4803
f 2763//4903 2762//4904 2862//4805 2863//4804
f 2762//4904 2761//4905 2861//4806 2862//4805
f 2761//4905 2760//4906 2860//4807 2861//4806
f 2760//4906 2759//4907 2859//4808 2860//4807
f 2759//4907 2758//4908 2858//4809 2859//4808
f 2758//4908 2757//4909 2857//4810 2858//4809
f 2757//4909 2756//4910 2856//4811 2857//4810
f 2756//4910 2755//4911 2855//4812 2856//4811
f 2755//4911 2754//4912 2854//4813 2855//4812
f 2754//4912 2753//4913 2853//4814 2854//4813
f 2753//4913 2752//4914 2852//4815 2853//4814
f 2752//4914 2751//4915 2851//4816 2852//4815
f 2751//4915 2750//4916 2850//4817 2851//4816
f 2750//4916 2749//4917 2849//4818 2850//4817
f 2749//4917 2748//4918 2848//4819 2849//4818
f 2748//4918 2747//4919 2847//4820 2848//4819
f 2747//4919 2746//4920 2846//4821 2847//4820
f 2746//4920 2745//4921 2845//4822 2846//4821
f 2745//4921 2744//4922 2844//4823 2845//4822
f 2744//4922 2743//4923 2843//4824 2844//4823
f 2743//4923 2742//4924 2842//4825 2843//4824
f 2742//4924 2741//4925 2841//4826 2842//4825
f 2741//4925 2740//4926 2840//4827 2841//4826
f 2740//4926 2739//4927 2839//4828 2840//4827
f 2739//4927 2738//4928 2838//4829 2839//4828
f 2738//4928 2737//4929 2837//4830 2838//4829
f 2737//4929 2736//4930 2836//4831 2837//4830
f 2736//4930 2735//4931 2835//4832 2836//4831
f 2735//4931 2734//4932 2834//4833 2835//4832
f 2734//4932 2733//4933 2833//4834 2834//4833
f 2733//4933 2732//4934 2832//4835 2833//4834
f 2732//4934 2731//4935 2831//4836 2832//4835
f 2731//4935 2730//4936 2830//4837 2831//4836
f 2730//4936 2729//4937 2829//4838 2830//4837
f 2729//4937 2728//4938 2828//4839 2829//4838
f 2728//4938 2727//4939 2827//4840 2828//4839
f 2727//4939 2726//4940 2826//4841 2827//4840
f 2726//4940 2725//4941 2825//4842 2826//4841
f 2725//4941 2724//4942 2824//4843 2825//4842
f 2724//4942 2723//4943 2823//4844 2824//4843
f 2723//4943 2722//4944 2822//4845 2823//4844
f 2722//4944 2721//4945 2821//4846 2822//4845
f 2721//4945 2720//4946 2820//4847 2821//4846
f 2720//4946 2719//4947 2819//4848 2820//4847
f 2719//4947 2718//4948 2818//4849 2819//4848
f 2718//4948 2717//4949 2817//4850 2818//4849
f 2717//4949 2716//4950 2816//4851 2817//4850
f 2716//4950 2715//4951 2815//4852 2816//4851
f 2715//4951 2714//4952 2814//4853 2815//4852
f 2714//4952 2713//4953 2813//4854 2814//4853
f 2713//4953 2712//4954 2812//4855 2813//4854
f 2712//4954 2711//4955 2811//4856 2812//4855
f 2711//4955 2710//4956 2810//4857 2811//4856
f 2710//4956 2709//4957 2809//4858 2810//4857
f 2709//4957 2708//4958 2808//4859 2809//4858
f 2708//4958 2707//4959 2807//4860 2808//4859
f 2707//4959 2706//4960 2806//4861 2807//4860
f 2706//4960 2705//4961 2805//4862 2806//4861
f 2705//4961 2704//4962 2804//4863 2805//4862
f 2704//4962 2703//4963 2803//4864 2804//4863
f 2703//4963 2702//4964 2802//4865 2803//4864
f 2702//4964 2701//4965 2801//4866 2802//4865
f 2701//4965 2700//4966 2800//4867 2801//4866
f 2700//4966 2699//4967 2799//4868 2800//4867
f 2699//4967 2698//4968 2798//4869 2799//4868
f 2698//4968 2697//4969 2797//4870 2798//4869
f 2697//4969 2696//4970 2796//4871 2797//4870
f 2696//4970 2695//4971 2795//4872 2796//4871
f 2695//4971 2694//4972 2794//4873 2795//4872
f 2694//4972 2693//4973 2793//4874 2794//4873
f 2693//4973 2692//4974 2792//4875 2793//4874
f 2692//4974 2691//4975 2791//4876 2792//4875
f 2691//4975 2690//4976 2790//4877 2791//4876
f 2690//4976 2689//4977 2789//4878 2790//4877
f 2689//4977 2688//4978 2788//4879 2789//4878
f 2688//4978 2687//4979 2787//4880 2788//4879
f 2687//4979 2686//4980 2786//4881 2787//4880
f 2686//4980 2685//4981 2785//4882 2786//4881
f 2685//4981 2684//4982 2784//4883 2785//4882
f 2684//4982 2683//4983 2783//4884 2784//4883
f 2683//4983 2682//4984 2782//4885 2783//4884
f 2682//4984 2681//14 2781//16 2782//4885
f 11//86 2680//4985 2780//4886 13//87
f 2680//4985 2679//4986 2779//4887 2780//4886
f 2679//4986 2678//4987 2778//4888 2779//4887
f 2678//4987 2677//4988 2777//4889 2778//4888
f 2677//4988 2676//4989 2776//4890 2777//4889
f 2676//4989 2675//4990 2775//4891 2776//4890
f 2675//4990 2674//4991 2774//4892 2775//4891
f 2674//4991 2673//4992 2773//4893 2774//4892
f 2673//4992 2672//4993 2772//4894 2773//4893
f 2672//4993 2671//4994 2771//4895 2772//4894
f 2671//4994 2670//4995 2770//4896 2771//4895
f 2670//4995 2669//4996 2769//4897 2770//4896
f 2669//4996 2668//4997 2768//4898 2769//4897
f 2668//4997 2667//4998 2767//4899 2768//4898
f 2667//4998 2666//4999 2766//4900 2767//4899
f 2666//4999 2665//5000 2765//4901 2766//4900
f 2665//5000 2664//5001 2764//4902 2765//4901
f 2664//5001 2663//5002 2763//4903 2764//4902
f 2663//5002 2662//5003 2762//4904 2763//4903
f 2662//5003 2661//5004 2761//4905 2762//4904
f 2661//5004 2660//5005 2760//4906 2761//4905
f 2660//5005 2659//5006 2759//4907 2760//4906
f 2659//5006 2658//5007 2758//4908 2759//4907
f 2658//5007 2657//5008 2757//4909 2758//4908
f 2657//5008 2656//5009 2756//4910 2757//4909
f 2656//5009 2655//5010 2755//4911 2756//4910
f 2655//5010 2654//5011 2754//4912 2755//4911
f 2654//5011 2653//5012 2753//4913 2754//4912
f 2653//5012 2652//5013 2752//4914 2753//4913
f 2652//5013 2651//5014 2751//4915 2752//4914
f 2651//5014 2650//5015 2750//4916 2751//4915
f 2650//5015 2649//5016 2749//4917 2750//4916
f 2649//5016 2648//5017 2748//4918 2749//4917
f 2648//5017 2647//5018 2747//4919 2748//4918
f 2647//5018 2646//5019 2746//4920 2747//4919
f 2646//5019 2645//5020 2745//4921 2746//4920
f 2645//5020 2644//5021 2744//4922 2745//4921
f 2644//5021 2643//5022 2743//4923 2744//4922
f 2643//5022 2642//5023 2742//4924 2743//4923
f 2642//5023 2641//5024 2741//4925 2742//4924
f 2641//5024 2640//5025 2740//4926 2741//4925
f 2640//5025 2639//5026 2739//4927 2740//4926
f 2639//5026 2638//5027 2738//4928 2739//4927
f 2638//5027 2637//5028 2737//4929 2738//4928
f 2637//5028 2636//5029 2736//4930 2737//4929
f 2636//5029 2635//5030 2735//4931 2736//4930
f 2635//5030 2634//5031 2734//4932 2735//4931
f 2634//5031 2633//5032 2733//4933 2734//4932
f 2633//5032 2632//5033 2732//4934 2733//4933
f 2632//5033 2631//5034 2731//4935 2732//4934
f 2631//5034 2630//5035 2730//4936 2731//4935
f 2630//5035 2629//5036 2729//4937 2730//4936
f 2629//5036 2628//5037 2728//4938 2729//4937
f 2628//5037 2627//5038 2727//4939 2728//4938
f 2627//5038 2626//5039 2726//4940 2727//4939
f 2626//5039 2625//5040 2725//4941 2726//4940
f 2625//5040 2624//5041 2724//4942 2725//4941
f 2624//5041 2623//5042 2723//4943 2724//4942
f 2623//5042 2622//5043 2722//4944 2723//4943
f 2622//5043 2621//5044 2721//4945 2722//4944
f 2621//5044 2620//5045 2720//4946 2721//4945
f 2620//5045 2619//5046 2719//4947 2720//4946
f 2619//5046 2618//5047 2718//4948 2719//4947
f 2618//5047 2617//5048 2717//4949 2718//4948
f 2617//5048 2616//5049 2716//4950 2717//4949
f 2616//5049 2615//5050 2715//4951 2716//4950
f 2615//5050 2614//5051 2714//4952 2715//4951
f 2614//5051 2613//5052 2713//4953 2714//4952
f 2613//5052 2612//5053 2712//4954 2713//4953
f 2612//5053 2611//5054 2711//4955 2712//4954
f 2611//5054 2610//5055 2710//4956 2711//4955
f 2610//5055 2609//5056 2709//4957 2710//4956
f 2609//5056 2608//5057 2708//4958 2709//4957
f 2608//5057 2607//5058 2707//4959 2708//4958
f 2607//5058 2606//5059 2706//4960 2707//4959
f 2606//5059 2605//5060 2705//4961 2706//4960
f 2605//5060 2604//5061 2704//4962 2705//4961
f 2604//5061 2603//5062 2703//4963 2704//4962
f 2603//5062 2602//5063 2702//4964 2703//4963
f 2602//5063 2601//5064 2701//4965 2702//4964
f 2601//5064 2600//5065 2700//4966 2701//4965
f 2600//5065 2599//5066 2699//4967 2700//4966
f 2599//5066 2598//5067 2698//4968 2699//4967
f 2598//5067 2597//5068 2697//4969 2698//4968
f 2597//5068 2596//5069 2696//4970 2697//4969
f 2596//5069 2595//5070 2695//4971 2696//4970
f 2595//5070 2594//5071 2694//4972 2695//4971
f 2594//5071 2593//5072 2693//4973 2694//4972
f 2593//5072 2592//5073 2692//4974 2693//4973
f 2592//5073 2591//5074 2691//4975 2692//4974
f 2591//5074 2590//5075 2690//4976 2691//4975
f 2590//5075 2589//5076 2689//4977 2690//4976
f 2589//5076 2588//5077 2688//4978 2689//4977
f 2588//5077 2587//5078 2687//4979 2688//4978
f 2587//5078 2586//5079 2686//4980 2687//4979
f 2586//5079 2585//5080 2685//4981 2686//4980
f 2585//5080 2584//5081 2684//4982 2685//4981
f 2584//5081 2583//5082 2683//4983 2684//4982
f 2583//5082 2582//5083 2682//4984 2683//4983
f 2582//5083 2581//12 2681//14 2682//4984
f 9//85 2580//5084 2680//4985 11//86
f 2580//5084 2579//5085 2679//4986 2680//4985
f 2579//5085 2578//5086 2678//4987 2679//4986
f 2578//5086 2577//5087 2677//4988 2678//4987
f 2577//5087 2576//5088 2676//4989 2677//4988
f 2576//5088 2575//5089 2675//4990 2676//4989
f 2575//5089 2574//5090 2674//4991 2675//4990
f 2574//5090 2573//5091 2673//4992 2674//4991
f 2573//5091 2572//5092 2672//4993 2673//4992
f 2572//5092 2571//5093 2671//4994 2672//4993
f 2571//5093 2570//5094 2670//4995 2671//4994
f 2570//5094 2569//5095 2669//4996 2670//4995
f 2569//5095 2568//5096 2668//4997 2669//4996
f 2568//5096 2567//5097 2667//4998 2668//4997
f 2567//5097 2566//5098 2666//4999 2667//4998
f 2566//5098 2565//5099 2665//5000 2666//4999
f 2565//5099 2564//5100 2664//5001 2665//5000
f 2564//5100 2563//5101 2663//5002 2664//5001
f 2563//5101 2562//5102 2662//5003 2663//5002
f 2562//5102 2561//5103 2661//5004 2662//5003
f 2561//5103 2560//5104 2660//5005 2661//5004
f 2560//5104 2559//5105 2659//5006 2660//5005
f 2559//5105 2558//5106 2658//5007 2659//5006
f 2558//5106 2557//5107 2657//5008 2658//5007
f 2557//5107 2556//5108 2656//5009 2657//5008
f 2556//5108 2555//5109 2655//5010 2656//5009
f 2555//5109 2554//5110 2654//5011 2655//5010
f 2554//5110 2553//5111 2653//5012 2654//5011
f 2553//5111 2552//5112 2652//5013 2653//5012
f 2552//5112 2551//5113 2651//5014 2652//5013
f 2551//5113 2550//5114 2650//5015 2651//5014
f 2550//5114 2549//5115 2649//5016 2650//5015
f 2549//5115 2548//5116 2648//5017 2649//5016
f 2548//5116 2547//5117 2647//5018 2648//5017
f 2547//5117 2546//5118 2646//5019 2647//5018
f 2546//5118 2545//5119 2645//5020 2646//5019
f 2545//5119 2544//5120 2644//5021 2645//5020
f 2544//5120 2543//5121 2643//5022 2644//5021
f 2543//5121 2542//5122 2642//5023 2643//5022
f 2542//5122 2541//5123 2641//5024 2642//5023
f 2541//5123 2540//5124 2640//5025 2641//5024
f 2540//5124 2539//5125 2639//5026 2640//5025
f 2539//5125 2538//5126 2638//5027 2639//5026
f 2538//5126 2537//5127 2637//5028 2638//5027
f 2537//5127 2536//5128 2636//5029 2637//5028
f 2536//5128 2535//5129 2635//5030 2636//5029
f 2535//5129 2534//5130 2634//5031 2635//5030
f 2534//5130 2533//5131 2633//5032 2634//5031
f 2533//5131 2532//5132 2632//5033 2633//5032
f 2532//5132 2531//5133 2631//5034 2632//5033
f 2531//5133 2530//5134 2630//5035 2631//5034
f 2530//5134 2529//5135 2629//5036 2630//5035
f 2529//5135 2528//5136 2628//5037 2629//5036
f 2528//5136 2527//5137 2627//5038 2628//5037
f 2527//5137 2526//5138 2626//5039 2627//5038
f 2526//5138 2525//5139 2625//5040 2626//5039
f 2525//5139 2524//5140 2624//5041 2625//5040
f 2524//5140 2523//5141 2623//5042 2624//5041
f 2523//5141 2522//5142 2622//5043 2623//5042
f 2522//5142 2521//5143 2621//5044 2622//5043
f 2521//5143 2520//5144 2620//5045 2621//5044
f 2520//5144 2519//5145 2619//5046 2620//5045
f 2519//5145 2518//5146 2618//5047 2619//5046
f 2518//5146 2517//5147 2617//5048 2618//5047
f 2517//5147 2516//5148 2616//5049 2617//5048
f 2516//5148 2515//5149 2615//5050 2616//5049
f 2515//5149 2514//5150 2614//5051 2615//5050
f 2514//5150 2513//5151 2613//5052 2614//5051
f 2513//5151 2512//5152 2612//5053 2613//5052
f 2512//5152 2511//5153 2611//5054 2612//5053
f 2511//5153 2510//5154 2610//5055 2611//5054
f 2510//5154 2509//5155 2609//5056 2610//5055
f 2509//5155 2508//5156 2608//5057 2609//5056
f 2508//5156 2507//5157 2607//5058 2608//5057
f 2507//5157 2506//5158 2606//5059 2607//5058
f 2506//5158 2505//5159 2605//5060 2606//5059
f 2505//5159 2504//5160 2604//5061 2605//5060
f 2504//5160 2503//5161 2603//5062 2604//5061
f 2503//5161 2502//5162 2602//5063 2603//5062
f 2502//5162 2501//5163 2601//5064 2602//5063
f 2501//5163 2500//5164 2600//5065 2601//5064
f 2500//5164 2499//5165 2599//5066 2600//5065
f 2499//5165 2498//5166 2598//5067 2599//5066
f 2498//5166 2497//5167 2597//5068 2598//5067
f 2497//5167 2496//5168 2596//5069 2597//5068
f 2496//5168 2495//5169 2595//5070 2596//5069
f 2495//5169 2494//5170 2594//5071 2595//5070
f 2494//5170 2493//5171 2593//5072 2594//5071
f 2493//5171 2492//5172 2592//5073 2593//5072
f 2492//5172 2491//5173 2591//5074 2592//5073
f 2491//5173 2490//5174 2590//5075 2591//5074
f 2490//5174 2489//5175 2589//5076 2590//5075
f 2489//5175 2488//5176 2588//5077 2589//5076
f 2488//5176 2487//5177 2587//5078 2588//5077
f 2487//5177 2486//5178 2586//5079 2587//5078
f 2486//5178 2485//5179 2585//5080 2586//5079
f 2485//5179 2484//5180 2584//5081 2585//5080
f 2484//5180 2483//5181 2583//5082 2584//5081
f 2483//5181 2482//5182 2582//5083 2583//5082
f 2482//5182 2481//10 2581//12 2582//5083
f 7//84 2480//5183 2580//5084 9//85
f 2480//5183 2479//5184 2579//5085 2580//5084
f 2479//5184 2478//5185 2578//5086 2579//5085
f 2478//5185 2477//5186 2577//5087 2578//5086
f 2477//5186 2476//5187 2576//5088 2577//5087
f 2476//5187 2475//5188 2575//5089 2576//5088
f 2475//5188 2474//5189 2574//5090 2575//5089
f 2474//5189 2473//5190 2573//5091 2574//5090
f 2473//5190 2472//5191 2572//5092 2573//5091
f 2472//5191 2471//5192 2571//5093 2572//5092
f 2471//5192 2470//5193 2570//5094 2571//5093
f 2470//5193 2469//5194 2569//5095 2570//5094
f 2469//5194 2468//5195 2568//5096 2569//5095
f 2468//5195 2467//5196 2567//5097 2568//5096
f 2467//5196 2466//5197 2566//5098 2567//5097
f 2466//5197 2465//5198 2565//5099 2566//5098
f 2465//5198 2464//5199 2564//5100 2565//5099
f 2464//5199 2463//5200 2563//5101 2564//5100
f 2463//5200 2462//5201 2562//5102 2563//5101
f 2462//5201 2461//5202 2561//5103 2562//5102
f 2461//5202 2460//5203 2560//5104 2561//5103
f 2460//5203 2459//5204 2559//5105 2560//5104
f 2459//5204 2458//5205 2558//5106 2559//5105
f 2458//5205 2457//5206 2557//5107 2558//5106
f 2457//5206 2456//5207 2556//5108 2557//5107
f 2456//5207 2455//5208 2555//5109 2556//5108
f 2455//5208 2454//5209 2554//5110 2555//5109
f 2454//5209 2453//5210 2553//5111 2554//5110
f 2453//5210 2452//5211 2552//5112 2553//5111
f 2452//5211 2451//5212 2551//5113 2552//5112
f 2451//5212 2450//5213 2550//5114 2551//5113
f 2450//5213 2449//5214 2549//5115 2550//5114
f 2449//5214 2448//5215 2548//5116 2549//5115
f 2448//5215 2447//5216 2547//5117 2548//5116
f 2447//5216 2446//5217 2546//5118 2547//5117
f 2446//5217 2445//5218 2545//5119 2546//5118
f 2445//5218 2444//5219 2544//5120 2545//5119
f 2444//5219 2443//5220 2543//5121 2544//5120
f 2443//5220 2442//5221 2542//5122 2543//5121
f 2442//5221 2441//5222 2541//5123 2542//5122
f 2441//5222 2440//5223 2540//5124 2541//5123
f 2440//5223 2439//5224 2539//5125 2540//5124
f 2439//5224 2438//5225 2538//5126 2539//5125
f 2438//5225 2437//5226 2537//5127 2538//5126
f 2437//5226 2436//5227 2536//5128 2537//5127
f 2436//5227 2435//5228 2535//5129 2536//5128
f 2435//5228 2434//5229 2534//5130 2535//5129
f 2434//5229 2433//5230 2533//5131 2534//5130
f 2433//5230 2432//5231 2532//5132 2533//5131
f 2432//5231 2431//5232 2531//5133 2532//5132
f 2431//5232 2430//5233 2530//5134 2531//5133
f 2430//5233 2429//5234 2529//5135 2530//5134
f 2429//5234 2428//5235 2528//5136 2529//5135
f 2428//5235 2427//5236 2527//5137 2528//5136
f 2427//5236 2426//5237 2526//5138 2527//5137
f 2426//5237 2425//5238 2525//5139 2526//5138
f 2425//5238 2424//5239 2524//5140 2525//5139
f 2424//5239 2423//5240 2523//5141 2524//5140
f 2423//5240 2422//5241 2522//5142 2523//5141
f 2422//5241 2421//5242 2521//5143 2522//5142
f 2421//5242 2420//5243 2520//5144 2521//5143
f 2420//5243 2419//5244 2519//5145 2520//5144
f 2419//5244 2418//5245 2518//5146 2519//5145
f 2418//5245 2417//5246 2517//5147 2518//5146
f 2417//5246 2416//5247 2516//5148 2517//5147
f 2416//5247 2415//5248 2515//5149 2516//5148
f 2415//5248 2414//5249 2514//5150 2515//5149
f 2414//5249 2413//5250 2513//5151 2514//5150
f 2413//5250 2412//5251 2512//5152 2513//5151
f 2412//5251 2411//5252 2511//5153 2512//5152
f 2411//5252 2410//5253 2510//5154 2511//5153
f 2410//5253 2409//5254 2509//5155 2510//5154
f 2409//5254 2408//5255 2508//5156 2509//5155
f 2408//5255 2407//5256 2507//5157 2508//5156
f 2407//5256 2406//5257 2506//5158 2507//5157
f 2406//5257 2405//5258 2505//5159 2506//5158
f 2405//5258 2404//5259 2504//5160 2505//5159
f 2404//5259 2403//5260 2503//5161 2504//5160
f 2403//5260 2402//5261 2502//5162 2503//5161
f 2402//5261 2401//5262 2501//5163 2502//5162
f 2401//5262 2400//5263 2500//5164 2501//5163
f 2400//5263 2399//5264 2499//5165 2500//5164
f 2399//5264 2398//5265 2498//5166 2499//5165
f 2398//5265 2397//5266 2497//5167 2498//5166
f 2397//5266 2396//5267 2496//5168 2497//5167
f 2396//5267 2395//5268 2495//5169 2496//5168
f 2395//5268 2394//5269 2494//5170 2495//5169
f 2394//5269 2393//5270 2493//5171 2494//5170
f 2393//5270 2392//5271 2492//5172 2493//5171
f 2392//5271 2391//5272 2491//5173 2492//5172
f 2391//5272 2390//5273 2490//5174 2491//5173
f 2390//5273 2389//5274 2489//5175 2490//5174
f 2389//5274 2388//5275 2488//5176 2489//5175
f 2388//5275 2387//5276 2487//5177 2488//5176
f 2387//5276 2386//5277 2486//5178 2487//5177
f 2386//5277 2385//5278 2485//5179 2486//5178
f 2385//5278 2384//5279 2484//5180 2485//5179
f 2384//5279 2383//5280 2483//5181 2484//5180
f 2383//5280 2382//5281 2482//5182 2483//5181
f 2382//5281 2381//8 2481//10 2482//5182
f 5//83 2380//5282 2480//5183 7//84
f 2380//5282 2379//5283 2479//5184 2480//5183
f 2379//5283 2378//5284 2478//5185 2479//5184
f 2378//5284 2377//5285 2477//5186 2478//5185
f 2377//5285 2376//5286 2476//5187 2477//5186
f 2376//5286 2375//5287 2475//5188 2476//5187
f 2375//5287 2374//5288 2474//5189 2475//5188
f 2374//5288 2373//5289 2473//5190 2474//5189
f 2373//5289 2372//5290 2472//5191 2473//5190
f 2372//5290 2371//5291 2471//5192 2472//5191
f 2371//5291 2370//5292 2470//5193 2471//5192
f 2370//5292 2369//5293 2469//5194 2470//5193
f 2369//5293 2368//5294 2468//5195 2469//5194
f 2368//5294 2367//5295 2467//5196 2468//5195
f 2367//5295 2366//5296 2466//5197 2467//5196
f 2366//5296 2365//5297 2465//5198 2466//5197
f 2365//5297 2364//5298 2464//5199 2465//5198
f 2364//5298 2363//5299 2463//5200 2464//5199
f 2363//5299 2362//5300 2462//5201 2463//5200
f 2362//5300 2361//5301 2461//5202 2462//5201
f 2361//5301 2360//5302 2460//5203 2461//5202
f 2360//5302 2359//5303 2459//5204 2460//5203
f 2359//5303 2358//5304 2458//5205 2459//5204
f 2358//5304 2357//5305 2457//5206 2458//5205
f 2357//5305 2356//5306 2456//5207 2457//5206
f 2356//5306 2355//5307 2455//5208 2456//5207
f 2355//5307 2354//5308 2454//5209 2455//5208
f 2354//5308 2353//5309 2453//5210 2454//5209
f 2353//5309 2352//5310 2452//5211 2453//5210
f 2352//5310 2351//5311 2451//5212 2452//5211
f 2351//5311 2350//5312 2450//5213 2451//5212
f 2350//5312 2349//5313 2449//5214 2450//5213
f 2349//5313 2348//5314 2448//5215 2449//5214
f 2348//5314 2347//5315 2447//5216 2448//5215
f 2347//5315 2346//5316 2446//5217 2447//5216
f 2346//5316 2345//5317 2445//5218 2446//5217
f 2345//5317 2344//5318 2444//5219 2445//5218
f 2344//5318 2343//5319 2443//5220 2444//5219
f 2343//5319 2342//5320 2442//5221 2443//5220
f 2342//5320 2341//5321 2441//5222 2442//5221
f 2341//5321 2340//5322 2440//5223 2441//5222
f 2340//5322 2339//5323 2439//5224 2440//5223
f 2339//5323 2338//5324 2438//5225 2439//5224
f 2338//5324 2337//5325 2437//5226 2438//5225
f 2337//5325 2336//5326 2436//5227 2437//5226
f 2336//5326 2335//5327 2435//5228 2436//5227
f 2335//5327 2334//5328 2434//5229 2435//5228
f 2334//5328 2333//5329 2433//5230 2434//5229
f 2333//5329 2332//5330 2432//5231 2433//5230
f 2332//5330 2331//5331 2431//5232 2432//5231
f 2331//5331 2330//5332 2430//5233 2431//5232
f 2330//5332 2329//5333 2429//5234 2430//5233
f 2329//5333 2328//5334 2428//5235 2429//5234
f 2328//5334 2327//5335 2427//5236 2428//5235
f 2327//5335 2326//5336 2426//5237 2427//5236
f 2326//5336 2325//5337 2425//5238 2426//5237
f 2325//5337 2324//5338 2424//5239 2425//5238
f 2324//5338 2323//5339 2423//5240 2424//5239
f 2323//5339 2322//5340 2422//5241 2423//5240
f 2322//5340 2321//5341 2421//5242 2422//5241
f 2321//5341 2320//5342 2420//5243 2421//5242
f 2320//5342 2319//5343 2419//5244 2420//5243
f 2319//5343 2318//5344 2418//5245 2419//5244
f 2318//5344 2317//5345 2417//5246 2418//5245
f 2317//5345 2316//5346 2416//5247 2417//5246
f 2316//5346 2315//5347 2415//5248 2416//5247
f 2315//5347 2314//5348 2414//5249 2415//5248
f 2314//5348 2313//5349 2413//5250 2414//5249
f 2313//5349 2312//5350 2412//5251 2413//5250
f 2312//5350 2311//5351 2411//5252 2412//5251
f 2311//5351 2310//5352 2410//5253 2411//5252
f 2310//5352 2309//5353 2409//5254 2410//5253
f 2309//5353 2308//5354 2408//5255 2409//5254
f 2308//5354 2307//5355 2407//5256 2408//5255
f 2307//5355 2306//5356 2406//5257 2407//5256
f 2306//5356 2305//5357 2405//5258 2406//5257
f 2305//5357 2304//5358 2404//5259 2405//5258
f 2304//5358 2303//5359 2403//5260 2404//5259
f 2303//5359 2302//5360 2402//5261 2403//5260
f 2302//5360 2301//5361 2401//5262 2402//5261
f 2301//5361 2300//5362 2400//5263 2401//5262
f 2300//5362 2299//5363 2399//5264 2400//5263
f 2299//5363 2298//5364 2398//5265 2399//5264
f 2298//5364 2297//5365 2397//5266 2398//5265
f 2297//5365 2296//5366 2396//5267 2397//5266
f 2296//5366 2295//5367 2395//5268 2396//5267
f 2295//5367 2294//5368 2394//5269 2395//5268
f 2294//5368 2293//5369 2393//5270 2394//5269
f 2293//5369 2292//5370 2392//5271 2393//5270
f 2292//5370 2291//5371 2391//5272 2392//5271
f 2291//5371 2290//5372 2390//5273 2391//5272
f 2290//5372 2289//5373 2389//5274 2390//5273
f 2289//5373 2288//5374 2388//5275 2389//5274
f 2288//5374 2287//5375 2387//5276 2388//5275
f 2287//5375 2286//5376 2386//5277 2387//5276
f 2286//5376 2285//5377 2385//5278 2386//5277
f 2285//5377 2284//5378 2384//5279 2385//5278
f 2284//5378 2283//5379 2383//5280 2384//5279
f 2283//5379 2282//5380 2382//5281 2383//5280
f 2282//5380 2281//6 2381//8 2382//5281
f 3//82 2280//5381 2380//5282 5//83
f 2280//5381 2279//5382 2379//5283 2380//5282
f 2279//5382 2278//5383 2378//5284 2379//5283
f 2278//5383 2277//5384 2377//5285 2378//5284
f 2277//5384 2276//5385 2376//5286 2377//5285
f 2276//5385 2275//5386 2375//5287 2376//5286
f 2275//5386 2274//5387 2374//5288 2375//5287
f 2274//5387 2273//5388 2373//5289 2374//5288
f 2273//5388 2272//5389 2372//5290 2373//5289
f 2272//5389 2271//5390 2371//5291 2372//5290
f 2271//5390 2270//5391 2370//5292 2371//5291
f 2270//5391 2269//5392 2369//5293 2370//5292
f 2269//5392 2268//5393 2368//5294 2369//5293
f 2268//5393 2267//5394 2367//5295 2368//5294
f 2267//5394 2266//5395 2366//5296 2367//5295
f 2266//5395 2265//5396 2365//5297 2366//5296
f 2265//5396 2264//5397 2364//5298 2365//5297
f 2264//5397 2263//5398 2363//5299 2364//5298
f 2263//5398 2262//5399 2362//5300 2363//5299
f 2262//5399 2261//5400 2361//5301 2362//5300
f 2261//5400 2260//5401 2360//5302 2361//5301
f 2260//5401 2259//5402 2359//5303 2360//5302
f 2259//5402 2258//5403 2358//5304 2359//5303
f 2258//5403 2257//5404 2357//5305 2358//5304
f 2257//5404 2256//5405 2356//5306 2357//5305
f 2256//5405 2255//5406 2355//5307 2356//5306
f 2255//5406 2254//5407 2354//5308 2355//5307
f 2254//5407 2253//5408 2353//5309 2354//5308
f 2253//5408 2252//5409 2352//5310 2353//5309
f 2252//5409 2251//5410 2351//5311 2352//5310
f 2251//5410 2250//5411 2350//5312 2351//5311
f 2250//5411 2249//5412 2349//5313 2350//5312
f 2249//5412 2248//5413 2348//5314 2349//5313
f 2248//5413 2247//5414 2347//5315 2348//5314
f 2247//5414 2246//5415 2346//5316 2347//5315
f 2246//5415 2245//5416 2345//5317 2346//5316
f 2245//5416 2244//5417 2344//5318 2345//5317
f 2244//5417 2243//5418 2343//5319 2344//5318
f 2243//5418 2242//5419 2342//5320 2343//5319
f 2242//5419 2241//5420 2341//5321 2342//5320
f 2241//5420 2240//5421 2340//5322 2341//5321
f 2240//5421 2239//5422 2339//5323 2340//5322
f 2239//5422 2238//5423 2338//5324 2339//5323
f 2238//5423 2237//5424 2337//5325 2338//5324
f 2237//5424 2236//5425 2336//5326 2337//5325
f 2236//5425 2235//5426 2335//5327 2336//5326
f 2235//5426 2234//5427 2334//5328 2335//5327
f 2234//5427 2233//5428 2333//5329 2334//5328
f 2233//5428 2232//5429 2332//5330 2333//5329
f 2232//5429 2231//5430 2331//5331 2332//5330
f 2231//5430 2230//5431 2330//5332 2331//5331
f 2230//5431 2229//5432 2329//5333 2330//5332
f 2229//5432 2228//5433 2328//5334 2329//5333
f 2228//5433 2227//5434 2327//5335 2328//5334
f 2227//5434 2226//5435 2326//5336 2327//5335
f 2226//5435 2225//5436 2325//5337 2326//5336
f 2225//5436 2224//5437 2324//5338 2325//5337
f 2224//5437 2223//5438 2323//5339 2324//5338
f 2223//5438 2222//5439 2322//5340 2323//5339
f 2222//5439 2221//5440 2321//5341 2322//5340
f 2221//5440 2220//5441 2320//5342 2321//5341
f 2220//5441 2219//5442 2319//5343 2320//5342
f 2219//5442 2218//5443 2318//5344 2319//5343
f 2218//5443 2217//5444 2317//5345 2318//5344
f 2217//5444 2216//5445 2316//5346 2317//5345
f 2216//5445 2215//5446 2315//5347 2316//5346
f 2215//5446 2214//5447 2314//5348 2315//5347
f 2214//5447 2213//5448 2313//5349 2314//5348
f 2213//5448 2212//5449 2312//5350 2313//5349
f 2212//5449 2211//5450 2311//5351 2312//5350
f 2211//5450 2210//5451 2310//5352 2311//5351
f 2210//5451 2209//5452 2309//5353 2310//5352
f 2209//5452 2208//5453 2308//5354 2309//5353
f 2208//5453 2207//5454 2307//5355 2308//5354
f 2207//5454 2206//5455 2306//5356 2307//5355
f 2206//5455 2205//5456 2305//5357 2306//5356
f 2205//5456 2204//5457 2304//5358 2305//5357
f 2204//5457 2203//5458 2303//5359 2304//5358
f 2203//5458 2202//5459 2302//5360 2303//5359
f 2202//5459 2201//5460 2301//5361 2302//5360
f 2201//5460 2200//5461 2300//5362 2301//5361
f 2200//5461 2199//5462 2299//5363 2300//5362
f 2199//5462 2198//5463 2298//5364 2299//5363
f 2198//5463 2197//5464 2297//5365 2298//5364
f 2197//5464 2196//5465 2296//5366 2297//5365
f 2196//5465 2195//5466 2295//5367 2296//5366
f 2195//5466 2194//5467 2294//5368 2295//5367
f 2194//5467 2193//5468 2293//5369 2294//5368
f 2193//5468 2192//5469 2292//5370 2293//5369
f 2192//5469 2191//5470 2291//5371 2292//5370
f 2191//5470 2190//5471 2290//5372 2291//5371
f 2190//5471 2189//5472 2289//5373 2290//5372
f 2189//5472 2188//5473 2288//5374 2289//5373
f 2188//5473 2187//5474 2287//5375 2288//5374
f 2187//5474 2186//5475 2286//5376 2287//5375
f 2186//5475 2185//5476 2285//5377 2286//5376
f 2185//5476 2184//5477 2284//5378 2285//5377
f 2184//5477 2183//5478 2283//5379 2284//5378
f 2183//5478 2182//5479 2282//5380 2283//5379
f 2182//5479 2181//4 2281//6 2282//5380
f 1//81 2081//1521 2280//5381 3//82
f 2081//1521 2082//1523 2279//5382 2280//5381
f 2082//1523 2083//1525 2278//5383 2279//5382
f 2083//1525 2084//1527 2277//5384 2278//5383
f 2084//1527 2085//1529 2276//5385 2277//5384
f 2085//1529 2086//1531 2275//5386 2276//5385
f 2086//1531 2087//1533 2274//5387 2275//5386
f 2087//1533 2088//1535 2273//5388 2274//5387
f 2088//1535 2089//1537 2272//5389 2273//5388
f 2089//1537 2090//1539 2271//5390 2272//5389
f 2090//1539 2091//1541 2270//5391 2271//5390
f 2091//1541 2092//1543 2269//5392 2270//5391
f 2092//1543 2093//1545 2268//5393 2269//5392
f 2093//1545 2094//1547 2267//5394 2268//5393
f 2094//1547 2095//1549 2266//5395 2267//5394
f 2095//1549 2096//1551 2265//5396 2266//5395
f 2096//1551 2097//1553 2264//5397 2265//5396
f 2097//1553 2098//1555 2263//5398 2264//5397
f 2098//1555 2099//1557 2262//5399 2263//5398
f 2099//1557 2100//1559 2261//5400 2262//5399
f 2100//1559 2101//1561 2260//5401 2261//5400
f 2101//1561 2102//1563 2259//5402 2260//5401
f 2102//1563 2103//1565 2258//5403 2259//5402
f 2103//1565 2104//1567 2257//5404 2258//5403
f 2104//1567 2105//1569 2256//5405 2257//5404
f 2105//1569 2106//1571 2255//5406 2256//5405
f 2106//1571 2107//1573 2254//5407 2255//5406
f 2107//1573 2108//1575 2253//5408 2254//5407
f 2108//1575 2109//1577 2252//5409 2253//5408
f 2109//1577 2110//1579 2251//5410 2252//5409
f 2110//1579 2111//1581 2250//5411 2251//5410
f 2111//1581 2112//1583 2249//5412 2250//5411
f 2112//1583 2113//1585 2248//5413 2249//5412
f 2113//1585 2114//1587 2247//5414 2248//5413
f 2114//1587 2115//1589 2246//5415 2247//5414
f 2115//1589 2116//1591 2245//5416 2246//5415
f 2116//1591 2117//1593 2244//5417 2245//5416
f 2117//1593 2118//1595 2243//5418 2244//5417
f 2118//1595 2119//1597 2242//5419 2243//5418
f 2119//1597 2120//1599 2241//5420 2242//5419
f 2120//1599 2121//1601 2240//5421 2241//5420
f 2121//1601 2122//1603 2239//5422 2240//5421
f 2122//1603 2123//1605 2238//5423 2239//5422
f 2123//1605 2124//1607 2237//5424 2238//5423
f 2124//1607 2125//1609 2236//5425 2237//5424
f 2125//1609 2126//1611 2235//5426 2236//5425
f 2126//1611 2127//1613 2234//5427 2235//5426
f 2127//1613 2128//1615 2233//5428 2234//5427
f 2128//1615 2129//1617 2232//5429 2233//5428
f 2129//1617 2130//1619 2231//5430 2232//5429
f 2130//1619 2131//1621 2230//5431 2231//5430
f 2131//1621 2132//1623 2229//5432 2230//5431
f 2132//1623 2133//1625 2228//5433 2229//5432
f 2133//1625 2134//1627 2227//5434 2228//5433
f 2134//1627 2135//1629 2226//5435 2227//5434
f 2135//1629 2136//1631 2225//5436 2226//5435
f 2136//1631 2137//1633 2224//5437 2225//5436
f 2137//1633 2138//1635 2223//5438 2224//5437
f 2138//1635 2139//1637 2222//5439 2223//5438
f 2139//1637 2140//1639 2221//5440 2222//5439
f 2140//1639 2141//1641 2220//5441 2221//5440
f 2141//1641 2142//1643 2219//5442 2220//5441
f 2142//1643 2143//1645 2218//5443 2219//5442
f 2143//1645 2144//1647 2217//5444 2218//5443
f 2144//1647 2145//1649 2216//5445 2217//5444
f 2145//1649 2146//1651 2215//5446 2216//5445
f 2146//1651 2147//1653 2214//5447 2215//5446
f 2147//1653 2148//1655 2213//5448 2214//5447
f 2148//1655 2149//1657 2212//5449 2213//5448
f 2149//1657 2150//1659 2211//5450 2212//5449
f 2150//1659 2151//1661 2210//5451 2211//5450
f 2151//1661 2152//1663 2209//5452 2210//5451
f 2152//1663 2153//1665 2208//5453 2209//5452
f 2153//1665 2154//1667 2207//5454 2208//5453
f 2154//1667 2155//1669 2206//5455 2207//5454
f 2155//1669 2156//1671 2205//5456 2206//5455
f 2156//1671 2157//1673 2204//5457 2205//5456
f 2157//1673 2158//1675 2203//5458 2204//5457
f 2158//1675 2159//1677 2202//5459 2203//5458
f 2159//1677 2160//1679 2201//5460 2202//5459
f 2160//1679 2161//1681 2200//5461 2201//5460
f 2161//1681 2162//1683 2199//5462 2200//5461
f 2162//1683 2163//1685 2198//5463 2199//5462
f 2163//1685 2164//1687 2197//5464 2198//5463
f 2164//1687 2165//1689 2196//5465 2197//5464
f 2165//1689 2166//1691 2195//5466 2196//5465
f 2166//1691 2167//1693 2194//5467 2195//5466
f 2167//1693 2168//1695 2193//5468 2194//5467
f 2168//1695 2169//1697 2192//5469 2193//5468
f 2169//1697 2170//1699 2191//5470 2192//5469
f 2170//1699 2171//1701 2190//5471 2191//5470
f 2171//1701 2172//1703 2189//5472 2190//5471
f 2172//1703 2173//1705 2188//5473 2189//5472
f 2173//1705 2174//1707 2187//5474 2188//5473
f 2174//1707 2175//1709 2186//5475 2187//5474
f 2175//1709 2176//1711 2185//5476 2186//5475
f 2176//1711 2177//1713 2184//5477 2185//5476
f 2177//1713 2178//1715 2183//5478 2184//5477
f 2178//1715 2179//1717 2182//5479 2183//5478
f 2179//1717 2180//1 2181//4 2182//5479
f 159//239 10080//5480 6081//1521 81//200
f 10080//5480 10079//5481 6082//1523 6081//1521
f 10079//5481 10078//5482 6083//1525 6082//1523
f 10078//5482 10077//5483 6084//1527 6083//1525
f 10077//5483 10076//5484 6085//1529 6084//1527
f 10076//5484 10075//5485 6086//1531 6085//1529
f 10075//5485 10074//5486 6087//1533 6086//1531
f 10074//5486 10073//5487 6088//1535 6087//1533
f 10073//5487 10072//5488 6089//1537 6088//1535
f 10072//5488 10071//5489 6090//1539 6089//1537
f 10071//5489 10070//5490 6091//1541 6090//1539
f 10070//5490 10069//5491 6092//1543 6091//1541
f 10069//5491 10068//5492 6093//1545 6092//1543
f 10068//5492 10067//5493 6094//1547 6093//1545
f 10067//5493 10066//5494 6095//5495 6094//1547
f 10066//5494 10065//5496 6096//1551 6095//5495
f 10065//5496 10064//5497 6097//1553 6096//1551
f 10064//5497 10063//5498 6098//1555 6097//1553
f 10063//5498 10062//5499 6099//1557 6098//1555
f 10062//5499 10061//5500 6100//1559 6099//1557
f 10061//5500 10060//5501 6101//1561 6100//1559
f 10060//5501 10059//5502 6102//1563 6101//1561
f 10059//5502 10058//5503 6103//1565 6102//1563
f 10058//5503 10057//5504 6104//1567 6103//1565
f 10057//5504 10056//5505 6105//1569 6104//1567
f 10056//5505 10055//5506 6106//1571 6105//1569
f 10055//5506 10054//5507 6107//1573 6106//1571
f 10054//5507 10053//5508 6108//1575 6107//1573
f 10053//5508 10052//5509 6109//1577 6108//1575
f 10052//5509 10051//5510 6110//1579 6109//1577
f 10051//5510 10050//5511 6111//5512 6110//1579
f 10050//5511 10049//5513 6112//1583 6111//5512
f 10049//5513 10048//5514 6113//1585 6112//1583
f 10048//5514 10047//5515 6114//1587 6113//1585
f 10047//5515 10046//5516 6115//1589 6114//1587
f 10046//5516 10045//5517 6116//1591 6115//1589
f 10045//5517 10044//5518 6117//1593 6116//1591
f 10044//5518 10043//5519 6118//1595 6117//1593
f 10043//5519 10042//5520 6119//1597 6118//1595
f 10042//5520 10041//5521 6120//5522 6119//1597
f 10041//5521 10040//5523 6121//5524 6120//5522
f 10040//5523 10039//5525 6122//1603 6121//5524
f 10039//5525 10038//5526 6123//1605 6122//1603
f 10038//5526 10037//5527 6124//1607 6123//1605
f 10037//5527 10036//5528 6125//1609 6124//1607
f 10036//5528 10035//5529 6126//1611 6125//1609
f 10035//5529 10034//5530 6127//5531 6126//1611
f 10034//5530 10033//5532 6128//5533 6127//5531
f 10033//5532 10032//5534 6129//1617 6128//5533
f 10032//5534 10031//5535 6130//1619 6129//1617
f 10031//5535 10030//5536 6131//1621 6130//1619
f 10030//5536 10029//5537 6132//1623 6131//1621
f 10029//5537 10028//5538 6133//5539 6132//1623
f 10028//5538 10027//5540 6134//1627 6133//5539
f 10027//5540 10026//5541 6135//1629 6134//1627
f 10026//5541 10025//5542 6136//5543 6135//1629
f 10025//5542 10024//5544 6137//1633 6136//5543
f 10024//5544 10023//5545 6138//1635 6137//1633
f 10023//5545 10022//5546 6139//1637 6138//1635
f 10022//5546 10021//5547 6140//1639 6139//1637
f 10021//5547 10020//5548 6141//1641 6140//1639
f 10020//5548 10019//5549 6142//1643 6141//1641
f 10019//5549 10018//5550 6143//1645 6142//1643
f 10018//5550 10017//5551 6144//1647 6143//1645
f 10017//5551 10016//5552 6145//1649 6144//1647
f 10016//5552 10015//5553 6146//1651 6145//1649
f 10015//5553 10014//5554 6147//1653 6146//1651
f 10014//5554 10013//5555 6148//1655 6147//1653
f 10013//5555 10012//5556 6149//1657 6148//1655
f 10012//5556 10011//5557 6150//1659 6149//1657
f 10011//5557 10010//5558 6151//1661 6150//1659
f 10010//5558 10009//5559 6152//1663 6151//1661
f 10009//5559 10008//5560 6153//5561 6152//1663
f 10008//5560 10007//5562 6154//1667 6153//5561
f 10007//5562 10006//5563 6155//1669 6154//1667
f 10006//5563 10005//5564 6156//1671 6155//1669
f 10005//5564 10004//5565 6157//1673 6156//1671
f 10004//5565 10003//5566 6158//1675 6157//1673
f 10003//5566 10002//5567 6159//1677 6158//1675
f 10002//5567 10001//5568 6160//5569 6159//1677
f 10001//5568 10000//5570 6161//1681 6160//5569
f 10000//5570 9999//5571 6162//5572 6161//1681
f 9999//5571 9998//5573 6163//1685 6162//5572
f 9998//5573 9997//5574 6164//1687 6163//1685
f 9997//5574 9996//5575 6165//1689 6164//1687
f 9996//5575 9995//5576 6166//1691 6165//1689
f 9995//5576 9994//5577 6167//1693 6166//1691
f 9994//5577 9993//5578 6168//1695 6167//1693
f 9993//5578 9992//5579 6169//1697 6168//1695
f 9992//5579 9991//5580 6170//1699 6169//1697
f 9991//5580 9990//5581 6171//1701 6170//1699
f 9990//5581 9989//5582 6172//1703 6171//1701
f 9989//5582 9988//5583 6173//1705 6172//1703
f 9988//5583 9987//5584 6174//1707 6173//1705
f 9987//5584 9986//5585 6175//1709 6174//1707
f 9986//5585 9985//5586 6176//1711 6175//1709
f 9985//5586 9984//5587 6177//1713 6176//1711
f 9984//5587 9983//5588 6178//5589 6177//1713
f 9983//5588 9982//5590 6179//5591 6178//5589
f 9982//5590 9981//199 6180//121 6179//5591
f 157//238 9980//5592 10080//5480 159//239
f 9980//5592 9979//5593 10079//5481 10080//5480
f 9979//5593 9978//5594 10078//5482 10079//5481
f 9978//5594 9977//5595 10077//5483 10078//5482
f 9977//5595 9976//5596 10076//5484 10077//5483
f 9976//5596 9975//5597 10075//5485 10076//5484
f 9975//5597 9974//5598 10074//5486 10075//5485
f 9974//5598 9973//5599 10073//5487 10074//5486
f 9973//5599 9972//5600 10072//5488 10073//5487
f 9972//5600 9971//5601 10071//5489 10072//5488
f 9971//5601 9970//5602 10070//5490 10071//5489
f 9970//5602 9969//5603 10069//5491 10070//5490
f 9969//5603 9968//5604 10068//5492 10069//5491
f 9968//5604 9967//5605 10067//5493 10068//5492
f 9967//5605 9966//5606 10066//5494 10067//5493
f 9966//5606 9965//5607 10065//5496 10066//5494
f 9965//5607 9964//5608 10064//5497 10065//5496
f 9964//5608 9963//5609 10063//5498 10064//5497
f 9963//5609 9962//5610 10062//5499 10063//5498
f 9962//5610 9961//5611 10061//5500 10062//5499
f 9961//5611 9960//5612 10060//5501 10061//5500
f 9960//5612 9959//5613 10059//5502 10060//5501
f 9959//5613 9958//5614 10058//5503 10059//5502
f 9958//5614 9957//5615 10057//5504 10058//5503
f 9957//5615 9956//5616 10056//5505 10057//5504
f 9956//5616 9955//5617 10055//5506 10056//5505
f 9955//5617 9954//5618 10054//5507 10055//5506
f 9954//5618 9953//5619 10053//5508 10054//5507
f 9953//5619 9952//5620 10052//5509 10053//5508
f 9952//5620 9951//5621 10051//5510 10052//5509
f 9951//5621 9950//5622 10050//5511 10051//5510
f 9950//5622 9949//5623 10049//5513 10050//5511
f 9949//5623 9948//5624 10048//5514 10049//5513
f 9948//5624 9947//5625 10047//5515 10048//5514
f 9947//5625 9946//5626 10046//5516 10047//5515
f 9946//5626 9945//5627 10045//5517 10046//5516
f 9945//5627 9944//5628 10044//5518 10045//5517
f 9944//5628 9943//5629 10043//5519 10044//5518
f 9943//5629 9942//5630 10042//5520 10043//5519
f 9942//5630 9941//5631 10041//5521 10042//5520
f 9941//5631 9940//5632 10040//5523 10041//5521
f 9940//5632 9939//5633 10039//5525 10040//5523
f 9939//5633 9938//5634 10038//5526 10039//5525
f 9938//5634 9937//5635 10037//5527 10038//5526
f 9937//5635 9936//5636 10036//5528 10037//5527
f 9936//5636 9935//5637 10035//5529 10036//5528
f 9935//5637 9934//5638 10034//5530 10035//5529
f 9934//5638 9933//5639 10033//5532 10034//5530
f 9933//5639 9932//5640 10032//5534 10033//5532
f 9932//5640 9931//5641 10031//5535 10032//5534
f 9931//5641 9930//5642 10030//5536 10031//5535
f 9930//5642 9929//5643 10029//5537 10030//5536
f 9929//5643 9928//5644 10028//5538 10029//5537
f 9928//5644 9927//5645 10027//5540 10028//5538
f 9927//5645 9926//5646 10026//5541 10027//5540
f 9926//5646 9925//5647 10025//5542 10026//5541
f 9925//5647 9924//5648 10024//5544 10025//5542
f 9924//5648 9923//5649 10023//5545 10024//5544
f 9923//5649 9922//5650 10022//5546 10023//5545
f 9922//5650 9921//5651 10021//5547 10022//5546
f 9921//5651 9920//5652 10020//5548 10021//5547
f 9920//5652 9919//5653 10019//5549 10020//5548
f 9919//5653 9918//5654 10018//5550 10019//5549
f 9918//5654 9917//5655 10017//5551 10018//5550
f 9917//5655 9916//5656 10016//5552 10017//5551
f 9916//5656 9915//5657 10015//5553 10016//5552
f 9915//5657 9914//5658 10014//5554 10015//5553
f 9914//5658 9913//5659 10013//5555 10014//5554
f 9913//5659 9912//5660 10012//5556 10013//5555
f 9912//5660 9911//5661 10011//5557 10012//5556
f 9911//5661 9910//5662 10010//5558 10011//5557
f 9910//5662 9909//5663 10009//5559 10010//5558
f 9909//5663 9908//5664 10008//5560 10009//5559
f 9908//5664 9907//5665 10007//5562 10008//5560
f 9907//5665 9906//5666 10006//5563 10007//5562
f 9906//5666 9905//5667 10005//5564 10006//5563
f 9905//5667 9904//5668 10004//5565 10005//5564
f 9904//5668 9903//5669 10003//5566 10004//5565
f 9903//5669 9902//5670 10002//5567 10003//5566
f 9902//5670 9901//5671 10001//5568 10002//5567
f 9901//5671 9900//5672 10000//5570 10001//5568
f 9900//5672 9899//5673 9999//5571 10000//5570
f 9899//5673 9898//5674 9998//5573 9999//5571
f 9898//5674 9897//5675 9997//5574 9998//5573
f 9897//5675 9896//5676 9996//5575 9997//5574
f 9896//5676 9895//5677 9995//5576 9996//5575
f 9895//5677 9894//5678 9994//5577 9995//5576
f 9894//5678 9893//5679 9993//5578 9994//5577
f 9893//5679 9892//5680 9992//5579 9993//5578
f 9892//5680 9891//5681 9991//5580 9992//5579
f 9891//5681 9890//5682 9990//5581 9991//5580
f 9890//5682 9889//5683 9989//5582 9990//5581
f 9889//5683 9888//5684 9988//5583 9989//5582
f 9888//5684 9887//5685 9987//5584 9988//5583
f 9887//5685 9886//5686 9986//5585 9987//5584
f 9886//5686 9885//5687 9985//5586 9986//5585
f 9885//5687 9884//5688 9984//5587 9985//5586
f 9884//5688 9883//5689 9983//5588 9984//5587
f 9883//5689 9882//5690 9982//5590 9983//5588
f 9882//5690 9881//197 9981//199 9982//5590
f 155//237 9880//5691 9980//5592 157//238
f 9880//5691 9879//5692 9979//5593 9980//5592
f 9879//5692 9878//5693 9978//5594 9979//5593
f 9878//5693 9877//5694 9977//5595 9978//5594
f 9877//5694 9876//5695 9976//5596 9977//5595
f 9876//5695 9875//5696 9975//5597 9976//5596
f 9875//5696 9874//5697 9974//5598 9975//5597
f 9874//5697 9873//5698 9973//5599 9974//5598
f 9873//5698 9872//5699 9972//5600 9973//5599
f 9872//5699 9871//5700 9971//5601 9972//5600
f 9871//5700 9870//5701 9970//5602 9971//5601
f 9870//5701 9869//5702 9969//5603 9970//5602
f 9869//5702 9868//5703 9968//5604 9969//5603
f 9868//5703 9867//5704 9967//5605 9968//5604
f 9867//5704 9866//5705 9966//5606 9967//5605
f 9866//5705 9865//5706 9965//5607 9966//5606
f 9865//5706 9864//5707 9964//5608 9965//5607
f 9864//5707 9863//5708 9963//5609 9964//5608
f 9863//5708 9862//5709 9962//5610 9963//5609
f 9862//5709 9861//5710 9961//5611 9962//5610
f 9861//5710 9860//5711 9960//5612 9961//5611
f 9860//5711 9859//5712 9959//5613 9960//5612
f 9859//5712 9858//5713 9958//5614 9959//5613
f 9858//5713 9857//5714 9957//5615 9958//5614
f 9857//5714 9856//5715 9956//5616 9957//5615
f 9856//5715 9855//5716 9955//5617 9956//5616
f 9855//5716 9854//5717 9954//5618 9955//5617
f 9854//5717 9853//5718 9953//5619 9954//5618
f 9853//5718 9852//5719 9952//5620 9953//5619
f 9852//5719 9851//5720 9951//5621 9952//5620
f 9851//5720 9850//5721 9950//5622 9951//5621
f 9850//5721 9849//5722 9949//5623 9950//5622
f 9849//5722 9848//5723 9948//5624 9949//5623
f 9848//5723 9847//5724 9947//5625 9948//5624
f 9847//5724 9846//5725 9946//5626 9947//5625
f 9846//5725 9845//5726 9945//5627 9946//5626
f 9845//5726 9844//5727 9944//5628 9945//5627
f 9844//5727 9843//5728 9943//5629 9944//5628
f 9843//5728 9842//5729 9942//5630 9943//5629
f 9842//5729 9841//5730 9941//5631 9942//5630
f 9841//5730 9840//5731 9940//5632 9941//5631
f 9840//5731 9839//5732 9939//5633 9940//5632
f 9839//5732 9838//5733 9938//5634 9939//5633
f 9838//5733 9837//5734 9937//5635 9938//5634
f 9837//5734 9836//5735 9936//5636 9937//5635
f 9836//5735 9835//5736 9935//5637 9936//5636
f 9835//5736 9834//5737 9934//5638 9935//5637
f 9834//5737 9833//5738 9933//5639 9934//5638
f 9833//5738 9832//5739 9932//5640 9933//5639
f 9832//5739 9831//5740 9931//5641 9932//5640
f 9831//5740 9830//5741 9930//5642 9931//5641
f 9830//5741 9829//5742 9929//5643 9930//5642
f 9829//5742 9828//5743 9928//5644 9929//5643
f 9828//5743 9827//5744 9927//5645 9928//5644
f 9827//5744 9826//5745 9926//5646 9927//5645
f 9826//5745 9825//5746 9925//5647 9926//5646
f 9825//5746 9824//5747 9924//5648 9925//5647
f 9824//5747 9823//5748 9923//5649 9924//5648
f 9823//5748 9822//5749 9922//5650 9923//5649
f 9822//5749 9821//5750 9921//5651 9922//5650
f 9821//5750 9820//5751 9920//5652 9921//5651
f 9820//5751 9819//5752 9919//5653 9920//5652
f 9819//5752 9818//5753 9918//5654 9919//5653
f 9818//5753 9817//5754 9917//5655 9918//5654
f 9817//5754 9816//5755 9916//5656 9917//5655
f 9816//5755 9815//5756 9915//5657 9916//5656
f 9815//5756 9814//5757 9914//5658 9915//5657
f 9814//5757 9813//5758 9913//5659 9914//5658
f 9813//5758 9812//5759 9912//5660 9913//5659
f 9812//5759 9811//5760 9911//5661 9912//5660
f 9811//5760 9810//5761 9910//5662 9911//5661
f 9810//5761 9809//5762 9909//5663 9910//5662
f 9809//5762 9808//5763 9908//5664 9909//5663
f 9808//5763 9807//5764 9907//5665 9908//5664
f 9807//5764 9806//5765 9906//5666 9907//5665
f 9806//5765 9805//5766 9905//5667 9906//5666
f 9805//5766 9804//5767 9904//5668 9905//5667
f 9804//5767 9803//5768 9903//5669 9904//5668
f 9803//5768 9802//5769 9902//5670 9903//5669
f 9802//5769 9801//5770 9901//5671 9902//5670
f 9801//5770 9800//5771 9900//5672 9901//5671
f 9800//5771 9799//5772 9899//5673 9900//5672
f 9799//5772 9798//5773 9898//5674 9899//5673
f 9798//5773 9797//5774 9897//5675 9898//5674
f 9797//5774 9796//5775 9896//5676 9897//5675
f 9796//5775 9795//5776 9895//5677 9896//5676
f 9795//5776 9794//5777 9894//5678 9895//5677
f 9794//5777 9793//5778 9893//5679 9894//5678
f 9793//5778 9792//5779 9892//5680 9893//5679
f 9792//5779 9791//5780 9891//5681 9892//5680
f 9791//5780 9790//5781 9890//5682 9891//5681
f 9790//5781 9789//5782 9889//5683 9890//5682
f 9789//5782 9788//5783 9888//5684 9889//5683
f 9788//5783 9787//5784 9887//5685 9888//5684
f 9787//5784 9786//5785 9886//5686 9887//5685
f 9786//5785 9785//5786 9885//5687 9886//5686
f 9785//5786 9784//5787 9884//5688 9885//5687
f 9784//5787 9783//5788 9883//5689 9884//5688
f 9783//5788 9782//5789 9882//5690 9883//5689
f 9782//5789 9781//195 9881//197 9882//5690
f 153//236 9780//5790 9880//5691 155//237
f 9780//5790 9779//5791 9879//5692 9880//5691
f 9779//5791 9778//5792 9878//5693 9879//5692
f 9778//5792 9777//5793 9877//5694 9878//5693
f 9777//5793 9776//5794 9876//5695 9877//5694
f 9776//5794 9775//5795 9875//5696 9876//5695
f 9775//5795 9774//5796 9874//5697 9875//5696
f 9774//5796 9773//5797 9873//5698 9874//5697
f 9773//5797 9772//5798 9872//5699 9873//5698
f 9772//5798 9771//5799 9871//5700 9872//5699
f 9771//5799 9770//5800 9870//5701 9871//5700
f 9770//5800 9769//5801 9869//5702 9870//5701
f 9769//5801 9768//5802 9868//5703 9869//5702
f 9768//5802 9767//5803 9867//5704 9868//5703
f 9767//5803 9766//5804 9866//5705 9867//5704
f 9766//5804 9765//5805 9865//5706 9866//5705
f 9765//5805 9764//5806 9864//5707 9865//5706
f 9764//5806 9763//5807 9863//5708 9864//5707
f 9763//5807 9762//5808 9862//5709 9863//5708
f 9762//5808 9761//5809 9861//5710 9862//5709
f 9761//5809 9760//5810 9860//5711 9861//5710
f 9760//5810 9759//5811 9859//5712 9860//5711
f 9759//5811 9758//5812 9858//5713 9859//5712
f 9758//5812 9757//5813 9857//5714 9858//5713
f 9757//5813 9756//5814 9856//5715 9857//5714
f 9756//5814 9755//5815 9855//5716 9856//5715
f 9755//5815 9754//5816 9854//5717 9855//5716
f 9754//5816 9753//5817 9853//5718 9854//5717
f 9753//5817 9752//5818 9852//5719 9853//5718
f 9752//5818 9751//5819 9851//5720 9852//5719
f 9751//5819 9750//5820 9850//5721 9851//5720
f 9750//5820 9749//5821 9849//5722 9850//5721
f 9749//5821 9748//5822 9848//5723 9849//5722
f 9748//5822 9747//5823 9847//5724 9848//5723
f 9747//5823 9746//5824 9846//5725 9847//5724
f 9746//5824 9745//5825 9845//5726 9846//5725
f 9745//5825 9744//5826 9844//5727 9845//5726
f 9744//5826 9743//5827 9843//5728 9844//5727
f 9743//5827 9742//5828 9842//5729 9843//5728
f 9742//5828 9741//5829 9841//5730 9842//5729
f 9741//5829 9740//5830 9840//5731 9841//5730
f 9740//5830 9739//5831 9839//5732 9840//5731
f 9739//5831 9738//5832 9838//5733 9839//5732
f 9738//5832 9737//5833 9837//5734 9838//5733
f 9737//5833 9736//5834 9836//5735 9837//5734
f 9736//5834 9735//5835 9835//5736 9836//5735
f 9735//5835 9734//5836 9834//5737 9835//5736
f 9734//5836 9733//5837 9833//5738 9834//5737
f 9733//5837 9732//5838 9832//5739 9833//5738
f 9732//5838 9731//5839 9831//5740 9832//5739
f 9731//5839 9730//5840 9830//5741 9831//5740
f 9730//5840 9729//5841 9829//5742 9830//5741
f 9729//5841 9728//5842 9828//5743 9829//5742
f 9728//5842 9727//5843 9827//5744 9828//5743
f 9727//5843 9726//5844 9826//5745 9827//5744
f 9726//5844 9725//5845 9825//5746 9826//5745
f 9725//5845 9724//5846 9824//5747 9825//5746
f 9724//5846 9723//5847 9823//5748 9824//5747
f 9723//5847 9722//5848 9822//5749 9823//5748
f 9722//5848 9721//5849 9821//5750 9822//5749
f 9721//5849 9720//5850 9820//5751 9821//5750
f 9720//5850 9719//5851 9819//5752 9820//5751
f 9719//5851 9718//5852 9818//5753 9819//5752
f 9718//5852 9717//5853 9817//5754 9818//5753
f 9717//5853 9716//5854 9816//5755 9817//5754
f 9716//5854 9715//5855 9815//5756 9816//5755
f 9715//5855 9714//5856 9814//5757 9815//5756
f 9714//5856 9713//5857 9813//5758 9814//5757
f 9713//5857 9712//5858 9812//5759 9813//5758
f 9712//5858 9711//5859 9811//5760 9812//5759
f 9711//5859 9710//5860 9810//5761 9811//5760
f 9710//5860 9709//5861 9809//5762 9810//5761
f 9709//5861 9708//5862 9808//5763 9809//5762
f 9708//5862 9707//5863 9807//5764 9808//5763
f 9707//5863 9706//5864 9806//5765 9807//5764
f 9706//5864 9705//5865 9805//5766 9806//5765
f 9705//5865 9704//5866 9804//5767 9805//5766
f 9704//5866 9703//5867 9803//5768 9804//5767
f 9703//5867 9702//5868 9802//5769 9803//5768
f 9702//5868 9701//5869 9801//5770 9802//5769
f 9701//5869 9700//5870 9800//5771 9801//5770
f 9700//5870 9699//5871 9799//5772 9800//5771
f 9699//5871 9698//5872 9798//5773 9799//5772
f 9698//5872 9697//5873 9797//5774 9798//5773
f 9697//5873 9696//5874 9796//5775 9797//5774
f 9696//5874 9695//5875 9795//5776 9796//5775
f 9695//5875 9694//5876 9794//5777 9795//5776
f 9694//5876 9693//5877 9793//5778 9794//5777
f 9693//5877 9692//5878 9792//5779 9793//5778
f 9692//5878 9691//5879 9791//5780 9792//5779
f 9691//5879 9690//5880 9790//5781 9791//5780
f 9690//5880 9689//5881 9789//5782 9790//5781
f 9689//5881 9688//5882 9788//5783 9789//5782
f 9688//5882 9687//5883 9787//5784 9788//5783
f 9687//5883 9686//5884 9786//5785 9787//5784
f 9686//5884 9685//5885 9785//5786 9786//5785
f 9685//5885 9684//5886 9784//5787 9785//5786
f 9684//5886 9683//5887 9783//5788 9784//5787
f 9683//5887 9682//5888 9782//5789 9783//5788
f 9682//5888 9681//193 9781//195 9782//5789
f 151//235 9680//5889 9780//5790 153//236
f 9680//5889 9679//5890 9779//5791 9780//5790
f 9679//5890 9678//5891 9778//5792 9779//5791
f 9678//5891 9677//5892 9777//5793 9778//5792
f 9677//5892 9676//5893 9776//5794 9777//5793
f 9676//5893 9675//5894 9775//5795 9776//5794
f 9675//5894 9674//5895 9774//5796 9775//5795
f 9674//5895 9673//5896 9773//5797 9774//5796
f 9673//5896 9672//5897 9772//5798 9773//5797
f 9672//5897 9671//5898 9771//5799 9772//5798
f 9671//5898 9670//5899 9770//5800 9771//5799
f 9670//5899 9669//5900 9769//5801 9770//5800
f 9669//5900 9668//5901 9768//5802 9769//5801
f 9668//5901 9667//5902 9767//5803 9768//5802
f 9667//5902 9666//5903 9766//5804 9767//5803
f 9666//5903 9665//5904 9765//5805 9766//5804
f 9665//5904 9664//5905 9764//5806 9765//5805
f 9664//5905 9663//5906 9763//5807 9764//5806
f 9663//5906 9662//5907 9762//5808 9763//5807
f 9662//5907 9661//5908 9761//5809 9762//5808
f 9661//5908 9660//5909 9760//5810 9761//5809
f 9660//5909 9659//5910 9759//5811 9760//5810
f 9659//5910 9658//5911 9758//5812 9759//5811
f 9658//5911 9657//5912 9757//5813 9758//5812
f 9657//5912 9656//5913 9756//5814 9757//5813
f 9656//5913 9655//5914 9755//5815 9756//5814
f 9655//5914 9654//5915 9754//5816 9755//5815
f 9654//5915 9653//5916 9753//5817 9754//5816
f 9653//5916 9652//5917 9752//5818 9753//5817
f 9652//5917 9651//5918 9751//5819 9752//5818
f 9651//5918 9650//5919 9750//5820 9751//5819
f 9650//5919 9649//5920 9749//5821 9750//5820
f 9649//5920 9648//5921 9748//5822 9749//5821
f 9648//5921 9647//5922 9747//5823 9748//5822
f 9647//5922 9646//5923 9746//5824 9747//5823
f 9646//5923 9645//5924 9745//5825 9746//5824
f 9645//5924 9644//5925 9744//5826 9745//5825
f 9644//5925 9643//5926 9743//5827 9744//5826
f 9643//5926 9642//5927 9742//5828 9743//5827
f 9642//5927 9641//5928 9741//5829 9742//5828
f 9641//5928 9640//5929 9740//5830 9741//5829
f 9640//5929 9639//5930 9739//5831 9740//5830
f 9639//5930 9638//5931 9738//5832 9739//5831
f 9638//5931 9637//5932 9737//5833 9738//5832
f 9637//5932 9636//5933 9736//5834 9737//5833
f 9636//5933 9635//5934 9735//5835 9736//5834
f 9635//5934 9634//5935 9734//5836 9735//5835
f 9634//5935 9633//5936 9733//5837 9734//5836
f 9633//5936 9632//5937 9732//5838 9733//5837
f 9632//5937 9631//5938 9731//5839 9732//5838
f 9631//5938 9630//5939 9730//5840 9731//5839
f 9630//5939 9629//5940 9729//5841 9730//5840
f 9629//5940 9628//5941 9728//5842 9729//5841
f 9628//5941 9627//5942 9727//5843 9728//5842
f 9627//5942 9626//5943 9726//5844 9727//5843
f 9626//5943 9625//5944 9725//5845 9726//5844
f 9625//5944 9624//5945 9724//5846 9725//5845
f 9624//5945 9623//5946 9723//5847 9724//5846
f 9623//5946 9622//5947 9722//5848 9723//5847
f 9622//5947 9621//5948 9721//5849 9722//5848
f 9621//5948 9620//5949 9720//5850 9721//5849
f 9620//5949 9619//5950 9719//5851 9720//5850
f 9619//5950 9618//5951 9718//5852 9719//5851
f 9618//5951 9617//5952 9717//5853 9718//5852
f 9617//5952 9616//5953 9716//5854 9717//5853
f 9616//5953 9615//5954 9715//5855 9716//5854
f 9615//5954 9614//5955 9714//5856 9715//5855
f 9614//5955 9613//5956 9713//5857 9714//5856
f 9613//5956 9612//5957 9712//5858 9713//5857
f 9612//5957 9611//5958 9711//5859 9712//5858
f 9611//5958 9610//5959 9710//5860 9711//5859
f 9610//5959 9609//5960 9709//5861 9710//5860
f 9609//5960 9608//5961 9708//5862 9709//5861
f 9608//5961 9607//5962 9707//5863 9708//5862
f 9607//5962 9606//5963 9706//5864 9707//5863
f 9606//5963 9605//5964 9705//5865 9706//5864
f 9605//5964 9604//5965 9704//5866 9705//5865
f 9604//5965 9603//5966 9703//5867 9704//5866
f 9603//5966 9602//5967 9702//5868 9703//5867
f 9602//5967 9601//5968 9701//5869 9702//5868
f 9601//5968 9600//5969 9700//5870 9701//5869
f 9600//5969 9599//5970 9699//5871 9700//5870
f 9599//5970 9598//5971 9698//5872 9699//5871
f 9598//5971 9597//5972 9697//5873 9698//5872
f 9597//5972 9596//5973 9696//5874 9697//5873
f 9596//5973 9595//5974 9695//5875 9696//5874
f 9595//5974 9594//5975 9694//5876 9695//5875
f 9594//5975 9593//5976 9693//5877 9694//5876
f 9593//5976 9592//5977 9692//5878 9693//5877
f 9592//5977 9591//5978 9691//5879 9692//5878
f 9591//5978 9590//5979 9690//5880 9691//5879
f 9590//5979 9589//5980 9689//5881 9690//5880
f 9589//5980 9588//5981 9688//5882 9689//5881
f 9588//5981 9587//5982 9687//5883 9688//5882
f 9587//5982 9586//5983 9686//5884 9687//5883
f 9586//5983 9585//5984 9685//5885 9686//5884
f 9585//5984 9584//5985 9684//5886 9685//5885
f 9584//5985 9583//5986 9683//5887 9684//5886
f 9583//5986 9582//5987 9682//5888 9683//5887
f 9582//5987 9581//191 9681//193 9682//5888
f 149//234 9580//5988 9680//5889 151//235
f 9580//5988 9579//5989 9679//5890 9680//5889
f 9579//5989 9578//5990 9678//5891 9679//5890
f 9578//5990 9577//5991 9677//5892 9678//5891
f 9577//5991 9576//5992 9676//5893 9677//5892
f 9576//5992 9575//5993 9675//5894 9676//5893
f 9575//5993 9574//5994 9674//5895 9675//5894
f 9574//5994 9573//5995 9673//5896 9674//5895
f 9573//5995 9572//5996 9672//5897 9673//5896
f 9572//5996 9571//5997 9671//5898 9672//5897
f 9571//5997 9570//5998 9670//5899 9671//5898
f 9570//5998 9569//5999 9669//5900 9670//5899
f 9569//5999 9568//6000 9668//5901 9669//5900
f 9568//6000 9567//6001 9667//5902 9668//5901
f 9567//6001 9566//6002 9666//5903 9667//5902
f 9566//6002 9565//6003 9665//5904 9666//5903
f 9565//6003 9564//6004 9664//5905 9665//5904
f 9564//6004 9563//6005 9663//5906 9664//5905
f 9563//6005 9562//6006 9662//5907 9663//5906
f 9562//6006 9561//6007 9661//5908 9662//5907
f 9561//6007 9560//6008 9660//5909 9661//5908
f 9560//6008 9559//6009 9659//5910 9660//5909
f 9559//6009 9558//6010 9658//5911 9659//5910
f 9558//6010 9557//6011 9657//5912 9658//5911
f 9557//6011 9556//6012 9656//5913 9657//5912
f 9556//6012 9555//6013 9655//5914 9656//5913
f 9555//6013 9554//6014 9654//5915 9655//5914
f 9554//6014 9553//6015 9653//5916 9654//5915
f 9553//6015 9552//6016 9652//5917 9653//5916
f 9552//6016 9551//6017 9651//5918 9652//5917
f 9551//6017 9550//6018 9650//5919 9651//5918
f 9550//6018 9549//6019 9649//5920 9650//5919
f 9549//6019 9548//6020 9648//5921 9649//5920
f 9548//6020 9547//6021 9647//5922 9648//5921
f 9547//6021 9546//6022 9646//5923 9647//5922
f 9546//6022 9545//6023 9645//5924 9646//5923
f 9545//6023 9544//6024 9644//5925 9645//5924
f 9544//6024 9543//6025 9643//5926 9644//5925
f 9543//6025 9542//6026 9642//5927 9643//5926
f 9542//6026 9541//6027 9641//5928 9642//5927
f 9541//6027 9540//6028 9640//5929 9641//5928
f 9540//6028 9539//6029 9639//5930 9640//5929
f 9539//6029 9538//6030 9638//5931 9639//5930
f 9538//6030 9537//6031 9637//5932 9638//5931
f 9537//6031 9536//6032 9636//5933 9637//5932
f 9536//6032 9535//6033 9635//5934 9636//5933
f 9535//6033 9534//6034 9634//5935 9635//5934
f 9534//6034 9533//6035 9633//5936 9634//5935
f 9533//6035 9532//6036 9632//5937 9633//5936
f 9532//6036 9531//6037 9631//5938 9632//5937
f 9531//6037 9530//6038 9630//5939 9631//5938
f 9530//6038 9529//6039 9629//5940 9630//5939
f 9529//6039 9528//6040 9628//5941 9629//5940
f 9528//6040 9527//6041 9627//5942 9628//5941
f 9527//6041 9526//6042 9626//5943 9627//5942
f 9526//6042 9525//6043 9625//5944 9626//5943
f 9525//6043 9524//6044 9624//5945 9625//5944
f 9524//6044 9523//6045 9623//5946 9624//5945
f 9523//6045 9522//6046 9622//5947 9623//5946
f 9522//6046 9521//6047 9621//5948 9622//5947
f 9521//6047 9520//6048 9620//5949 9621//5948
f 9520//6048 9519//6049 9619//5950 9620//5949
f 9519//6049 9518//6050 9618//5951 9619//5950
f 9518//6050 9517//6051 9617//5952 9618//5951
f 9517//6051 9516//6052 9616//5953 9617//5952
f 9516//6052 9515//6053 9615//5954 9616//5953
f 9515//6053 9514//6054 9614//5955 9615//5954
f 9514//6054 9513//6055 9613//5956 9614//5955
f 9513//6055 9512//6056 9612//5957 9613//5956
f 9512//6056 9511//6057 9611//5958 9612//5957
f 9511//6057 9510//6058 9610//5959 9611//5958
f 9510//6058 9509//6059 9609//5960 9610//5959
f 9509//6059 9508//6060 9608//5961 9609//5960
f 9508//6060 9507//6061 9607//5962 9608//5961
f 9507//6061 9506//6062 9606//5963 9607//5962
f 9506//6062 9505//6063 9605//5964 9606//5963
f 9505//6063 9504//6064 9604//5965 9605//5964
f 9504//6064 9503//6065 9603//5966 9604//5965
f 9503//6065 9502//6066 9602//5967 9603//5966
f 9502//6066 9501//6067 9601//5968 9602//5967
f 9501//6067 9500//6068 9600//5969 9601//5968
f 9500//6068 9499//6069 9599//5970 9600//5969
f 9499//6069 9498//6070 9598//5971 9599//5970
f 9498//6070 9497//6071 9597//5972 9598//5971
f 9497//6071 9496//6072 9596//5973 9597//5972
f 9496//6072 9495//6073 9595//5974 9596//5973
f 9495//6073 9494//6074 9594//5975 9595//5974
f 9494//6074 9493//6075 9593//5976 9594//5975
f 9493//6075 9492//6076 9592//5977 9593//5976
f 9492//6076 9491//6077 9591//5978 9592//5977
f 9491//6077 9490//6078 9590//5979 9591//5978
f 9490//6078 9489//6079 9589//5980 9590//5979
f 9489//6079 9488//6080 9588//5981 9589//5980
f 9488//6080 9487//6081 9587//5982 9588//5981
f 9487//6081 9486//6082 9586//5983 9587//5982
f 9486//6082 9485//6083 9585//5984 9586//5983
f 9485//6083 9484//6084 9584//5985 9585//5984
f 9484//6084 9483//6085 9583//5986 9584//5985
f 9483//6085 9482//6086 9582//5987 9583//5986
f 9482//6086 9481//189 9581//191 9582//5987
f 147//233 9480//6087 9580//5988 149//234
f 9480//6087 9479//6088 9579//5989 9580//5988
f 9479//6088 9478//6089 9578//5990 9579//5989
f 9478//6089 9477//6090 9577//5991 9578//5990
f 9477//6090 9476//6091 9576//5992 9577//5991
f 9476//6091 9475//6092 9575//5993 9576//5992
f 9475//6092 9474//6093 9574//5994 9575//5993
f 9474//6093 9473//6094 9573//5995 9574//5994
f 9473//6094 9472//6095 9572//5996 9573//5995
f 9472//6095 9471//6096 9571//5997 9572//5996
f 9471//6096 9470//6097 9570//5998 9571//5997
f 9470//6097 9469//6098 9569//5999 9570//5998
f 9469//6098 9468//6099 9568//6000 9569//5999
f 9468//6099 9467//6100 9567//6001 9568//6000
f 9467//6100 9466//6101 9566//6002 9567//6001
f 9466//6101 9465//6102 9565//6003 9566//6002
f 9465//6102 9464//6103 9564//6004 9565//6003
f 9464//6103 9463//6104 9563//6005 9564//6004
f 9463//6104 9462//6105 9562//6006 9563//6005
f 9462//6105 9461//6106 9561//6007 9562//6006
f 9461//6106 9460//6107 9560//6008 9561//6007
f 9460//6107 9459//6108 9559//6009 9560//6008
f 9459//6108 9458//6109 9558//6010 9559//6009
f 9458//6109 9457//6110 9557//6011 9558//6010
f 9457//6110 9456//6111 9556//6012 9557//6011
f 9456//6111 9455//6112 9555//6013 9556//6012
f 9455//6112 9454//6113 9554//6014 9555//6013
f 9454//6113 9453//6114 9553//6015 9554//6014
f 9453//6114 9452//6115 9552//6016 9553//6015
f 9452//6115 9451//6116 9551//6017 9552//6016
f 9451//6116 9450//6117 9550//6018 9551//6017
f 9450//6117 9449//6118 9549//6019 9550//6018
f 9449//6118 9448//6119 9548//6020 9549//6019
f 9448//6119 9447//6120 9547//6021 9548//6020
f 9447//6120 9446//6121 9546//6022 9547//6021
f 9446//6121 9445//6122 9545//6023 9546//6022
f 9445//6122 9444//6123 9544//6024 9545//6023
f 9444//6123 9443//6124 9543//6025 9544//6024
f 9443//6124 9442//6125 9542//6026 9543//6025
f 9442//6125 9441//6126 9541//6027 9542//6026
f 9441//6126 9440//6127 9540//6028 9541//6027
f 9440//6127 9439//6128 9539//6029 9540//6028
f 9439//6128 9438//6129 9538//6030 9539//6029
f 9438//6129 9437//6130 9537//6031 9538//6030
f 9437//6130 9436//6131 9536//6032 9537//6031
f 9436//6131 9435//6132 9535//6033 9536//6032
f 9435//6132 9434//6133 9534//6034 9535//6033
f 9434//6133 9433//6134 9533//6035 9534//6034
f 9433//6134 9432//6135 9532//6036 9533//6035
f 9432//6135 9431//6136 9531//6037 9532//6036
f 9431//6136 9430//6137 9530//6038 9531//6037
f 9430//6137 9429//6138 9529//6039 9530//6038
f 9429//6138 9428//6139 9528//6040 9529//6039
f 9428//6139 9427//6140 9527//6041 9528//6040
f 9427//6140 9426//6141 9526//6042 9527//6041
f 9426//6141 9425//6142 9525//6043 9526//6042
f 9425//6142 9424//6143 9524//6044 9525//6043
f 9424//6143 9423//6144 9523//6045 9524//6044
f 9423//6144 9422//6145 9522//6046 9523//6045
f 9422//6145 9421//6146 9521//6047 9522//6046
f 9421//6146 9420//6147 9520//6048 9521//6047
f 9420//6147 9419//6148 9519//6049 9520//6048
f 9419//6148 9418//6149 9518//6050 9519//6049
f 9418//6149 9417//6150 9517//6051 9518//6050
f 9417//6150 9416//6151 9516//6052 9517//6051
f 9416//6151 9415//6152 9515//6053 9516//6052
f 9415//6152 9414//6153 9514//6054 9515//6053
f 9414//6153 9413//6154 9513//6055 9514//6054
f 9413//6154 9412//6155 9512//6056 9513//6055
f 9412//6155 9411//6156 9511//6057 9512//6056
f 9411//6156 9410//6157 9510//6058 9511//6057
f 9410//6157 9409//6158 9509//6059 9510//6058
f 9409//6158 9408//6159 9508//6060 9509//6059
f 9408//6159 9407//6160 9507//6061 9508//6060
f 9407//6160 9406//6161 9506//6062 9507//6061
f 9406//6161 9405//6162 9505//6063 9506//6062
f 9405//6162 9404//6163 9504//6064 9505//6063
f 9404//6163 9403//6164 9503//6065 9504//6064
f 9403//6164 9402//6165 9502//6066 9503//6065
f 9402//6165 9401//6166 9501//6067 9502//6066
f 9401//6166 9400//6167 9500//6068 9501//6067
f 9400//6167 9399//6168 9499//6069 9500//6068
f 9399//6168 9398//6169 9498//6070 9499//6069
f 9398//6169 9397//6170 9497//6071 9498//6070
f 9397//6170 9396//6171 9496//6072 9497//6071
f 9396//6171 9395//6172 9495//6073 9496//6072
f 9395//6172 9394//6173 9494//6074 9495//6073
f 9394//6173 9393//6174 9493//6075 9494//6074
f 9393//6174 9392//6175 9492//6076 9493//6075
f 9392//6175 9391//6176 9491//6077 9492//6076
f 9391//6176 9390//6177 9490//6078 9491//6077
f 9390//6177 9389//6178 9489//6079 9490//6078
f 9389//6178 9388//6179 9488//6080 9489//6079
f 9388//6179 9387//6180 9487//6081 9488//6080
f 9387//6180 9386//6181 9486//6082 9487//6081
f 9386//6181 9385//6182 9485//6083 9486//6082
f 9385//6182 9384//6183 9484//6084 9485//6083
f 9384//6183 9383//6184 9483//6085 9484//6084
f 9383//6184 9382//6185 9482//6086 9483//6085
f 9382//6185 9381//187 9481//189 9482//6086
f 145//232 9380//6186 9480//6087 147//233
f 9380//6186 9379//6187 9479//6088 9480//6087
f 9379//6187 9378//6188 9478//6089 9479//6088
f 9378//6188 9377//6189 9477//6090 9478//6089
f 9377//6189 9376//6190 9476//6091 9477//6090
f 9376//6190 9375//6191 9475//6092 9476//6091
f 9375//6191 9374//6192 9474//6093 9475//6092
f 9374//6192 9373//6193 9473//6094 9474//6093
f 9373//6193 9372//6194 9472//6095 9473//6094
f 9372//6194 9371//6195 9471//6096 9472//6095
f 9371//6195 9370//6196 9470//6097 9471//6096
f 9370//6196 9369//6197 9469//6098 9470//6097
f 9369//6197 9368//6198 9468//6099 9469//6098
f 9368//6198 9367//6199 9467//6100 9468//6099
f 9367//6199 9366//6200 9466//6101 9467//6100
f 9366//6200 9365//6201 9465//6102 9466//6101
f 9365//6201 9364//6202 9464//6103 9465//6102
f 9364//6202 9363//6203 9463//6104 9464//6103
f 9363//6203 9362//6204 9462//6105 9463//6104
f 9362//6204 9361//6205 9461//6106 9462//6105
f 9361//6205 9360//6206 9460//6107 9461//6106
f 9360//6206 9359//6207 9459//6108 9460//6107
f 9359//6207 9358//6208 9458//6109 9459//6108
f 9358//6208 9357//6209 9457//6110 9458//6109
f 9357//6209 9356//6210 9456//6111 9457//6110
f 9356//6210 9355//6211 9455//6112 9456//6111
f 9355//6211 9354//6212 9454//6113 9455//6112
f 9354//6212 9353//6213 9453//6114 9454//6113
f 9353//6213 9352//6214 9452//6115 9453//6114
f 9352//6214 9351//6215 9451//6116 9452//6115
f 9351//6215 9350//6216 9450//6117 9451//6116
f 9350//6216 9349//6217 9449//6118 9450//6117
f 9349//6217 9348//6218 9448//6119 9449//6118
f 9348//6218 9347//6219 9447//6120 9448//6119
f 9347//6219 9346//6220 9446//6121 9447//6120
f 9346//6220 9345//6221 9445//6122 9446//6121
f 9345//6221 9344//6222 9444//6123 9445//6122
f 9344//6222 9343//6223 9443//6124 9444//6123
f 9343//6223 9342//6224 9442//6125 9443//6124
f 9342//6224 9341//6225 9441//6126 9442//6125
f 9341//6225 9340//6226 9440//6127 9441//6126
f 9340//6226 9339//6227 9439//6128 9440//6127
f 9339//6227 9338//6228 9438//6129 9439//6128
f 9338//6228 9337//6229 9437//6130 9438//6129
f 9337//6229 9336//6230 9436//6131 9437//6130
f 9336//6230 9335//6231 9435//6132 9436//6131
f 9335//6231 9334//6232 9434//6133 9435//6132
f 9334//6232 9333//6233 9433//6134 9434//6133
f 9333//6233 9332//6234 9432//6135 9433//6134
f 9332//6234 9331//6235 9431//6136 9432//6135
f 9331//6235 9330//6236 9430//6137 9431//6136
f 9330//6236 9329//6237 9429//6138 9430//6137
f 9329//6237 9328//6238 9428//6139 9429//6138
f 9328//6238 9327//6239 9427//6140 9428//6139
f 9327//6239 9326//6240 9426//6141 9427//6140
f 9326//6240 9325//6241 9425//6142 9426//6141
f 9325//6241 9324//6242 9424//6143 9425//6142
f 9324//6242 9323//6243 9423//6144 9424//6143
f 9323//6243 9322//6244 9422//6145 9423//6144
f 9322//6244 9321//6245 9421//6146 9422//6145
f 9321//6245 9320//6246 9420//6147 9421//6146
f 9320//6246 9319//6247 9419//6148 9420//6147
f 9319//6247 9318//6248 9418//6149 9419//6148
f 9318//6248 9317//6249 9417//6150 9418//6149
f 9317//6249 9316//6250 9416//6151 9417//6150
f 9316//6250 9315//6251 9415//6152 9416//6151
f 9315//6251 9314//6252 9414//6153 9415//6152
f 9314//6252 9313//6253 9413//6154 9414//6153
f 9313//6253 9312//6254 9412//6155 9413//6154
f 9312//6254 9311//6255 9411//6156 9412//6155
f 9311//6255 9310//6256 9410//6157 9411//6156
f 9310//6256 9309//6257 9409//6158 9410//6157
f 9309//6257 9308//6258 9408//6159 9409//6158
f 9308//6258 9307//6259 9407//6160 9408//6159
f 9307//6259 9306//6260 9406//6161 9407//6160
f 9306//6260 9305//6261 9405//6162 9406//6161
f 9305//6261 9304//6262 9404//6163 9405//6162
f 9304//6262 9303//6263 9403//6164 9404//6163
f 9303//6263 9302//6264 9402//6165 9403//6164
f 9302//6264 9301//6265 9401//6166 9402//6165
f 9301//6265 9300//6266 9400//6167 9401//6166
f 9300//6266 9299//6267 9399//6168 9400//6167
f 9299//6267 9298//6268 9398//6169 9399//6168
f 9298//6268 9297//6269 9397//6170 9398//6169
f 9297//6269 9296//6270 9396//6171 9397//6170
f 9296//6270 9295//6271 9395//6172 9396//6171
f 9295//6271 9294//6272 9394//6173 9395//6172
f 9294//6272 9293//6273 9393//6174 9394//6173
f 9293//6273 9292//6274 9392//6175 9393//6174
f 9292//6274 9291//6275 9391//6176 9392//6175
f 9291//6275 9290//6276 9390//6177 9391//6176
f 9290//6276 9289//6277 9389//6178 9390//6177
f 9289//6277 9288//6278 9388//6179 9389//6178
f 9288//6278 9287//6279 9387//6180 9388//6179
f 9287//6279 9286//6280 9386//6181 9387//6180
f 9286//6280 9285//6281 9385//6182 9386//6181
f 9285//6281 9284//6282 9384//6183 9385//6182
f 9284//6282 9283//6283 9383//6184 9384//6183
f 9283//6283 9282//6284 9382//6185 9383//6184
f 9282//6284 9281//185 9381//187 9382//6185
f 143//231 9280//6285 9380//6186 145//232
f 9280//6285 9279//6286 9379//6187 9380//6186
f 9279//6286 9278//6287 9378//6188 9379//6187
f 9278//6287 9277//6288 9377//6189 9378//6188
f 9277//6288 9276//6289 9376//6190 9377//6189
f 9276//6289 9275//6290 9375//6191 9376//6190
f 9275//6290 9274//6291 9374//6192 9375//6191
f 9274//6291 9273//6292 9373//6193 9374//6192
f 9273//6292 9272//6293 9372//6194 9373//6193
f 9272//6293 9271//6294 9371//6195 9372//6194
f 9271//6294 9270//6295 9370//6196 9371//6195
f 9270//6295 9269//6296 9369//6197 9370//6196
f 9269//6296 9268//6297 9368//6198 9369//6197
f 9268//6297 9267//6298 9367//6199 9368//6198
f 9267//6298 9266//6299 9366//6200 9367//6199
f 9266//6299 9265//6300 9365//6201 9366//6200
f 9265//6300 9264//6301 9364//6202 9365//6201
f 9264//6301 9263//6302 9363//6203 9364//6202
f 9263//6302 9262//6303 9362//6204 9363//6203
f 9262//6303 9261//6304 9361//6205 9362//6204
f 9261//6304 9260//6305 9360//6206 9361//6205
f 9260//6305 9259//6306 9359//6207 9360//6206
f 9259//6306 9258//6307 9358//6208 9359//6207
f 9258//6307 9257//6308 9357//6209 9358//6208
f 9257//6308 9256//6309 9356//6210 9357//6209
f 9256//6309 9255//6310 9355//6211 9356//6210
f 9255//6310 9254//6311 9354//6212 9355//6211
f 9254//6311 9253//6312 9353//6213 9354//6212
f 9253//6312 9252//6313 9352//6214 9353//6213
f 9252//6313 9251//6314 9351//6215 9352//6214
f 9251//6314 9250//6315 9350//6216 9351//6215
f 9250//6315 9249//6316 9349//6217 9350//6216
f 9249//6316 9248//6317 9348//6218 9349//6217
f 9248//6317 9247//6318 9347//6219 9348//6218
f 9247//6318 9246//6319 9346//6220 9347//6219
f 9246//6319 9245//6320 9345//6221 9346//6220
f 9245//6320 9244//6321 9344//6222 9345//6221
f 9244//6321 9243//6322 9343//6223 9344//6222
f 9243//6322 9242//6323 9342//6224 9343//6223
f 9242//6323 9241//6324 9341//6225 9342//6224
f 9241//6324 9240//6325 9340//6226 9341//6225
f 9240//6325 9239//6326 9339//6227 9340//6226
f 9239//6326 9238//6327 9338//6228 9339//6227
f 9238//6327 9237//6328 9337//6229 9338//6228
f 9237//6328 9236//6329 9336//6230 9337//6229
f 9236//6329 9235//6330 9335//6231 9336//6230
f 9235//6330 9234//6331 9334//6232 9335//6231
f 9234//6331 9233//6332 9333//6233 9334//6232
f 9233//6332 9232//6333 9332//6234 9333//6233
f 9232//6333 9231//6334 9331//6235 9332//6234
f 9231//6334 9230//6335 9330//6236 9331//6235
f 9230//6335 9229//6336 9329//6237 9330//6236
f 9229//6336 9228//6337 9328//6238 9329//6237
f 9228//6337 9227//6338 9327//6239 9328//6238
f 9227//6338 9226//6339 9326//6240 9327//6239
f 9226//6339 9225//6340 9325//6241 9326//6240
f 9225//6340 9224//6341 9324//6242 9325//6241
f 9224//6341 9223//6342 9323//6243 9324//6242
f 9223//6342 9222//6343 9322//6244 9323//6243
f 9222//6343 9221//6344 9321//6245 9322//6244
f 9221//6344 9220//6345 9320//6246 9321//6245
f 9220//6345 9219//6346 9319//6247 9320//6246
f 9219//6346 9218//6347 9318//6248 9319//6247
f 9218//6347 9217//6348 9317//6249 9318//6248
f 9217//6348 9216//6349 9316//6250 9317//6249
f 9216//6349 9215//6350 9315//6251 9316//6250
f 9215//6350 9214//6351 9314//6252 9315//6251
f 9214//6351 9213//6352 9313//6253 9314//6252
f 9213//6352 9212//6353 9312//6254 9313//6253
f 9212//6353 9211//6354 9311//6255 9312//6254
f 9211//6354 9210//6355 9310//6256 9311//6255
f 9210//6355 9209//6356 9309//6257 9310//6256
f 9209//6356 9208//6357 9308//6258 9309//6257
f 9208//6357 9207//6358 9307//6259 9308//6258
f 9207//6358 9206//6359 9306//6260 9307//6259
f 9206//6359 9205//6360 9305//6261 9306//6260
f 9205//6360 9204//6361 9304//6262 9305//6261
f 9204//6361 9203//6362 9303//6263 9304//6262
f 9203//6362 9202//6363 9302//6264 9303//6263
f 9202//6363 9201//6364 9301//6265 9302//6264
f 9201//6364 9200//6365 9300//6266 9301//6265
f 9200//6365 9199//6366 9299//6267 9300//6266
f 9199//6366 9198//6367 9298//6268 9299//6267
f 9198//6367 9197//6368 9297//6269 9298//6268
f 9197//6368 9196//6369 9296//6270 9297//6269
f 9196//6369 9195//6370 9295//6271 9296//6270
f 9195//6370 9194//6371 9294//6272 9295//6271
f 9194//6371 9193//6372 9293//6273 9294//6272
f 9193//6372 9192//6373 9292//6274 9293//6273
f 9192//6373 9191//6374 9291//6275 9292//6274
f 9191//6374 9190//6375 9290//6276 9291//6275
f 9190//6375 9189//6376 9289//6277 9290//6276
f 9189//6376 9188//6377 9288//6278 9289//6277
f 9188//6377 9187//6378 9287//6279 9288//6278
f 9187//6378 9186//6379 9286//6280 9287//6279
f 9186//6379 9185//6380 9285//6281 9286//6280
f 9185//6380 9184//6381 9284//6282 9285//6281
f 9184//6381 9183//6382 9283//6283 9284//6282
f 9183//6382 9182//6383 9282//6284 9283//6283
f 9182//6383 9181//183 9281//185 9282//6284
f 141//230 9180//6384 9280//6285 143//231
f 9180//6384 9179//6385 9279//6286 9280//6285
f 9179//6385 9178//6386 9278//6287 9279//6286
f 9178//6386 9177//6387 9277//6288 9278//6287
f 9177//6387 9176//6388 9276//6289 9277//6288
f 9176//6388 9175//6389 9275//6290 9276//6289
f 9175//6389 9174//6390 9274//6291 9275//6290
f 9174//6390 9173//6391 9273//6292 9274//6291
f 9173//6391 9172//6392 9272//6293 9273//6292
f 9172//6392 9171//6393 9271//6294 9272//6293
f 9171//6393 9170//6394 9270//6295 9271//6294
f 9170//6394 9169//6395 9269//6296 9270//6295
f 9169//6395 9168//6396 9268//6297 9269//6296
f 9168//6396 9167//6397 9267//6298 9268//6297
f 9167//6397 9166//6398 9266//6299 9267//6298
f 9166//6398 9165//6399 9265//6300 9266//6299
f 9165//6399 9164//6400 9264//6301 9265//6300
f 9164//6400 9163//6401 9263//6302 9264//6301
f 9163//6401 9162//6402 9262//6303 9263//6302
f 9162//6402 9161//6403 9261//6304 9262//6303
f 9161//6403 9160//6404 9260//6305 9261//6304
f 9160//6404 9159//6405 9259//6306 9260//6305
f 9159//6405 9158//6406 9258//6307 9259//6306
f 9158//6406 9157//6407 9257//6308 9258//6307
f 9157//6407 9156//6408 9256//6309 9257//6308
f 9156//6408 9155//6409 9255//6310 9256//6309
f 9155//6409 9154//6410 9254//6311 9255//6310
f 9154//6410 9153//6411 9253//6312 9254//6311
f 9153//6411 9152//6412 9252//6313 9253//6312
f 9152//6412 9151//6413 9251//6314 9252//6313
f 9151//6413 9150//6414 9250//6315 9251//6314
f 9150//6414 9149//6415 9249//6316 9250//6315
f 9149//6415 9148//6416 9248//6317 9249//6316
f 9148//6416 9147//6417 9247//6318 9248//6317
f 9147//6417 9146//6418 9246//6319 9247//6318
f 9146//6418 9145//6419 9245//6320 9246//6319
f 9145//6419 9144//6420 9244//6321 9245//6320
f 9144//6420 9143//6421 9243//6322 9244//6321
f 9143//6421 9142//6422 9242//6323 9243//6322
f 9142//6422 9141//6423 9241//6324 9242//6323
f 9141//6423 9140//6424 9240//6325 9241//6324
f 9140//6424 9139//6425 9239//6326 9240//6325
f 9139//6425 9138//6426 9238//6327 9239//6326
f 9138//6426 9137//6427 9237//6328 9238//6327
f 9137//6427 9136//6428 9236//6329 9237//6328
f 9136//6428 9135//6429 9235//6330 9236//6329
f 9135//6429 9134//6430 9234//6331 9235//6330
f 9134//6430 9133//6431 9233//6332 9234//6331
f 9133//6431 9132//6432 9232//6333 9233//6332
f 9132//6432 9131//6433 9231//6334 9232//6333
f 9131//6433 9130//6434 9230//6335 9231//6334
f 9130//6434 9129//6435 9229//6336 9230//6335
f 9129//6435 9128//6436 9228//6337 9229//6336
f 9128//6436 9127//6437 9227//6338 9228//6337
f 9127//6437 9126//6438 9226//6339 9227//6338
f 9126//6438 9125//6439 9225//6340 9226//6339
f 9125//6439 9124//6440 9224//6341 9225//6340
f 9124//6440 9123//6441 9223//6342 9224//6341
f 9123//6441 9122//6442 9222//6343 9223//6342
f 9122//6442 9121//6443 9221//6344 9222//6343
f 9121//6443 9120//6444 9220//6345 9221//6344
f 9120//6444 9119//6445 9219//6346 9220//6345
f 9119//6445 9118//6446 9218//6347 9219//6346
f 9118//6446 9117//6447 9217//6348 9218//6347
f 9117//6447 9116//6448 9216//6349 9217//6348
f 9116//6448 9115//6449 9215//6350 9216//6349
f 9115//6449 9114//6450 9214//6351 9215//6350
f 9114//6450 9113//6451 9213//6352 9214//6351
f 9113//6451 9112//6452 9212//6353 9213//6352
f 9112//6452 9111//6453 9211//6354 9212//6353
f 9111//6453 9110//6454 9210//6355 9211//6354
f 9110//6454 9109//6455 9209//6356 9210//6355
f 9109//6455 9108//6456 9208//6357 9209//6356
f 9108//6456 9107//6457 9207//6358 9208//6357
f 9107//6457 9106//6458 9206//6359 9207//6358
f 9106//6458 9105//6459 9205//6360 9206//6359
f 9105//6459 9104//6460 9204//6361 9205//6360
f 9104//6460 9103//6461 9203//6362 9204//6361
f 9103//6461 9102//6462 9202//6363 9203//6362
f 9102//6462 9101//6463 9201//6364 9202//6363
f 9101//6463 9100//6464 9200//6365 9201//6364
f 9100//6464 9099//6465 9199//6366 9200//6365
f 9099//6465 9098//6466 9198//6367 9199//6366
f 9098//6466 9097//6467 9197//6368 9198//6367
f 9097//6467 9096//6468 9196//6369 9197//6368
f 9096//6468 9095//6469 9195//6370 9196//6369
f 9095//6469 9094//6470 9194//6371 9195//6370
f 9094//6470 9093//6471 9193//6372 9194//6371
f 9093//6471 9092//6472 9192//6373 9193//6372
f 9092//6472 9091//6473 9191//6374 9192//6373
f 9091//6473 9090//6474 9190//6375 9191//6374
f 9090//6474 9089//6475 9189//6376 9190//6375
f 9089//6475 9088//6476 9188//6377 9189//6376
f 9088//6476 9087//6477 9187//6378 9188//6377
f 9087//6477 9086//6478 9186//6379 9187//6378
f 9086//6478 9085//6479 9185//6380 9186//6379
f 9085//6479 9084//6480 9184//6381 9185//6380
f 9084//6480 9083//6481 9183//6382 9184//6381
f 9083//6481 9082//6482 9182//6383 9183//6382
f 9082//6482 9081//181 9181//183 9182//6383
f 139//229 9080//6483 9180//6384 141//230
f 9080//6483 9079//6484 9179//6385 9180//6384
f 9079//6484 9078//6485 9178//6386 9179//6385
f 9078//6485 9077//6486 9177//6387 9178//6386
f 9077//6486 9076//6487 9176//6388 9177//6387
f 9076//6487 9075//6488 9175//6389 9176//6388
f 9075//6488 9074//6489 9174//6390 9175//6389
f 9074//6489 9073//6490 9173//6391 9174//6390
f 9073//6490 9072//6491 9172//6392 9173//6391
f 9072//6491 9071//6492 9171//6393 9172//6392
f 9071//6492 9070//6493 9170//6394 9171//6393
f 9070//6493 9069//6494 9169//6395 9170//6394
f 9069//6494 9068//6495 9168//6396 9169//6395
f 9068//6495 9067//6496 9167//6397 9168//6396
f 9067//6496 9066//6497 9166//6398 9167//6397
f 9066//6497 9065//6498 9165//6399 9166//6398
f 9065//6498 9064//6499 9164//6400 9165//6399
f 9064//6499 9063//6500 9163//6401 9164//6400
f 9063//6500 9062//6501 9162//6402 9163//6401
f 9062//6501 9061//6502 9161//6403 9162//6402
f 9061//6502 9060//6503 9160//6404 9161//6403
f 9060//6503 9059//6504 9159//6405 9160//6404
f 9059//6504 9058//6505 9158//6406 9159//6405
f 9058//6505 9057//6506 9157//6407 9158//6406
f 9057//6506 9056//6507 9156//6408 9157//6407
f 9056//6507 9055//6508 9155//6409 9156//6408
f 9055//6508 9054//6509 9154//6410 9155//6409
f 9054//6509 9053//6510 9153//6411 9154//6410
f 9053//6510 9052//6511 9152//6412 9153//6411
f 9052//6511 9051//6512 9151//6413 9152//6412
f 9051//6512 9050//6513 9150//6414 9151//6413
f 9050//6513 9049//6514 9149//6415 9150//6414
f 9049//6514 9048//6515 9148//6416 9149//6415
f 9048//6515 9047//6516 9147//6417 9148//6416
f 9047//6516 9046//6517 9146//6418 9147//6417
f 9046//6517 9045//6518 9145//6419 9146//6418
f 9045//6518 9044//6519 9144//6420 9145//6419
f 9044//6519 9043//6520 9143//6421 9144//6420
f 9043//6520 9042//6521 9142//6422 9143//6421
f 9042//6521 9041//6522 9141//6423 9142//6422
f 9041//6522 9040//6523 9140//6424 9141//6423
f 9040//6523 9039//6524 9139//6425 9140//6424
f 9039//6524 9038//6525 9138//6426 9139//6425
f 9038//6525 9037//6526 9137//6427 9138//6426
f 9037//6526 9036//6527 9136//6428 9137//6427
f 9036//6527 9035//6528 9135//6429 9136//6428
f 9035//6528 9034//6529 9134//6430 9135//6429
f 9034//6529 9033//6530 9133//6431 9134//6430
f 9033//6530 9032//6531 9132//6432 9133//6431
f 9032//6531 9031//6532 9131//6433 9132//6432
f 9031//6532 9030//6533 9130//6434 9131//6433
f 9030//6533 9029//6534 9129//6435 9130//6434
f 9029//6534 9028//6535 9128//6436 9129//6435
f 9028//6535 9027//6536 9127//6437 9128//6436
f 9027//6536 9026//6537 9126//6438 9127//6437
f 9026//6537 9025//6538 9125//6439 9126//6438
f 9025//6538 9024//6539 9124//6440 9125//6439
f 9024//6539 9023//6540 9123//6441 9124//6440
f 9023//6540 9022//6541 9122//6442 9123//6441
f 9022//6541 9021//6542 9121//6443 9122//6442
f 9021//6542 9020//6543 9120//6444 9121//6443
f 9020//6543 9019//6544 9119//6445 9120//6444
f 9019//6544 9018//6545 9118//6446 9119//6445
f 9018//6545 9017//6546 9117//6447 9118//6446
f 9017//6546 9016//6547 9116//6448 9117//6447
f 9016//6547 9015//6548 9115//6449 9116//6448
f 9015//6548 9014//6549 9114//6450 9115//6449
f 9014//6549 9013//6550 9113//6451 9114//6450
f 9013//6550 9012//6551 9112//6452 9113//6451
f 9012//6551 9011//6552 9111//6453 9112//6452
f 9011//6552 9010//6553 9110//6454 9111//6453
f 9010//6553 9009//6554 9109//6455 9110//6454
f 9009//6554 9008//6555 9108//6456 9109//6455
f 9008//6555 9007//6556 9107//6457 9108//6456
f 9007//6556 9006//6557 9106//6458 9107//6457
f 9006//6557 9005//6558 9105//6459 9106//6458
f 9005//6558 9004//6559 9104//6460 9105//6459
f 9004//6559 9003//6560 9103//6461 9104//6460
f 9003//6560 9002//6561 9102//6462 9103//6461
f 9002//6561 9001//6562 9101//6463 9102//6462
f 9001//6562 9000//6563 9100//6464 9101//6463
f 9000//6563 8999//6564 9099//6465 9100//6464
f 8999//6564 8998//6565 9098//6466 9099//6465
f 8998//6565 8997//6566 9097//6467 9098//6466
f 8997//6566 8996//6567 9096//6468 9097//6467
f 8996//6567 8995//6568 9095//6469 9096//6468
f 8995//6568 8994//6569 9094//6470 9095//6469
f 8994//6569 8993//6570 9093//6471 9094//6470
f 8993//6570 8992//6571 9092//6472 9093//6471
f 8992//6571 8991//6572 9091//6473 9092//6472
f 8991//6572 8990//6573 9090//6474 9091//6473
f 8990//6573 8989//6574 9089//6475 9090//6474
f 8989//6574 8988//6575 9088//6476 9089//6475
f 8988//6575 8987//6576 9087//6477 9088//6476
f 8987//6576 8986//6577 9086//6478 9087//6477
f 8986//6577 8985//6578 9085//6479 9086//6478
f 8985//6578 8984//6579 9084//6480 9085//6479
f 8984//6579 8983//6580 9083//6481 9084//6480
f 8983//6580 8982//6581 9082//6482 9083//6481
f 8982//6581 8981//179 9081//181 9082//6482
f 137//228 8980//6582 9080//6483 139//229
f 8980//6582 8979//6583 9079//6484 9080//6483
f 8979//6583 8978//6584 9078//6485 9079//6484
f 8978//6584 8977//6585 9077//6486 9078//6485
f 8977//6585 8976//6586 9076//6487 9077//6486
f 8976//6586 8975//6587 9075//6488 9076//6487
f 8975//6587 8974//6588 9074//6489 9075//6488
f 8974//6588 8973//6589 9073//6490 9074//6489
f 8973//6589 8972//6590 9072//6491 9073//6490
f 8972//6590 8971//6591 9071//6492 9072//6491
f 8971//6591 8970//6592 9070//6493 9071//6492
f 8970//6592 8969//6593 9069//6494 9070//6493
f 8969//6593 8968//6594 9068//6495 9069//6494
f 8968//6594 8967//6595 9067//6496 9068//6495
f 8967//6595 8966//6596 9066//6497 9067//6496
f 8966//6596 8965//6597 9065//6498 9066//6497
f 8965//6597 8964//6598 9064//6499 9065//6498
f 8964//6598 8963//6599 9063//6500 9064//6499
f 8963//6599 8962//6600 9062//6501 9063//6500
f 8962//6600 8961//6601 9061//6502 9062//6501
f 8961//6601 8960//6602 9060//6503 9061//6502
f 8960//6602 8959//6603 9059//6504 9060//6503
f 8959//6603 8958//6604 9058//6505 9059//6504
f 8958//6604 8957//6605 9057//6506 9058//6505
f 8957//6605 8956//6606 9056//6507 9057//6506
f 8956//6606 8955//6607 9055//6508 9056//6507
f 8955//6607 8954//6608 9054//6509 9055//6508
f 8954//6608 8953//6609 9053//6510 9054//6509
f 8953//6609 8952//6610 9052//6511 9053//6510
f 8952//6610 8951//6611 9051//6512 9052//6511
f 8951//6611 8950//6612 9050//6513 9051//6512
f 8950//6612 8949//6613 9049//6514 9050//6513
f 8949//6613 8948//6614 9048//6515 9049//6514
f 8948//6614 8947//6615 9047//6516 9048//6515
f 8947//6615 8946//6616 9046//6517 9047//6516
f 8946//6616 8945//6617 9045//6518 9046//6517
f 8945//6617 8944//6618 9044//6519 9045//6518
f 8944//6618 8943//6619 9043//6520 9044//6519
f 8943//6619 8942//6620 9042//6521 9043//6520
f 8942//6620 8941//6621 9041//6522 9042//6521
f 8941//6621 8940//6622 9040//6523 9041//6522
f 8940//6622 8939//6623 9039//6524 9040//6523
f 8939//6623 8938//6624 9038//6525 9039//6524
f 8938//6624 8937//6625 9037//6526 9038//6525
f 8937//6625 8936//6626 9036//6527 9037//6526
f 8936//6626 8935//6627 9035//6528 9036//6527
f 8935//6627 8934//6628 9034//6529 9035//6528
f 8934//6628 8933//6629 9033//6530 9034//6529
f 8933//6629 8932//6630 9032//6531 9033//6530
f 8932//6630 8931//6631 9031//6532 9032//6531
f 8931//6631 8930//6632 9030//6533 9031//6532
f 8930//6632 8929//6633 9029//6534 9030//6533
f 8929//6633 8928//6634 9028//6535 9029//6534
f 8928//6634 8927//6635 9027//6536 9028//6535
f 8927//6635 8926//6636 9026//6537 9027//6536
f 8926//6636 8925//6637 9025//6538 9026//6537
f 8925//6637 8924//6638 9024//6539 9025//6538
f 8924//6638 8923//6639 9023//6540 9024//6539
f 8923//6639 8922//6640 9022//6541 9023//6540
f 8922//6640 8921//6641 9021//6542 9022//6541
f 8921//6641 8920//6642 9020//6543 9021//6542
f 8920//6642 8919//6643 9019//6544 9020//6543
f 8919//6643 8918//6644 9018//6545 9019//6544
f 8918//6644 8917//6645 9017//6546 9018//6545
f 8917//6645 8916//6646 9016//6547 9017//6546
f 8916//6646 8915//6647 9015//6548 9016//6547
f 8915//6647 8914//6648 9014//6549 9015//6548
f 8914//6648 8913//6649 9013//6550 9014//6549
f 8913//6649 8912//6650 9012//6551 9013//6550
f 8912//6650 8911//6651 9011//6552 9012//6551
f 8911//6651 8910//6652 9010//6553 9011//6552
f 8910//6652 8909//6653 9009//6554 9010//6553
f 8909//6653 8908//6654 9008//6555 9009//6554
f 8908//6654 8907//6655 9007//6556 9008//6555
f 8907//6655 8906//6656 9006//6557 9007//6556
f 8906//6656 8905//6657 9005//6558 9006//6557
f 8905//6657 8904//6658 9004//6559 9005//6558
f 8904//6658 8903//6659 9003//6560 9004//6559
f 8903//6659 8902//6660 9002//6561 9003//6560
f 8902//6660 8901//6661 9001//6562 9002//6561
f 8901//6661 8900//6662 9000//6563 9001//6562
f 8900//6662 8899//6663 8999//6564 9000//6563
f 8899//6663 8898//6664 8998//6565 8999//6564
f 8898//6664 8897//6665 8997//6566 8998//6565
f 8897//6665 8896//6666 8996//6567 8997//6566
f 8896//6666 8895//6667 8995//6568 8996//6567
f 8895//6667 8894//6668 8994//6569 8995//6568
f 8894//6668 8893//6669 8993//6570 8994//6569
f 8893//6669 8892//6670 8992//6571 8993//6570
f 8892//6670 8891//6671 8991//6572 8992//6571
f 8891//6671 8890//6672 8990//6573 8991//6572
f 8890//6672 8889//6673 8989//6574 8990//6573
f 8889//6673 8888//6674 8988//6575 8989//6574
f 8888//6674 8887//6675 8987//6576 8988//6575
f 8887//6675 8886//6676 8986//6577 8987//6576
f 8886//6676 8885//6677 8985//6578 8986//6577
f 8885//6677 8884//6678 8984//6579 8985//6578
f 8884//6678 8883//6679 8983//6580 8984//6579
f 8883//6679 8882//6680 8982//6581 8983//6580
f 8882//6680 8881//177 8981//179 8982//6581
f 135//227 8880//6681 8980//6582 137//228
f 8880//6681 8879//6682 8979//6583 8980//6582
f 8879//6682 8878//6683 8978//6584 8979//6583
f 8878//6683 8877//6684 8977//6585 8978//6584
f 8877//6684 8876//6685 8976//6586 8977//6585
f 8876//6685 8875//6686 8975//6587 8976//6586
f 8875//6686 8874//6687 8974//6588 8975//6587
f 8874//6687 8873//6688 8973//6589 8974//6588
f 8873//6688 8872//6689 8972//6590 8973//6589
f 8872//6689 8871//6690 8971//6591 8972//6590
f 8871//6690 8870//6691 8970//6592 8971//6591
f 8870//6691 8869//6692 8969//6593 8970//6592
f 8869//6692 8868//6693 8968//6594 8969//6593
f 8868//6693 8867//6694 8967//6595 8968//6594
f 8867//6694 8866//6695 8966//6596 8967//6595
f 8866//6695 8865//6696 8965//6597 8966//6596
f 8865//6696 8864//6697 8964//6598 8965//6597
f 8864//6697 8863//6698 8963//6599 8964//6598
f 8863//6698 8862//6699 8962//6600 8963//6599
f 8862//6699 8861//6700 8961//6601 8962//6600
f 8861//6700 8860//6701 8960//6602 8961//6601
f 8860//6701 8859//6702 8959//6603 8960//6602
f 8859//6702 8858//6703 8958//6604 8959//6603
f 8858//6703 8857//6704 8957//6605 8958//6604
f 8857//6704 8856//6705 8956//6606 8957//6605
f 8856//6705 8855//6706 8955//6607 8956//6606
f 8855//6706 8854//6707 8954//6608 8955//6607
f 8854//6707 8853//6708 8953//6609 8954//6608
f 8853//6708 8852//6709 8952//6610 8953//6609
f 8852//6709 8851//6710 8951//6611 8952//6610
f 8851//6710 8850//6711 8950//6612 8951//6611
f 8850//6711 8849//6712 8949//6613 8950//6612
f 8849//6712 8848//6713 8948//6614 8949//6613
f 8848//6713 8847//6714 8947//6615 8948//6614
f 8847//6714 8846//6715 8946//6616 8947//6615
f 8846//6715 8845//6716 8945//6617 8946//6616
f 8845//6716 8844//6717 8944//6618 8945//6617
f 8844//6717 8843//6718 8943//6619 8944//6618
f 8843//6718 8842//6719 8942//6620 8943//6619
f 8842//6719 8841//6720 8941//6621 8942//6620
f 8841//6720 8840//6721 8940//6622 8941//6621
f 8840//6721 8839//6722 8939//6623 8940//6622
f 8839//6722 8838//6723 8938//6624 8939//6623
f 8838//6723 8837//6724 8937//6625 8938//6624
f 8837//6724 8836//6725 8936//6626 8937//6625
f 8836//6725 8835//6726 8935//6627 8936//6626
f 8835//6726 8834//6727 8934//6628 8935//6627
f 8834//6727 8833//6728 8933//6629 8934//6628
f 8833//6728 8832//6729 8932//6630 8933//6629
f 8832//6729 8831//6730 8931//6631 8932//6630
f 8831//6730 8830//6731 8930//6632 8931//6631
f 8830//6731 8829//6732 8929//6633 8930//6632
f 8829//6732 8828//6733 8928//6634 8929//6633
f 8828//6733 8827//6734 8927//6635 8928//6634
f 8827//6734 8826//6735 8926//6636 8927//6635
f 8826//6735 8825//6736 8925//6637 8926//6636
f 8825//6736 8824//6737 8924//6638 8925//6637
f 8824//6737 8823//6738 8923//6639 8924//6638
f 8823//6738 8822//6739 8922//6640 8923//6639
f 8822//6739 8821//6740 8921//6641 8922//6640
f 8821//6740 8820//6741 8920//6642 8921//6641
f 8820//6741 8819//6742 8919//6643 8920//6642
f 8819//6742 8818//6743 8918//6644 8919//6643
f 8818//6743 8817//6744 8917//6645 8918//6644
f 8817//6744 8816//6745 8916//6646 8917//6645
f 8816//6745 8815//6746 8915//6647 8916//6646
f 8815//6746 8814//6747 8914//6648 8915//6647
f 8814//6747 8813//6748 8913//6649 8914//6648
f 8813//6748 8812//6749 8912//6650 8913//6649
f 8812//6749 8811//6750 8911//6651 8912//6650
f 8811//6750 8810//6751 8910//6652 8911//6651
f 8810//6751 8809//6752 8909//6653 8910//6652
f 8809//6752 8808//6753 8908//6654 8909//6653
f 8808//6753 8807//6754 8907//6655 8908//6654
f 8807//6754 8806//6755 8906//6656 8907//6655
f 8806//6755 8805//6756 8905//6657 8906//6656
f 8805//6756 8804//6757 8904//6658 8905//6657
f 8804//6757 8803//6758 8903//6659 8904//6658
f 8803//6758 8802//6759 8902//6660 8903//6659
f 8802//6759 8801//6760 8901//6661 8902//6660
f 8801//6760 8800//6761 8900//6662 8901//6661
f 8800//6761 8799//6762 8899//6663 8900//6662
f 8799//6762 8798//6763 8898//6664 8899//6663
f 8798//6763 8797//6764 8897//6665 8898//6664
f 8797//6764 8796//6765 8896//6666 8897//6665
f 8796//6765 8795//6766 8895//6667 8896//6666
f 8795//6766 8794//6767 8894//6668 8895//6667
f 8794//6767 8793//6768 8893//6669 8894//6668
f 8793//6768 8792//6769 8892//6670 8893//6669
f 8792//6769 8791//6770 8891//6671 8892//6670
f 8791//6770 8790//6771 8890//6672 8891//6671
f 8790//6771 8789//6772 8889//6673 8890//6672
f 8789//6772 8788//6773 8888//6674 8889//6673
f 8788//6773 8787//6774 8887//6675 8888//6674
f 8787//6774 8786//6775 8886//6676 8887//6675
f 8786//6775 8785//6776 8885//6677 8886//6676
f 8785//6776 8784//6777 8884//6678 8885//6677
f 8784//6777 8783//6778 8883//6679 8884//6678
f 8783//6778 8782//6779 8882//6680 8883//6679
f 8782//6779 8781//175 8881//177 8882//6680
f 133//226 8780//6780 8880//6681 135//227
f 8780//6780 8779//6781 8879//6682 8880//6681
f 8779//6781 8778//6782 8878//6683 8879//6682
f 8778//6782 8777//6783 8877//6684 8878//6683
f 8777//6783 8776//6784 8876//6685 8877//6684
f 8776//6784 8775//6785 8875//6686 8876//6685
f 8775//6785 8774//6786 8874//6687 8875//6686
f 8774//6786 8773//6787 8873//6688 8874//6687
f 8773//6787 8772//6788 8872//6689 8873//6688
f 8772//6788 8771//6789 8871//6690 8872//6689
f 8771//6789 8770//6790 8870//6691 8871//6690
f 8770//6790 8769//6791 8869//6692 8870//6691
f 8769//6791 8768//6792 8868//6693 8869//6692
f 8768//6792 8767//6793 8867//6694 8868//6693
f 8767//6793 8766//6794 8866//6695 8867//6694
f 8766//6794 8765//6795 8865//6696 8866//6695
f 8765//6795 8764//6796 8864//6697 8865//6696
f 8764//6796 8763//6797 8863//6698 8864//6697
f 8763//6797 8762//6798 8862//6699 8863//6698
f 8762//6798 8761//6799 8861//6700 8862//6699
f 8761//6799 8760//6800 8860//6701 8861//6700
f 8760//6800 8759//6801 8859//6702 8860//6701
f 8759//6801 8758//6802 8858//6703 8859//6702
f 8758//6802 8757//6803 8857//6704 8858//6703
f 8757//6803 8756//6804 8856//6705 8857//6704
f 8756//6804 8755//6805 8855//6706 8856//6705
f 8755//6805 8754//6806 8854//6707 8855//6706
f 8754//6806 8753//6807 8853//6708 8854//6707
f 8753//6807 8752//6808 8852//6709 8853//6708
f 8752//6808 8751//6809 8851//6710 8852//6709
f 8751//6809 8750//6810 8850//6711 8851//6710
f 8750//6810 8749//6811 8849//6712 8850//6711
f 8749//6811 8748//6812 8848//6713 8849//6712
f 8748//6812 8747//6813 8847//6714 8848//6713
f 8747//6813 8746//6814 8846//6715 8847//6714
f 8746//6814 8745//6815 8845//6716 8846//6715
f 8745//6815 8744//6816 8844//6717 8845//6716
f 8744//6816 8743//6817 8843//6718 8844//6717
f 8743//6817 8742//6818 8842//6719 8843//6718
f 8742//6818 8741//6819 8841//6720 8842//6719
f 8741//6819 8740//6820 8840//6721 8841//6720
f 8740//6820 8739//6821 8839//6722 8840//6721
f 8739//6821 8738//6822 8838//6723 8839//6722
f 8738//6822 8737//6823 8837//6724 8838//6723
f 8737//6823 8736//6824 8836//6725 8837//6724
f 8736//6824 8735//6825 8835//6726 8836//6725
f 8735//6825 8734//6826 8834//6727 8835//6726
f 8734//6826 8733//6827 8833//6728 8834//6727
f 8733//6827 8732//6828 8832//6729 8833//6728
f 8732//6828 8731//6829 8831//6730 8832//6729
f 8731//6829 8730//6830 8830//6731 8831//6730
f 8730//6830 8729//6831 8829//6732 8830//6731
f 8729//6831 8728//6832 8828//6733 8829//6732
f 8728//6832 8727//6833 8827//6734 8828//6733
f 8727//6833 8726//6834 8826//6735 8827//6734
f 8726//6834 8725//6835 8825//6736 8826//6735
f 8725//6835 8724//6836 8824//6737 8825//6736
f 8724//6836 8723//6837 8823//6738 8824//6737
f 8723//6837 8722//6838 8822//6739 8823//6738
f 8722//6838 8721//6839 8821//6740 8822//6739
f 8721//6839 8720//6840 8820//6741 8821//6740
f 8720//6840 8719//6841 8819//6742 8820//6741
f 8719//6841 8718//6842 8818//6743 8819//6742
f 8718//6842 8717//6843 8817//6744 8818//6743
f 8717//6843 8716//6844 8816//6745 8817//6744
f 8716//6844 8715//6845 8815//6746 8816//6745
f 8715//6845 8714//6846 8814//6747 8815//6746
f 8714//6846 8713//6847 8813//6748 8814//6747
f 8713//6847 8712//6848 8812//6749 8813//6748
f 8712//6848 8711//6849 8811//6750 8812//6749
f 8711//6849 8710//6850 8810//6751 8811//6750
f 8710//6850 8709//6851 8809//6752 8810//6751
f 8709//6851 8708//6852 8808//6753 8809//6752
f 8708//6852 8707//6853 8807//6754 8808//6753
f 8707//6853 8706//6854 8806//6755 8807//6754
f 8706//6854 8705//6855 8805//6756 8806//6755
f 8705//6855 8704//6856 8804//6757 8805//6756
f 8704//6856 8703//6857 8803//6758 8804//6757
f 8703//6857 8702//6858 8802//6759 8803//6758
f 8702//6858 8701//6859 8801//6760 8802//6759
f 8701//6859 8700//6860 8800//6761 8801//6760
f 8700//6860 8699//6861 8799//6762 8800//6761
f 8699//6861 8698//6862 8798//6763 8799//6762
f 8698//6862 8697//6863 8797//6764 8798//6763
f 8697//6863 8696//6864 8796//6765 8797//6764
f 8696//6864 8695//6865 8795//6766 8796//6765
f 8695//6865 8694//6866 8794//6767 8795//6766
f 8694//6866 8693//6867 8793//6768 8794//6767
f 8693//6867 8692//6868 8792//6769 8793//6768
f 8692//6868 8691//6869 8791//6770 8792//6769
f 8691//6869 8690//6870 8790//6771 8791//6770
f 8690//6870 8689//6871 8789//6772 8790//6771
f 8689//6871 8688//6872 8788//6773 8789//6772
f 8688//6872 8687//6873 8787//6774 8788//6773
f 8687//6873 8686//6874 8786//6775 8787//6774
f 8686//6874 8685//6875 8785//6776 8786//6775
f 8685//6875 8684//6876 8784//6777 8785//6776
f 8684//6876 8683//6877 8783//6778 8784//6777
f 8683//6877 8682//6878 8782//6779 8783//6778
f 8682//6878 8681//173 8781//175 8782//6779
f 131//225 8680//6879 8780//6780 133//226
f 8680//6879 8679//6880 8779//6781 8780//6780
f 8679//6880 8678//6881 8778//6782 8779//6781
f 8678//6881 8677//6882 8777//6783 8778//6782
f 8677//6882 8676//6883 8776//6784 8777//6783
f 8676//6883 8675//6884 8775//6785 8776//6784
f 8675//6884 8674//6885 8774//6786 8775//6785
f 8674//6885 8673//6886 8773//6787 8774//6786
f 8673//6886 8672//6887 8772//6788 8773//6787
f 8672//6887 8671//6888 8771//6789 8772//6788
f 8671//6888 8670//6889 8770//6790 8771//6789
f 8670//6889 8669//6890 8769//6791 8770//6790
f 8669//6890 8668//6891 8768//6792 8769//6791
f 8668//6891 8667//6892 8767//6793 8768//6792
f 8667//6892 8666//6893 8766//6794 8767//6793
f 8666//6893 8665//6894 8765//6795 8766//6794
f 8665//6894 8664//6895 8764//6796 8765//6795
f 8664//6895 8663//6896 8763//6797 8764//6796
f 8663//6896 8662//6897 8762//6798 8763//6797
f 8662//6897 8661//6898 8761//6799 8762//6798
f 8661//6898 8660//6899 8760//6800 8761//6799
f 8660//6899 8659//6900 8759//6801 8760//6800
f 8659//6900 8658//6901 8758//6802 8759//6801
f 8658//6901 8657//6902 8757//6803 8758//6802
f 8657//6902 8656//6903 8756//6804 8757//6803
f 8656//6903 8655//6904 8755//6805 8756//6804
f 8655//6904 8654//6905 8754//6806 8755//6805
f 8654//6905 8653//6906 8753//6807 8754//6806
f 8653//6906 8652//6907 8752//6808 8753//6807
f 8652//6907 8651//6908 8751//6809 8752//6808
f 8651//6908 8650//6909 8750//6810 8751//6809
f 8650//6909 8649//6910 8749//6811 8750//6810
f 8649//6910 8648//6911 8748//6812 8749//6811
f 8648//6911 8647//6912 8747//6813 8748//6812
f 8647//6912 8646//6913 8746//6814 8747//6813
f 8646//6913 8645//6914 8745//6815 8746//6814
f 8645//6914 8644//6915 8744//6816 8745//6815
f 8644//6915 8643//6916 8743//6817 8744//6816
f 8643//6916 8642//6917 8742//6818 8743//6817
f 8642//6917 8641//6918 8741//6819 8742//6818
f 8641//6918 8640//6919 8740//6820 8741//6819
f 8640//6919 8639//6920 8739//6821 8740//6820
f 8639//6920 8638//6921 8738//6822 8739//6821
f 8638//6921 8637//6922 8737//6823 8738//6822
f 8637//6922 8636//6923 8736//6824 8737//6823
f 8636//6923 8635//6924 8735//6825 8736//6824
f 8635//6924 8634//6925 8734//6826 8735//6825
f 8634//6925 8633//6926 8733//6827 8734//6826
f 8633//6926 8632//6927 8732//6828 8733//6827
f 8632//6927 8631//6928 8731//6829 8732//6828
f 8631//6928 8630//6929 8730//6830 8731//6829
f 8630//6929 8629//6930 8729//6831 8730//6830
f 8629//6930 8628//6931 8728//6832 8729//6831
f 8628//6931 8627//6932 8727//6833 8728//6832
f 8627//6932 8626//6933 8726//6834 8727//6833
f 8626//6933 8625//6934 8725//6835 8726//6834
f 8625//6934 8624//6935 8724//6836 8725//6835
f 8624//6935 8623//6936 8723//6837 8724//6836
f 8623//6936 8622//6937 8722//6838 8723//6837
f 8622//6937 8621//6938 8721//6839 8722//6838
f 8621//6938 8620//6939 8720//6840 8721//6839
f 8620//6939 8619//6940 8719//6841 8720//6840
f 8619//6940 8618//6941 8718//6842 8719//6841
f 8618//6941 8617//6942 8717//6843 8718//6842
f 8617//6942 8616//6943 8716//6844 8717//6843
f 8616//6943 8615//6944 8715//6845 8716//6844
f 8615//6944 8614//6945 8714//6846 8715//6845
f 8614//6945 8613//6946 8713//6847 8714//6846
f 8613//6946 8612//6947 8712//6848 8713//6847
f 8612//6947 8611//6948 8711//6849 8712//6848
f 8611//6948 8610//6949 8710//6850 8711//6849
f 8610//6949 8609//6950 8709//6851 8710//6850
f 8609//6950 8608//6951 8708//6852 8709//6851
f 8608//6951 8607//6952 8707//6853 8708//6852
f 8607//6952 8606//6953 8706//6854 8707//6853
f 8606//6953 8605//6954 8705//6855 8706//6854
f 8605//6954 8604//6955 8704//6856 8705//6855
f 8604//6955 8603//6956 8703//6857 8704//6856
f 8603//6956 8602//6957 8702//6858 8703//6857
f 8602//6957 8601//6958 8701//6859 8702//6858
f 8601//6958 8600//6959 8700//6860 8701//6859
f 8600//6959 8599//6960 8699//6861 8700//6860
f 8599//6960 8598//6961 8698//6862 8699//6861
f 8598//6961 8597//6962 8697//6863 8698//6862
f 8597//6962 8596//6963 8696//6864 8697//6863
f 8596//6963 8595//6964 8695//6865 8696//6864
f 8595//6964 8594//6965 8694//6866 8695//6865
f 8594//6965 8593//6966 8693//6867 8694//6866
f 8593//6966 8592//6967 8692//6868 8693//6867
f 8592//6967 8591//6968 8691//6869 8692//6868
f 8591//6968 8590//6969 8690//6870 8691//6869
f 8590//6969 8589//6970 8689//6871 8690//6870
f 8589//6970 8588//6971 8688//6872 8689//6871
f 8588//6971 8587//6972 8687//6873 8688//6872
f 8587//6972 8586//6973 8686//6874 8687//6873
f 8586//6973 8585//6974 8685//6875 8686//6874
f 8585//6974 8584//6975 8684//6876 8685//6875
f 8584//6975 8583//6976 8683//6877 8684//6876
f 8583//6976 8582//6977 8682//6878 8683//6877
f 8582//6977 8581//171 8681//173 8682//6878
f 129//224 8580//6978 8680//6879 131//225
f 8580//6978 8579//6979 8679//6880 8680//6879
f 8579//6979 8578//6980 8678//6881 8679//6880
f 8578//6980 8577//6981 8677//6882 8678//6881
f 8577//6981 8576//6982 8676//6883 8677//6882
f 8576//6982 8575//6983 8675//6884 8676//6883
f 8575//6983 8574//6984 8674//6885 8675//6884
f 8574//6984 8573//6985 8673//6886 8674//6885
f 8573//6985 8572//6986 8672//6887 8673//6886
f 8572//6986 8571//6987 8671//6888 8672//6887
f 8571//6987 8570//6988 8670//6889 8671//6888
f 8570//6988 8569//6989 8669//6890 8670//6889
f 8569//6989 8568//6990 8668//6891 8669//6890
f 8568//6990 8567//6991 8667//6892 8668//6891
f 8567//6991 8566//6992 8666//6893 8667//6892
f 8566//6992 8565//6993 8665//6894 8666//6893
f 8565//6993 8564//6994 8664//6895 8665//6894
f 8564//6994 8563//6995 8663//6896 8664//6895
f 8563//6995 8562//6996 8662//6897 8663//6896
f 8562//6996 8561//6997 8661//6898 8662//6897
f 8561//6997 8560//6998 8660//6899 8661//6898
f 8560//6998 8559//6999 8659//6900 8660//6899
f 8559//6999 8558//7000 8658//6901 8659//6900
f 8558//7000 8557//7001 8657//6902 8658//6901
f 8557//7001 8556//7002 8656//6903 8657//6902
f 8556//7002 8555//7003 8655//6904 8656//6903
f 8555//7003 8554//7004 8654//6905 8655//6904
f 8554//7004 8553//7005 8653//6906 8654//6905
f 8553//7005 8552//7006 8652//6907 8653//6906
f 8552//7006 8551//7007 8651//6908 8652//6907
f 8551//7007 8550//7008 8650//6909 8651//6908
f 8550//7008 8549//7009 8649//6910 8650//6909
f 8549//7009 8548//7010 8648//6911 8649//6910
f 8548//7010 8547//7011 8647//6912 8648//6911
f 8547//7011 8546//7012 8646//6913 8647//6912
f 8546//7012 8545//7013 8645//6914 8646//6913
f 8545//7013 8544//7014 8644//6915 8645//6914
f 8544//7014 8543//7015 8643//6916 8644//6915
f 8543//7015 8542//7016 8642//6917 8643//6916
f 8542//7016 8541//7017 8641//6918 8642//6917
f 8541//7017 8540//7018 8640//6919 8641//6918
f 8540//7018 8539//7019 8639//6920 8640//6919
f 8539//7019 8538//7020 8638//6921 8639//6920
f 8538//7020 8537//7021 8637//6922 8638//6921
f 8537//7021 8536//7022 8636//6923 8637//6922
f 8536//7022 8535//7023 8635//6924 8636//6923
f 8535//7023 8534//7024 8634//6925 8635//6924
f 8534//7024 8533//7025 8633//6926 8634//6925
f 8533//7025 8532//7026 8632//6927 8633//6926
f 8532//7026 8531//7027 8631//6928 8632//6927
f 8531//7027 8530//7028 8630//6929 8631//6928
f 8530//7028 8529//7029 8629//6930 8630//6929
f 8529//7029 8528//7030 8628//6931 8629//6930
f 8528//7030 8527//7031 8627//6932 8628//6931
f 8527//7031 8526//7032 8626//6933 8627//6932
f 8526//7032 8525//7033 8625//6934 8626//6933
f 8525//7033 8524//7034 8624//6935 8625//6934
f 8524//7034 8523//7035 8623//6936 8624//6935
f 8523//7035 8522//7036 8622//6937 8623//6936
f 8522//7036 8521//7037 8621//6938 8622//6937
f 8521//7037 8520//7038 8620//6939 8621//6938
f 8520//7038 8519//7039 8619//6940 8620//6939
f 8519//7039 8518//7040 8618//6941 8619//6940
f 8518//7040 8517//7041 8617//6942 8618//6941
f 8517//7041 8516//7042 8616//6943 8617//6942
f 8516//7042 8515//7043 8615//6944 8616//6943
f 8515//7043 8514//7044 8614//6945 8615//6944
f 8514//7044 8513//7045 8613//6946 8614//6945
f 8513//7045 8512//7046 8612//6947 8613//6946
f 8512//7046 8511//7047 8611//6948 8612//6947
f 8511//7047 8510//7048 8610//6949 8611//6948
f 8510//7048 8509//7049 8609//6950 8610//6949
f 8509//7049 8508//7050 8608//6951 8609//6950
f 8508//7050 8507//7051 8607//6952 8608//6951
f 8507//7051 8506//7052 8606//6953 8607//6952
f 8506//7052 8505//7053 8605//6954 8606//6953
f 8505//7053 8504//7054 8604//6955 8605//6954
f 8504//7054 8503//7055 8603//6956 8604//6955
f 8503//7055 8502//7056 8602//6957 8603//6956
f 8502//7056 8501//7057 8601//6958 8602//6957
f 8501//7057 8500//7058 8600//6959 8601//6958
f 8500//7058 8499//7059 8599//6960 8600//6959
f 8499//7059 8498//7060 8598//6961 8599//6960
f 8498//7060 8497//7061 8597//6962 8598//6961
f 8497//7061 8496//7062 8596//6963 8597//6962
f 8496//7062 8495//7063 8595//6964 8596//6963
f 8495//7063 8494//7064 8594//6965 8595//6964
f 8494//7064 8493//7065 8593//6966 8594//6965
f 8493//7065 8492//7066 8592//6967 8593//6966
f 8492//7066 8491//7067 8591//6968 8592//6967
f 8491//7067 8490//7068 8590//6969 8591//6968
f 8490//7068 8489//7069 8589//6970 8590//6969
f 8489//7069 8488//7070 8588//6971 8589//6970
f 8488//7070 8487//7071 8587//6972 8588//6971
f 8487//7071 8486//7072 8586//6973 8587//6972
f 8486//7072 8485//7073 8585//6974 8586//6973
f 8485//7073 8484//7074 8584//6975 8585//6974
f 8484//7074 8483//7075 8583//6976 8584//6975
f 8483//7075 8482//7076 8582//6977 8583//6976
f 8482//7076 8481//169 8581//171 8582//6977
f 127//223 8480//7077 8580//6978 129//224
f 8480//7077 8479//7078 8579//6979 8580//6978
f 8479//7078 8478//7079 8578//6980 8579//6979
f 8478//7079 8477//7080 8577//6981 8578//6980
f 8477//7080 8476//7081 8576//6982 8577//6981
f 8476//7081 8475//7082 8575//6983 8576//6982
f 8475//7082 8474//7083 8574//6984 8575//6983
f 8474//7083 8473//7084 8573//6985 8574//6984
f 8473//7084 8472//7085 8572//6986 8573//6985
f 8472//7085 8471//7086 8571//6987 8572//6986
f 8471//7086 8470//7087 8570//6988 8571//6987
f 8470//7087 8469//7088 8569//6989 8570//6988
f 8469//7088 8468//7089 8568//6990 8569//6989
f 8468//7089 8467//7090 8567//6991 8568//6990
f 8467//7090 8466//7091 8566//6992 8567//6991
f 8466//7091 8465//7092 8565//6993 8566//6992
f 8465//7092 8464//7093 8564//6994 8565//6993
f 8464//7093 8463//7094 8563//6995 8564//6994
f 8463//7094 8462//7095 8562//6996 8563//6995
f 8462//7095 8461//7096 8561//6997 8562//6996
f 8461//7096 8460//7097 8560//6998 8561//6997
f 8460//7097 8459//7098 8559//6999 8560//6998
f 8459//7098 8458//7099 8558//7000 8559//6999
f 8458//7099 8457//7100 8557//7001 8558//7000
f 8457//7100 8456//7101 8556//7002 8557//7001
f 8456//7101 8455//7102 8555//7003 8556//7002
f 8455//7102 8454//7103 8554//7004 8555//7003
f 8454//7103 8453//7104 8553//7005 8554//7004
f 8453//7104 8452//7105 8552//7006 8553//7005
f 8452//7105 8451//7106 8551//7007 8552//7006
f 8451//7106 8450//7107 8550//7008 8551//7007
f 8450//7107 8449//7108 8549//7009 8550//7008
f 8449//7108 8448//7109 8548//7010 8549//7009
f 8448//7109 8447//7110 8547//7011 8548//7010
f 8447//7110 8446//7111 8546//7012 8547//7011
f 8446//7111 8445//7112 8545//7013 8546//7012
f 8445//7112 8444//7113 8544//7014 8545//7013
f 8444//7113 8443//7114 8543//7015 8544//7014
f 8443//7114 8442//7115 8542//7016 8543//7015
f 8442//7115 8441//7116 8541//7017 8542//7016
f 8441//7116 8440//7117 8540//7018 8541//7017
f 8440//7117 8439//7118 8539//7019 8540//7018
f 8439//7118 8438//7119 8538//7020 8539//7019
f 8438//7119 8437//7120 8537//7021 8538//7020
f 8437//7120 8436//7121 8536//7022 8537//7021
f 8436//7121 8435//7122 8535//7023 8536//7022
f 8435//7122 8434//7123 8534//7024 8535//7023
f 8434//7123 8433//7124 8533//7025 8534//7024
f 8433//7124 8432//7125 8532//7026 8533//7025
f 8432//7125 8431//7126 8531//7027 8532//7026
f 8431//7126 8430//7127 8530//7028 8531//7027
f 8430//7127 8429//7128 8529//7029 8530//7028
f 8429//7128 8428//7129 8528//7030 8529//7029
f 8428//7129 8427//7130 8527//7031 8528//7030
f 8427//7130 8426//7131 8526//7032 8527//7031
f 8426//7131 8425//7132 8525//7033 8526//7032
f 8425//7132 8424//7133 8524//7034 8525//7033
f 8424//7133 8423//7134 8523//7035 8524//7034
f 8423//7134 8422//7135 8522//7036 8523//7035
f 8422//7135 8421//7136 8521//7037 8522//7036
f 8421//7136 8420//7137 8520//7038 8521//7037
f 8420//7137 8419//7138 8519//7039 8520//7038
f 8419//7138 8418//7139 8518//7040 8519//7039
f 8418//7139 8417//7140 8517//7041 8518//7040
f 8417//7140 8416//7141 8516//7042 8517//7041
f 8416//7141 8415//7142 8515//7043 8516//7042
f 8415//7142 8414//7143 8514//7044 8515//7043
f 8414//7143 8413//7144 8513//7045 8514//7044
f 8413//7144 8412//7145 8512//7046 8513//7045
f 8412//7145 8411//7146 8511//7047 8512//7046
f 8411//7146 8410//7147 8510//7048 8511//7047
f 8410//7147 8409//7148 8509//7049 8510//7048
f 8409//7148 8408//7149 8508//7050 8509//7049
f 8408//7149 8407//7150 8507//7051 8508//7050
f 8407//7150 8406//7151 8506//7052 8507//7051
f 8406//7151 8405//7152 8505//7053 8506//7052
f 8405//7152 8404//7153 8504//7054 8505//7053
f 8404//7153 8403//7154 8503//7055 8504//7054
f 8403//7154 8402//7155 8502//7056 8503//7055
f 8402//7155 8401//7156 8501//7057 8502//7056
f 8401//7156 8400//7157 8500//7058 8501//7057
f 8400//7157 8399//7158 8499//7059 8500//7058
f 8399//7158 8398//7159 8498//7060 8499//7059
f 8398//7159 8397//7160 8497//7061 8498//7060
f 8397//7160 8396//7161 8496//7062 8497//7061
f 8396//7161 8395//7162 8495//7063 8496//7062
f 8395//7162 8394//7163 8494//7064 8495//7063
f 8394//7163 8393//7164 8493//7065 8494//7064
f 8393//7164 8392//7165 8492//7066 8493//7065
f 8392//7165 8391//7166 8491//7067 8492//7066
f 8391//7166 8390//7167 8490//7068 8491//7067
f 8390//7167 8389//7168 8489//7069 8490//7068
f 8389//7168 8388//7169 8488//7070 8489//7069
f 8388//7169 8387//7170 8487//7071 8488//7070
f 8387//7170 8386//7171 8486//7072 8487//7071
f 8386//7171 8385//7172 8485//7073 8486//7072
f 8385//7172 8384//7173 8484//7074 8485//7073
f 8384//7173 8383//7174 8483//7075 8484//7074
f 8383//7174 8382//7175 8482//7076 8483//7075
f 8382//7175 8381//167 8481//169 8482//7076
f 125//222 8380//7176 8480//7077 127//223
f 8380//7176 8379//7177 8479//7078 8480//7077
f 8379//7177 8378//7178 8478//7079 8479//7078
f 8378//7178 8377//7179 8477//7080 8478//7079
f 8377//7179 8376//7180 8476//7081 8477//7080
f 8376//7180 8375//7181 8475//7082 8476//7081
f 8375//7181 8374//7182 8474//7083 8475//7082
f 8374//7182 8373//7183 8473//7084 8474//7083
f 8373//7183 8372//7184 8472//7085 8473//7084
f 8372//7184 8371//7185 8471//7086 8472//7085
f 8371//7185 8370//7186 8470//7087 8471//7086
f 8370//7186 8369//7187 8469//7088 8470//7087
f 8369//7187 8368//7188 8468//7089 8469//7088
f 8368//7188 8367//7189 8467//7090 8468//7089
f 8367//7189 8366//7190 8466//7091 8467//7090
f 8366//7190 8365//7191 8465//7092 8466//7091
f 8365//7191 8364//7192 8464//7093 8465//7092
f 8364//7192 8363//7193 8463//7094 8464//7093
f 8363//7193 8362//7194 8462//7095 8463//7094
f 8362//7194 8361//7195 8461//7096 8462//7095
f 8361//7195 8360//7196 8460//7097 8461//7096
f 8360//7196 8359//7197 8459//7098 8460//7097
f 8359//7197 8358//7198 8458//7099 8459//7098
f 8358//7198 8357//7199 8457//7100 8458//7099
f 8357//7199 8356//7200 8456//7101 8457//7100
f 8356//7200 8355//7201 8455//7102 8456//7101
f 8355//7201 8354//7202 8454//7103 8455//7102
f 8354//7202 8353//7203 8453//7104 8454//7103
f 8353//7203 8352//7204 8452//7105 8453//7104
f 8352//7204 8351//7205 8451//7106 8452//7105
f 8351//7205 8350//7206 8450//7107 8451//7106
f 8350//7206 8349//7207 8449//7108 8450//7107
f 8349//7207 8348//7208 8448//7109 8449//7108
f 8348//7208 8347//7209 8447//7110 8448//7109
f 8347//7209 8346//7210 8446//7111 8447//7110
f 8346//7210 8345//7211 8445//7112 8446//7111
f 8345//7211 8344//7212 8444//7113 8445//7112
f 8344//7212 8343//7213 8443//7114 8444//7113
f 8343//7213 8342//7214 8442//7115 8443//7114
f 8342//7214 8341//7215 8441//7116 8442//7115
f 8341//7215 8340//7216 8440//7117 8441//7116
f 8340//7216 8339//7217 8439//7118 8440//7117
f 8339//7217 8338//7218 8438//7119 8439//7118
f 8338//7218 8337//7219 8437//7120 8438//7119
f 8337//7219 8336//7220 8436//7121 8437//7120
f 8336//7220 8335//7221 8435//7122 8436//7121
f 8335//7221 8334//7222 8434//7123 8435//7122
f 8334//7222 8333//7223 8433//7124 8434//7123
f 8333//7223 8332//7224 8432//7125 8433//7124
f 8332//7224 8331//7225 8431//7126 8432//7125
f 8331//7225 8330//7226 8430//7127 8431//7126
f 8330//7226 8329//7227 8429//7128 8430//7127
f 8329//7227 8328//7228 8428//7129 8429//7128
f 8328//7228 8327//7229 8427//7130 8428//7129
f 8327//7229 8326//7230 8426//7131 8427//7130
f 8326//7230 8325//7231 8425//7132 8426//7131
f 8325//7231 8324//7232 8424//7133 8425//7132
f 8324//7232 8323//7233 8423//7134 8424//7133
f 8323//7233 8322//7234 8422//7135 8423//7134
f 8322//7234 8321//7235 8421//7136 8422//7135
f 8321//7235 8320//7236 8420//7137 8421//7136
f 8320//7236 8319//7237 8419//7138 8420//7137
f 8319//7237 8318//7238 8418//7139 8419//7138
f 8318//7238 8317//7239 8417//7140 8418//7139
f 8317//7239 8316//7240 8416//7141 8417//7140
f 8316//7240 8315//7241 8415//7142 8416//7141
f 8315//7241 8314//7242 8414//7143 8415//7142
f 8314//7242 8313//7243 8413//7144 8414//7143
f 8313//7243 8312//7244 8412//7145 8413//7144
f 8312//7244 8311//7245 8411//7146 8412//7145
f 8311//7245 8310//7246 8410//7147 8411//7146
f 8310//7246 8309//7247 8409//7148 8410//7147
f 8309//7247 8308//7248 8408//7149 8409//7148
f 8308//7248 8307//7249 8407//7150 8408//7149
f 8307//7249 8306//7250 8406//7151 8407//7150
f 8306//7250 8305//7251 8405//7152 8406//7151
f 8305//7251 8304//7252 8404//7153 8405//7152
f 8304//7252 8303//7253 8403//7154 8404//7153
f 8303//7253 8302//7254 8402//7155 8403//7154
f 8302//7254 8301//7255 8401//7156 8402//7155
f 8301//7255 8300//7256 8400//7157 8401//7156
f 8300//7256 8299//7257 8399//7158 8400//7157
f 8299//7257 8298//7258 8398//7159 8399//7158
f 8298//7258 8297//7259 8397//7160 8398//7159
f 8297//7259 8296//7260 8396//7161 8397//7160
f 8296//7260 8295//7261 8395//7162 8396//7161
f 8295//7261 8294//7262 8394//7163 8395//7162
f 8294//7262 8293//7263 8393//7164 8394//7163
f 8293//7263 8292//7264 8392//7165 8393//7164
f 8292//7264 8291//7265 8391//7166 8392//7165
f 8291//7265 8290//7266 8390//7167 8391//7166
f 8290//7266 8289//7267 8389//7168 8390//7167
f 8289//7267 8288//7268 8388//7169 8389//7168
f 8288//7268 8287//7269 8387//7170 8388//7169
f 8287//7269 8286//7270 8386//7171 8387//7170
f 8286//7270 8285//7271 8385//7172 8386//7171
f 8285//7271 8284//7272 8384//7173 8385//7172
f 8284//7272 8283//7273 8383//7174 8384//7173
f 8283//7273 8282//7274 8382//7175 8383//7174
f 8282//7274 8281//165 8381//167 8382//7175
f 123//221 8280//7275 8380//7176 125//222
f 8280//7275 8279//7276 8379//7177 8380//7176
f 8279//7276 8278//7277 8378//7178 8379//7177
f 8278//7277 8277//7278 8377//7179 8378//7178
f 8277//7278 8276//7279 8376//7180 8377//7179
f 8276//7279 8275//7280 8375//7181 8376//7180
f 8275//7280 8274//7281 8374//7182 8375//7181
f 8274//7281 8273//7282 8373//7183 8374//7182
f 8273//7282 8272//7283 8372//7184 8373//7183
f 8272//7283 8271//7284 8371//7185 8372//7184
f 8271//7284 8270//7285 8370//7186 8371//7185
f 8270//7285 8269//7286 8369//7187 8370//7186
f 8269//7286 8268//7287 8368//7188 8369//7187
f 8268//7287 8267//7288 8367//7189 8368//7188
f 8267//7288 8266//7289 8366//7190 8367//7189
f 8266//7289 8265//7290 8365//7191 8366//7190
f 8265//7290 8264//7291 8364//7192 8365//7191
f 8264//7291 8263//7292 8363//7193 8364//7192
f 8263//7292 8262//7293 8362//7194 8363//7193
f 8262//7293 8261//7294 8361//7195 8362//7194
f 8261//7294 8260//7295 8360//7196 8361//7195
f 8260//7295 8259//7296 8359//7197 8360//7196
f 8259//7296 8258//7297 8358//7198 8359//7197
f 8258//7297 8257//7298 8357//7199 8358//7198
f 8257//7298 8256//7299 8356//7200 8357//7199
f 8256//7299 8255//7300 8355//7201 8356//7200
f 8255//7300 8254//7301 8354//7202 8355//7201
f 8254//7301 8253//7302 8353//7203 8354//7202
f 8253//7302 8252//7303 8352//7204 8353//7203
f 8252//7303 8251//7304 8351//7205 8352//7204
f 8251//7304 8250//7305 8350//7206 8351//7205
f 8250//7305 8249//7306 8349//7207 8350//7206
f 8249//7306 8248//7307 8348//7208 8349//7207
f 8248//7307 8247//7308 8347//7209 8348//7208
f 8247//7308 8246//7309 8346//7210 8347//7209
f 8246//7309 8245//7310 8345//7211 8346//7210
f 8245//7310 8244//7311 8344//7212 8345//7211
f 8244//7311 8243//7312 8343//7213 8344//7212
f 8243//7312 8242//7313 8342//7214 8343//7213
f 8242//7313 8241//7314 8341//7215 8342//7214
f 8241//7314 8240//7315 8340//7216 8341//7215
f 8240//7315 8239//7316 8339//7217 8340//7216
f 8239//7316 8238//7317 8338//7218 8339//7217
f 8238//7317 8237//7318 8337//7219 8338//7218
f 8237//7318 8236//7319 8336//7220 8337//7219
f 8236//7319 8235//7320 8335//7221 8336//7220
f 8235//7320 8234//7321 8334//7222 8335//7221
f 8234//7321 8233//7322 8333//7223 8334//7222
f 8233//7322 8232//7323 8332//7224 8333//7223
f 8232//7323 8231//7324 8331//7225 8332//7224
f 8231//7324 8230//7325 8330//7226 8331//7225
f 8230//7325 8229//7326 8329//7227 8330//7226
f 8229//7326 8228//7327 8328//7228 8329//7227
f 8228//7327 8227//7328 8327//7229 8328//7228
f 8227//7328 8226//7329 8326//7230 8327//7229
f 8226//7329 8225//7330 8325//7231 8326//7230
f 8225//7330 8224//7331 8324//7232 8325//7231
f 8224//7331 8223//7332 8323//7233 8324//7232
f 8223//7332 8222//7333 8322//7234 8323//7233
f 8222//7333 8221//7334 8321//7235 8322//7234
f 8221//7334 8220//7335 8320//7236 8321//7235
f 8220//7335 8219//7336 8319//7237 8320//7236
f 8219//7336 8218//7337 8318//7238 8319//7237
f 8218//7337 8217//7338 8317//7239 8318//7238
f 8217//7338 8216//7339 8316//7240 8317//7239
f 8216//7339 8215//7340 8315//7241 8316//7240
f 8215//7340 8214//7341 8314//7242 8315//7241
f 8214//7341 8213//7342 8313//7243 8314//7242
f 8213//7342 8212//7343 8312//7244 8313//7243
f 8212//7343 8211//7344 8311//7245 8312//7244
f 8211//7344 8210//7345 8310//7246 8311//7245
f 8210//7345 8209//7346 8309//7247 8310//7246
f 8209//7346 8208//7347 8308//7248 8309//7247
f 8208//7347 8207//7348 8307//7249 8308//7248
f 8207//7348 8206//7349 8306//7250 8307//7249
f 8206//7349 8205//7350 8305//7251 8306//7250
f 8205//7350 8204//7351 8304//7252 8305//7251
f 8204//7351 8203//7352 8303//7253 8304//7252
f 8203//7352 8202//7353 8302//7254 8303//7253
f 8202//7353 8201//7354 8301//7255 8302//7254
f 8201//7354 8200//7355 8300//7256 8301//7255
f 8200//7355 8199//7356 8299//7257 8300//7256
f 8199//7356 8198//7357 8298//7258 8299//7257
f 8198//7357 8197//7358 8297//7259 8298//7258
f 8197//7358 8196//7359 8296//7260 8297//7259
f 8196//7359 8195//7360 8295//7261 8296//7260
f 8195//7360 8194//7361 8294//7262 8295//7261
f 8194//7361 8193//7362 8293//7263 8294//7262
f 8193//7362 8192//7363 8292//7264 8293//7263
f 8192//7363 8191//7364 8291//7265 8292//7264
f 8191//7364 8190//7365 8290//7266 8291//7265
f 8190//7365 8189//7366 8289//7267 8290//7266
f 8189//7366 8188//7367 8288//7268 8289//7267
f 8188//7367 8187//7368 8287//7269 8288//7268
f 8187//7368 8186//7369 8286//7270 8287//7269
f 8186//7369 8185//7370 8285//7271 8286//7270
f 8185//7370 8184//7371 8284//7272 8285//7271
f 8184//7371 8183//7372 8283//7273 8284//7272
f 8183//7372 8182//7373 8282//7274 8283//7273
f 8182//7373 8181//163 8281//165 8282//7274
f 121//220 8180//3500 8280//7275 123//221
f 8180//3500 8179//3501 8279//7276 8280//7275
f 8179//3501 8178//3502 8278//7277 8279//7276
f 8178//3502 8177//3503 8277//7278 8278//7277
f 8177//3503 8176//3504 8276//7279 8277//7278
f 8176//3504 8175//3505 8275//7280 8276//7279
f 8175//3505 8174//7374 8274//7281 8275//7280
f 8174//7374 8173//3507 8273//7282 8274//7281
f 8173//3507 8172//3508 8272//7283 8273//7282
f 8172//3508 8171//3509 8271//7284 8272//7283
f 8171//3509 8170//3510 8270//7285 8271//7284
f 8170//3510 8169//3511 8269//7286 8270//7285
f 8169//3511 8168//3512 8268//7287 8269//7286
f 8168//3512 8167//3513 8267//7288 8268//7287
f 8167//3513 8166//3514 8266//7289 8267//7288
f 8166//3514 8165//3515 8265//7290 8266//7289
f 8165//3515 8164//3516 8264//7291 8265//7290
f 8164//3516 8163//7375 8263//7292 8264//7291
f 8163//7375 8162//3518 8262//7293 8263//7292
f 8162//3518 8161//3519 8261//7294 8262//7293
f 8161//3519 8160//3520 8260//7295 8261//7294
f 8160//3520 8159//3521 8259//7296 8260//7295
f 8159//3521 8158//3522 8258//7297 8259//7296
f 8158//3522 8157//7376 8257//7298 8258//7297
f 8157//7376 8156//3524 8256//7299 8257//7298
f 8156//3524 8155//3525 8255//7300 8256//7299
f 8155//3525 8154//7377 8254//7301 8255//7300
f 8154//7377 8153//3527 8253//7302 8254//7301
f 8153//3527 8152//3528 8252//7303 8253//7302
f 8152//3528 8151//3529 8251//7304 8252//7303
f 8151//3529 8150//7378 8250//7305 8251//7304
f 8150//7378 8149//3531 8249//7306 8250//7305
f 8149//3531 8148//3532 8248//7307 8249//7306
f 8148//3532 8147//3533 8247//7308 8248//7307
f 8147//3533 8146//3534 8246//7309 8247//7308
f 8146//3534 8145//3535 8245//7310 8246//7309
f 8145//3535 8144//3536 8244//7311 8245//7310
f 8144//3536 8143//7379 8243//7312 8244//7311
f 8143//7379 8142//3538 8242//7313 8243//7312
f 8142//3538 8141//3539 8241//7314 8242//7313
f 8141//3539 8140//3540 8240//7315 8241//7314
f 8140//3540 8139//3541 8239//7316 8240//7315
f 8139//3541 8138//3542 8238//7317 8239//7316
f 8138//3542 8137//3543 8237//7318 8238//7317
f 8137//3543 8136//3544 8236//7319 8237//7318
f 8136//3544 8135//3545 8235//7320 8236//7319
f 8135//3545 8134//7380 8234//7321 8235//7320
f 8134//7380 8133//7381 8233//7322 8234//7321
f 8133//7381 8132//3548 8232//7323 8233//7322
f 8132//3548 8131//3549 8231//7324 8232//7323
f 8131//3549 8130//3550 8230//7325 8231//7324
f 8130//3550 8129//3551 8229//7326 8230//7325
f 8129//3551 8128//3552 8228//7327 8229//7326
f 8128//3552 8127//3553 8227//7328 8228//7327
f 8127//3553 8126//3554 8226//7329 8227//7328
f 8126//3554 8125//7382 8225//7330 8226//7329
f 8125//7382 8124//7383 8224//7331 8225//7330
f 8124//7383 8123//3557 8223//7332 8224//7331
f 8123//3557 8122//7384 8222//7333 8223//7332
f 8122//7384 8121//3559 8221//7334 8222//7333
f 8121//3559 8120//3560 8220//7335 8221//7334
f 8120//3560 8119//3561 8219//7336 8220//7335
f 8119//3561 8118//3562 8218//7337 8219//7336
f 8118//3562 8117//3563 8217//7338 8218//7337
f 8117//3563 8116//7385 8216//7339 8217//7338
f 8116//7385 8115//3565 8215//7340 8216//7339
f 8115//3565 8114//3566 8214//7341 8215//7340
f 8114//3566 8113//3567 8213//7342 8214//7341
f 8113//3567 8112//3568 8212//7343 8213//7342
f 8112//3568 8111//3569 8211//7344 8212//7343
f 8111//3569 8110//3570 8210//7345 8211//7344
f 8110//3570 8109//3571 8209//7346 8210//7345
f 8109//3571 8108//3572 8208//7347 8209//7346
f 8108//3572 8107//3573 8207//7348 8208//7347
f 8107//3573 8106//3574 8206//7349 8207//7348
f 8106//3574 8105//3575 8205//7350 8206//7349
f 8105//3575 8104//3576 8204//7351 8205//7350
f 8104//3576 8103//3577 8203//7352 8204//7351
f 8103//3577 8102//3578 8202//7353 8203//7352
f 8102//3578 8101//7386 8201//7354 8202//7353
f 8101//7386 8100//3580 8200//7355 8201//7354
f 8100//3580 8099//7387 8199//7356 8200//7355
f 8099//7387 8098//3582 8198//7357 8199//7356
f 8098//3582 8097//3583 8197//7358 8198//7357
f 8097//3583 8096//3584 8196//7359 8197//7358
f 8096//3584 8095//7388 8195//7360 8196//7359
f 8095//7388 8094//3586 8194//7361 8195//7360
f 8094//3586 8093//3587 8193//7362 8194//7361
f 8093//3587 8092//3588 8192//7363 8193//7362
f 8092//3588 8091//3589 8191//7364 8192//7363
f 8091//3589 8090//3590 8190//7365 8191//7364
f 8090//3590 8089//3591 8189//7366 8190//7365
f 8089//3591 8088//3592 8188//7367 8189//7366
f 8088//3592 8087//3593 8187//7368 8188//7367
f 8087//3593 8086//3594 8186//7369 8187//7368
f 8086//3594 8085//3595 8185//7370 8186//7369
f 8085//3595 8084//3596 8184//7371 8185//7370
f 8084//3596 8083//3597 8183//7372 8184//7371
f 8083//3597 8082//7389 8182//7373 8183//7372
f 8082//7389 8081//42 8181//163 8182//7373
f 119//219 8080//7390 8180//3500 121//220
f 8080//7390 8079//7391 8179//3501 8180//3500
f 8079//7391 8078//7392 8178//3502 8179//3501
f 8078//7392 8077//7393 8177//3503 8178//3502
f 8077//7393 8076//7394 8176//3504 8177//3503
f 8076//7394 8075//7395 8175//3505 8176//3504
f 8075//7395 8074//7396 8174//7374 8175//3505
f 8074//7396 8073//7397 8173//3507 8174//7374
f 8073//7397 8072//7398 8172//3508 8173//3507
f 8072//7398 8071//7399 8171//3509 8172//3508
f 8071//7399 8070//7400 8170//3510 8171//3509
f 8070//7400 8069//7401 8169//3511 8170//3510
f 8069//7401 8068//7402 8168//3512 8169//3511
f 8068//7402 8067//7403 8167//3513 8168//3512
f 8067//7403 8066//7404 8166//3514 8167//3513
f 8066//7404 8065//7405 8165//3515 8166//3514
f 8065//7405 8064//7406 8164//3516 8165//3515
f 8064//7406 8063//7407 8163//7375 8164//3516
f 8063//7407 8062//7408 8162//3518 8163//7375
f 8062//7408 8061//7409 8161//3519 8162//3518
f 8061//7409 8060//7410 8160//3520 8161//3519
f 8060//7410 8059//7411 8159//3521 8160//3520
f 8059//7411 8058//7412 8158//3522 8159//3521
f 8058//7412 8057//7413 8157//7376 8158//3522
f 8057//7413 8056//7414 8156//3524 8157//7376
f 8056//7414 8055//7415 8155//3525 8156//3524
f 8055//7415 8054//7416 8154//7377 8155//3525
f 8054//7416 8053//7417 8153//3527 8154//7377
f 8053//7417 8052//7418 8152//3528 8153//3527
f 8052//7418 8051//7419 8151//3529 8152//3528
f 8051//7419 8050//7420 8150//7378 8151//3529
f 8050//7420 8049//7421 8149//3531 8150//7378
f 8049//7421 8048//7422 8148//3532 8149//3531
f 8048//7422 8047//7423 8147//3533 8148//3532
f 8047//7423 8046//7424 8146//3534 8147//3533
f 8046//7424 8045//7425 8145//3535 8146//3534
f 8045//7425 8044//7426 8144//3536 8145//3535
f 8044//7426 8043//7427 8143//7379 8144//3536
f 8043//7427 8042//7428 8142//3538 8143//7379
f 8042//7428 8041//7429 8141//3539 8142//3538
f 8041//7429 8040//7430 8140//3540 8141//3539
f 8040//7430 8039//7431 8139//3541 8140//3540
f 8039//7431 8038//7432 8138//3542 8139//3541
f 8038//7432 8037//7433 8137//3543 8138//3542
f 8037//7433 8036//7434 8136//3544 8137//3543
f 8036//7434 8035//7435 8135//3545 8136//3544
f 8035//7435 8034//7436 8134//7380 8135//3545
f 8034//7436 8033//7437 8133//7381 8134//7380
f 8033//7437 8032//7438 8132//3548 8133//7381
f 8032//7438 8031//7439 8131//3549 8132//3548
f 8031//7439 8030//7440 8130//3550 8131//3549
f 8030//7440 8029//7441 8129//3551 8130//3550
f 8029//7441 8028//7442 8128//3552 8129//3551
f 8028//7442 8027//7443 8127//3553 8128//3552
f 8027//7443 8026//7444 8126//3554 8127//3553
f 8026//7444 8025//7445 8125//7382 8126//3554
f 8025//7445 8024//7446 8124//7383 8125//7382
f 8024//7446 8023//7447 8123//3557 8124//7383
f 8023//7447 8022//7448 8122//7384 8123//3557
f 8022//7448 8021//7449 8121//3559 8122//7384
f 8021//7449 8020//7450 8120//3560 8121//3559
f 8020//7450 8019//7451 8119//3561 8120//3560
f 8019//7451 8018//7452 8118//3562 8119//3561
f 8018//7452 8017//7453 8117//3563 8118//3562
f 8017//7453 8016//7454 8116//7385 8117//3563
f 8016//7454 8015//7455 8115//3565 8116//7385
f 8015//7455 8014//7456 8114//3566 8115//3565
f 8014//7456 8013//7457 8113//3567 8114//3566
f 8013//7457 8012//7458 8112//3568 8113//3567
f 8012//7458 8011//7459 8111//3569 8112//3568
f 8011//7459 8010//7460 8110//3570 8111//3569
f 8010//7460 8009//7461 8109//3571 8110//3570
f 8009//7461 8008//7462 8108//3572 8109//3571
f 8008//7462 8007//7463 8107//3573 8108//3572
f 8007//7463 8006//7464 8106//3574 8107//3573
f 8006//7464 8005//7465 8105//3575 8106//3574
f 8005//7465 8004//7466 8104//3576 8105//3575
f 8004//7466 8003//7467 8103//3577 8104//3576
f 8003//7467 8002//7468 8102//3578 8103//3577
f 8002//7468 8001//7469 8101//7386 8102//3578
f 8001//7469 8000//7470 8100//3580 8101//7386
f 8000//7470 7999//7471 8099//7387 8100//3580
f 7999//7471 7998//7472 8098//3582 8099//7387
f 7998//7472 7997//7473 8097//3583 8098//3582
f 7997//7473 7996//7474 8096//3584 8097//3583
f 7996//7474 7995//7475 8095//7388 8096//3584
f 7995//7475 7994//7476 8094//3586 8095//7388
f 7994//7476 7993//7477 8093//3587 8094//3586
f 7993//7477 7992//7478 8092//3588 8093//3587
f 7992//7478 7991//7479 8091//3589 8092//3588
f 7991//7479 7990//7480 8090//3590 8091//3589
f 7990//7480 7989//7481 8089//3591 8090//3590
f 7989//7481 7988//7482 8088//3592 8089//3591
f 7988//7482 7987//7483 8087//3593 8088//3592
f 7987//7483 7986//7484 8086//3594 8087//3593
f 7986//7484 7985//7485 8085//3595 8086//3594
f 7985//7485 7984//7486 8084//3596 8085//3595
f 7984//7486 7983//7487 8083//3597 8084//3596
f 7983//7487 7982//7488 8082//7389 8083//3597
f 7982//7488 7981//160 8081//42 8082//7389
f 117//218 7980//7489 8080//7390 119//219
f 7980//7489 7979//7490 8079//7391 8080//7390
f 7979//7490 7978//7491 8078//7392 8079//7391
f 7978//7491 7977//7492 8077//7393 8078//7392
f 7977//7492 7976//7493 8076//7394 8077//7393
f 7976//7493 7975//7494 8075//7395 8076//7394
f 7975//7494 7974//7495 8074//7396 8075//7395
f 7974//7495 7973//7496 8073//7397 8074//7396
f 7973//7496 7972//7497 8072//7398 8073//7397
f 7972//7497 7971//7498 8071//7399 8072//7398
f 7971//7498 7970//7499 8070//7400 8071//7399
f 7970//7499 7969//7500 8069//7401 8070//7400
f 7969//7500 7968//7501 8068//7402 8069//7401
f 7968//7501 7967//7502 8067//7403 8068//7402
f 7967//7502 7966//7503 8066//7404 8067//7403
f 7966//7503 7965//7504 8065//7405 8066//7404
f 7965//7504 7964//7505 8064//7406 8065//7405
f 7964//7505 7963//7506 8063//7407 8064//7406
f 7963//7506 7962//7507 8062//7408 8063//7407
f 7962//7507 7961//7508 8061//7409 8062//7408
f 7961//7508 7960//7509 8060//7410 8061//7409
f 7960//7509 7959//7510 8059//7411 8060//7410
f 7959//7510 7958//7511 8058//7412 8059//7411
f 7958//7511 7957//7512 8057//7413 8058//7412
f 7957//7512 7956//7513 8056//7414 8057//7413
f 7956//7513 7955//7514 8055//7415 8056//7414
f 7955//7514 7954//7515 8054//7416 8055//7415
f 7954//7515 7953//7516 8053//7417 8054//7416
f 7953//7516 7952//7517 8052//7418 8053//7417
f 7952//7517 7951//7518 8051//7419 8052//7418
f 7951//7518 7950//7519 8050//7420 8051//7419
f 7950//7519 7949//7520 8049//7421 8050//7420
f 7949//7520 7948//7521 8048//7422 8049//7421
f 7948//7521 7947//7522 8047//7423 8048//7422
f 7947//7522 7946//7523 8046//7424 8047//7423
f 7946//7523 7945//7524 8045//7425 8046//7424
f 7945//7524 7944//7525 8044//7426 8045//7425
f 7944//7525 7943//7526 8043//7427 8044//7426
f 7943//7526 7942//7527 8042//7428 8043//7427
f 7942//7527 7941//7528 8041//7429 8042//7428
f 7941//7528 7940//7529 8040//7430 8041//7429
f 7940//7529 7939//7530 8039//7431 8040//7430
f 7939//7530 7938//7531 8038//7432 8039//7431
f 7938//7531 7937//7532 8037//7433 8038//7432
f 7937//7532 7936//7533 8036//7434 8037//7433
f 7936//7533 7935//7534 8035//7435 8036//7434
f 7935//7534 7934//7535 8034//7436 8035//7435
f 7934//7535 7933//7536 8033//7437 8034//7436
f 7933//7536 7932//7537 8032//7438 8033//7437
f 7932//7537 7931//7538 8031//7439 8032//7438
f 7931//7538 7930//7539 8030//7440 8031//7439
f 7930//7539 7929//7540 8029//7441 8030//7440
f 7929//7540 7928//7541 8028//7442 8029//7441
f 7928//7541 7927//7542 8027//7443 8028//7442
f 7927//7542 7926//7543 8026//7444 8027//7443
f 7926//7543 7925//7544 8025//7445 8026//7444
f 7925//7544 7924//7545 8024//7446 8025//7445
f 7924//7545 7923//7546 8023//7447 8024//7446
f 7923//7546 7922//7547 8022//7448 8023//7447
f 7922//7547 7921//7548 8021//7449 8022//7448
f 7921//7548 7920//7549 8020//7450 8021//7449
f 7920//7549 7919//7550 8019//7451 8020//7450
f 7919//7550 7918//7551 8018//7452 8019//7451
f 7918//7551 7917//7552 8017//7453 8018//7452
f 7917//7552 7916//7553 8016//7454 8017//7453
f 7916//7553 7915//7554 8015//7455 8016//7454
f 7915//7554 7914//7555 8014//7456 8015//7455
f 7914//7555 7913//7556 8013//7457 8014//7456
f 7913//7556 7912//7557 8012//7458 8013//7457
f 7912//7557 7911//7558 8011//7459 8012//7458
f 7911//7558 7910//7559 8010//7460 8011//7459
f 7910//7559 7909//7560 8009//7461 8010//7460
f 7909//7560 7908//7561 8008//7462 8009//7461
f 7908//7561 7907//7562 8007//7463 8008//7462
f 7907//7562 7906//7563 8006//7464 8007//7463
f 7906//7563 7905//7564 8005//7465 8006//7464
f 7905//7564 7904//7565 8004//7466 8005//7465
f 7904//7565 7903//7566 8003//7467 8004//7466
f 7903//7566 7902//7567 8002//7468 8003//7467
f 7902//7567 7901//7568 8001//7469 8002//7468
f 7901//7568 7900//7569 8000//7470 8001//7469
f 7900//7569 7899//7570 7999//7471 8000//7470
f 7899//7570 7898//7571 7998//7472 7999//7471
f 7898//7571 7897//7572 7997//7473 7998//7472
f 7897//7572 7896//7573 7996//7474 7997//7473
f 7896//7573 7895//7574 7995//7475 7996//7474
f 7895//7574 7894//7575 7994//7476 7995//7475
f 7894//7575 7893//7576 7993//7477 7994//7476
f 7893//7576 7892//7577 7992//7478 7993//7477
f 7892//7577 7891//7578 7991//7479 7992//7478
f 7891//7578 7890//7579 7990//7480 7991//7479
f 7890//7579 7889//7580 7989//7481 7990//7480
f 7889//7580 7888//7581 7988//7482 7989//7481
f 7888//7581 7887//7582 7987//7483 7988//7482
f 7887//7582 7886//7583 7986//7484 7987//7483
f 7886//7583 7885//7584 7985//7485 7986//7484
f 7885//7584 7884//7585 7984//7486 7985//7485
f 7884//7585 7883//7586 7983//7487 7984//7486
f 7883//7586 7882//7587 7982//7488 7983//7487
f 7882//7587 7881//158 7981//160 7982//7488
f 115//217 7880//7588 7980//7489 117//218
f 7880//7588 7879//7589 7979//7490 7980//7489
f 7879//7589 7878//7590 7978//7491 7979//7490
f 7878//7590 7877//7591 7977//7492 7978//7491
f 7877//7591 7876//7592 7976//7493 7977//7492
f 7876//7592 7875//7593 7975//7494 7976//7493
f 7875//7593 7874//7594 7974//7495 7975//7494
f 7874//7594 7873//7595 7973//7496 7974//7495
f 7873//7595 7872//7596 7972//7497 7973//7496
f 7872//7596 7871//7597 7971//7498 7972//7497
f 7871//7597 7870//7598 7970//7499 7971//7498
f 7870//7598 7869//7599 7969//7500 7970//7499
f 7869//7599 7868//7600 7968//7501 7969//7500
f 7868//7600 7867//7601 7967//7502 7968//7501
f 7867//7601 7866//7602 7966//7503 7967//7502
f 7866//7602 7865//7603 7965//7504 7966//7503
f 7865//7603 7864//7604 7964//7505 7965//7504
f 7864//7604 7863//7605 7963//7506 7964//7505
f 7863//7605 7862//7606 7962//7507 7963//7506
f 7862//7606 7861//7607 7961//7508 7962//7507
f 7861//7607 7860//7608 7960//7509 7961//7508
f 7860//7608 7859//7609 7959//7510 7960//7509
f 7859//7609 7858//7610 7958//7511 7959//7510
f 7858//7610 7857//7611 7957//7512 7958//7511
f 7857//7611 7856//7612 7956//7513 7957//7512
f 7856//7612 7855//7613 7955//7514 7956//7513
f 7855//7613 7854//7614 7954//7515 7955//7514
f 7854//7614 7853//7615 7953//7516 7954//7515
f 7853//7615 7852//7616 7952//7517 7953//7516
f 7852//7616 7851//7617 7951//7518 7952//7517
f 7851//7617 7850//7618 7950//7519 7951//7518
f 7850//7618 7849//7619 7949//7520 7950//7519
f 7849//7619 7848//7620 7948//7521 7949//7520
f 7848//7620 7847//7621 7947//7522 7948//7521
f 7847//7621 7846//7622 7946//7523 7947//7522
f 7846//7622 7845//7623 7945//7524 7946//7523
f 7845//7623 7844//7624 7944//7525 7945//7524
f 7844//7624 7843//7625 7943//7526 7944//7525
f 7843//7625 7842//7626 7942//7527 7943//7526
f 7842//7626 7841//7627 7941//7528 7942//7527
f 7841//7627 7840//7628 7940//7529 7941//7528
f 7840//7628 7839//7629 7939//7530 7940//7529
f 7839//7629 7838//7630 7938//7531 7939//7530
f 7838//7630 7837//7631 7937//7532 7938//7531
f 7837//7631 7836//7632 7936//7533 7937//7532
f 7836//7632 7835//7633 7935//7534 7936//7533
f 7835//7633 7834//7634 7934//7535 7935//7534
f 7834//7634 7833//7635 7933//7536 7934//7535
f 7833//7635 7832//7636 7932//7537 7933//7536
f 7832//7636 7831//7637 7931//7538 7932//7537
f 7831//7637 7830//7638 7930//7539 7931//7538
f 7830//7638 7829//7639 7929//7540 7930//7539
f 7829//7639 7828//7640 7928//7541 7929//7540
f 7828//7640 7827//7641 7927//7542 7928//7541
f 7827//7641 7826//7642 7926//7543 7927//7542
f 7826//7642 7825//7643 7925//7544 7926//7543
f 7825//7643 7824//7644 7924//7545 7925//7544
f 7824//7644 7823//7645 7923//7546 7924//7545
f 7823//7645 7822//7646 7922//7547 7923//7546
f 7822//7646 7821//7647 7921//7548 7922//7547
f 7821//7647 7820//7648 7920//7549 7921//7548
f 7820//7648 7819//7649 7919//7550 7920//7549
f 7819//7649 7818//7650 7918//7551 7919//7550
f 7818//7650 7817//7651 7917//7552 7918//7551
f 7817//7651 7816//7652 7916//7553 7917//7552
f 7816//7652 7815//7653 7915//7554 7916//7553
f 7815//7653 7814//7654 7914//7555 7915//7554
f 7814//7654 7813//7655 7913//7556 7914//7555
f 7813//7655 7812//7656 7912//7557 7913//7556
f 7812//7656 7811//7657 7911//7558 7912//7557
f 7811//7657 7810//7658 7910//7559 7911//7558
f 7810//7658 7809//7659 7909//7560 7910//7559
f 7809//7659 7808//7660 7908//7561 7909//7560
f 7808//7660 7807//7661 7907//7562 7908//7561
f 7807//7661 7806//7662 7906//7563 7907//7562
f 7806//7662 7805//7663 7905//7564 7906//7563
f 7805//7663 7804//7664 7904//7565 7905//7564
f 7804//7664 7803//7665 7903//7566 7904//7565
f 7803//7665 7802//7666 7902//7567 7903//7566
f 7802//7666 7801//7667 7901//7568 7902//7567
f 7801//7667 7800//7668 7900//7569 7901//7568
f 7800//7668 7799//7669 7899//7570 7900//7569
f 7799//7669 7798//7670 7898//7571 7899//7570
f 7798//7670 7797//7671 7897//7572 7898//7571
f 7797//7671 7796//7672 7896//7573 7897//7572
f 7796//7672 7795//7673 7895//7574 7896//7573
f 7795//7673 7794//7674 7894//7575 7895//7574
f 7794//7674 7793//7675 7893//7576 7894//7575
f 7793//7675 7792//7676 7892//7577 7893//7576
f 7792//7676 7791//7677 7891//7578 7892//7577
f 7791//7677 7790//7678 7890//7579 7891//7578
f 7790//7678 7789//7679 7889//7580 7890//7579
f 7789//7679 7788//7680 7888//7581 7889//7580
f 7788//7680 7787//7681 7887//7582 7888//7581
f 7787//7681 7786//7682 7886//7583 7887//7582
f 7786//7682 7785//7683 7885//7584 7886//7583
f 7785//7683 7784//7684 7884//7585 7885//7584
f 7784//7684 7783//7685 7883//7586 7884//7585
f 7783//7685 7782//7686 7882//7587 7883//7586
f 7782//7686 7781//156 7881//158 7882//7587
f 113//216 7780//7687 7880//7588 115//217
f 7780//7687 7779//7688 7879//7589 7880//7588
f 7779//7688 7778//7689 7878//7590 7879//7589
f 7778//7689 7777//7690 7877//7591 7878//7590
f 7777//7690 7776//7691 7876//7592 7877//7591
f 7776//7691 7775//7692 7875//7593 7876//7592
f 7775//7692 7774//7693 7874//7594 7875//7593
f 7774//7693 7773//7694 7873//7595 7874//7594
f 7773//7694 7772//7695 7872//7596 7873//7595
f 7772//7695 7771//7696 7871//7597 7872//7596
f 7771//7696 7770//7697 7870//7598 7871//7597
f 7770//7697 7769//7698 7869//7599 7870//7598
f 7769//7698 7768//7699 7868//7600 7869//7599
f 7768//7699 7767//7700 7867//7601 7868//7600
f 7767//7700 7766//7701 7866//7602 7867//7601
f 7766//7701 7765//7702 7865//7603 7866//7602
f 7765//7702 7764//7703 7864//7604 7865//7603
f 7764//7703 7763//7704 7863//7605 7864//7604
f 7763//7704 7762//7705 7862//7606 7863//7605
f 7762//7705 7761//7706 7861//7607 7862//7606
f 7761//7706 7760//7707 7860//7608 7861//7607
f 7760//7707 7759//7708 7859//7609 7860//7608
f 7759//7708 7758//7709 7858//7610 7859//7609
f 7758//7709 7757//7710 7857//7611 7858//7610
f 7757//7710 7756//7711 7856//7612 7857//7611
f 7756//7711 7755//7712 7855//7613 7856//7612
f 7755//7712 7754//7713 7854//7614 7855//7613
f 7754//7713 7753//7714 7853//7615 7854//7614
f 7753//7714 7752//7715 7852//7616 7853//7615
f 7752//7715 7751//7716 7851//7617 7852//7616
f 7751//7716 7750//7717 7850//7618 7851//7617
f 7750//7717 7749//7718 7849//7619 7850//7618
f 7749//7718 7748//7719 7848//7620 7849//7619
f 7748//7719 7747//7720 7847//7621 7848//7620
f 7747//7720 7746//7721 7846//7622 7847//7621
f 7746//7721 7745//7722 7845//7623 7846//7622
f 7745//7722 7744//7723 7844//7624 7845//7623
f 7744//7723 7743//7724 7843//7625 7844//7624
f 7743//7724 7742//7725 7842//7626 7843//7625
f 7742//7725 7741//7726 7841//7627 7842//7626
f 7741//7726 7740//7727 7840//7628 7841//7627
f 7740//7727 7739//7728 7839//7629 7840//7628
f 7739//7728 7738//7729 7838//7630 7839//7629
f 7738//7729 7737//7730 7837//7631 7838//7630
f 7737//7730 7736//7731 7836//7632 7837//7631
f 7736//7731 7735//7732 7835//7633 7836//7632
f 7735//7732 7734//7733 7834//7634 7835//7633
f 7734//7733 7733//7734 7833//7635 7834//7634
f 7733//7734 7732//7735 7832//7636 7833//7635
f 7732//7735 7731//7736 7831//7637 7832//7636
f 7731//7736 7730//7737 7830//7638 7831//7637
f 7730//7737 7729//7738 7829//7639 7830//7638
f 7729//7738 7728//7739 7828//7640 7829//7639
f 7728//7739 7727//7740 7827//7641 7828//7640
f 7727//7740 7726//7741 7826//7642 7827//7641
f 7726//7741 7725//7742 7825//7643 7826//7642
f 7725//7742 7724//7743 7824//7644 7825//7643
f 7724//7743 7723//7744 7823//7645 7824//7644
f 7723//7744 7722//7745 7822//7646 7823//7645
f 7722//7745 7721//7746 7821//7647 7822//7646
f 7721//7746 7720//7747 7820//7648 7821//7647
f 7720//7747 7719//7748 7819//7649 7820//7648
f 7719//7748 7718//7749 7818//7650 7819//7649
f 7718//7749 7717//7750 7817//7651 7818//7650
f 7717//7750 7716//7751 7816//7652 7817//7651
f 7716//7751 7715//7752 7815//7653 7816//7652
f 7715//7752 7714//7753 7814//7654 7815//7653
f 7714//7753 7713//7754 7813//7655 7814//7654
f 7713//7754 7712//7755 7812//7656 7813//7655
f 7712//7755 7711//7756 7811//7657 7812//7656
f 7711//7756 7710//7757 7810//7658 7811//7657
f 7710//7757 7709//7758 7809//7659 7810//7658
f 7709//7758 7708//7759 7808//7660 7809//7659
f 7708//7759 7707//7760 7807//7661 7808//7660
f 7707//7760 7706//7761 7806//7662 7807//7661
f 7706//7761 7705//7762 7805//7663 7806//7662
f 7705//7762 7704//7763 7804//7664 7805//7663
f 7704//7763 7703//7764 7803//7665 7804//7664
f 7703//7764 7702//7765 7802//7666 7803//7665
f 7702//7765 7701//7766 7801//7667 7802//7666
f 7701//7766 7700//7767 7800//7668 7801//7667
f 7700//7767 7699//7768 7799//7669 7800//7668
f 7699//7768 7698//7769 7798//7670 7799//7669
f 7698//7769 7697//7770 7797//7671 7798//7670
f 7697//7770 7696//7771 7796//7672 7797//7671
f 7696//7771 7695//7772 7795//7673 7796//7672
f 7695//7772 7694//7773 7794//7674 7795//7673
f 7694//7773 7693//7774 7793//7675 7794//7674
f 7693//7774 7692//7775 7792//7676 7793//7675
f 7692//7775 7691//7776 7791//7677 7792//7676
f 7691//7776 7690//7777 7790//7678 7791//7677
f 7690//7777 7689//7778 7789//7679 7790//7678
f 7689//7778 7688//7779 7788//7680 7789//7679
f 7688//7779 7687//7780 7787//7681 7788//7680
f 7687//7780 7686//7781 7786//7682 7787//7681
f 7686//7781 7685//7782 7785//7683 7786//7682
f 7685//7782 7684//7783 7784//7684 7785//7683
f 7684//7783 7683//7784 7783//7685 7784//7684
f 7683//7784 7682//7785 7782//7686 7783//7685
f 7682//7785 7681//154 7781//156 7782//7686
f 111//215 7680//7786 7780//7687 113//216
f 7680//7786 7679//7787 7779//7688 7780//7687
f 7679//7787 7678//7788 7778//7689 7779//7688
f 7678//7788 7677//7789 7777//7690 7778//7689
f 7677//7789 7676//7790 7776//7691 7777//7690
f 7676//7790 7675//7791 7775//7692 7776//7691
f 7675//7791 7674//7792 7774//7693 7775//7692
f 7674//7792 7673//7793 7773//7694 7774//7693
f 7673//7793 7672//7794 7772//7695 7773//7694
f 7672//7794 7671//7795 7771//7696 7772//7695
f 7671//7795 7670//7796 7770//7697 7771//7696
f 7670//7796 7669//7797 7769//7698 7770//7697
f 7669//7797 7668//7798 7768//7699 7769//7698
f 7668//7798 7667//7799 7767//7700 7768//7699
f 7667//7799 7666//7800 7766//7701 7767//7700
f 7666//7800 7665//7801 7765//7702 7766//7701
f 7665//7801 7664//7802 7764//7703 7765//7702
f 7664//7802 7663//7803 7763//7704 7764//7703
f 7663//7803 7662//7804 7762//7705 7763//7704
f 7662//7804 7661//7805 7761//7706 7762//7705
f 7661//7805 7660//7806 7760//7707 7761//7706
f 7660//7806 7659//7807 7759//7708 7760//7707
f 7659//7807 7658//7808 7758//7709 7759//7708
f 7658//7808 7657//7809 7757//7710 7758//7709
f 7657//7809 7656//7810 7756//7711 7757//7710
f 7656//7810 7655//7811 7755//7712 7756//7711
f 7655//7811 7654//7812 7754//7713 7755//7712
f 7654//7812 7653//7813 7753//7714 7754//7713
f 7653//7813 7652//7814 7752//7715 7753//7714
f 7652//7814 7651//7815 7751//7716 7752//7715
f 7651//7815 7650//7816 7750//7717 7751//7716
f 7650//7816 7649//7817 7749//7718 7750//7717
f 7649//7817 7648//7818 7748//7719 7749//7718
f 7648//7818 7647//7819 7747//7720 7748//7719
f 7647//7819 7646//7820 7746//7721 7747//7720
f 7646//7820 7645//7821 7745//7722 7746//7721
f 7645//7821 7644//7822 7744//7723 7745//7722
f 7644//7822 7643//7823 7743//7724 7744//7723
f 7643//7823 7642//7824 7742//7725 7743//7724
f 7642//7824 7641//7825 7741//7726 7742//7725
f 7641//7825 7640//7826 7740//7727 7741//7726
f 7640//7826 7639//7827 7739//7728 7740//7727
f 7639//7827 7638//7828 7738//7729 7739//7728
f 7638//7828 7637//7829 7737//7730 7738//7729
f 7637//7829 7636//7830 7736//7731 7737//7730
f 7636//7830 7635//7831 7735//7732 7736//7731
f 7635//7831 7634//7832 7734//7733 7735//7732
f 7634//7832 7633//7833 7733//7734 7734//7733
f 7633//7833 7632//7834 7732//7735 7733//7734
f 7632//7834 7631//7835 7731//7736 7732//7735
f 7631//7835 7630//7836 7730//7737 7731//7736
f 7630//7836 7629//7837 7729//7738 7730//7737
f 7629//7837 7628//7838 7728//7739 7729//7738
f 7628//7838 7627//7839 7727//7740 7728//7739
f 7627//7839 7626//7840 7726//7741 7727//7740
f 7626//7840 7625//7841 7725//7742 7726//7741
f 7625//7841 7624//7842 7724//7743 7725//7742
f 7624//7842 7623//7843 7723//7744 7724//7743
f 7623//7843 7622//7844 7722//7745 7723//7744
f 7622//7844 7621//7845 7721//7746 7722//7745
f 7621//7845 7620//7846 7720//7747 7721//7746
f 7620//7846 7619//7847 7719//7748 7720//7747
f 7619//7847 7618//7848 7718//7749 7719//7748
f 7618//7848 7617//7849 7717//7750 7718//7749
f 7617//7849 7616//7850 7716//7751 7717//7750
f 7616//7850 7615//7851 7715//7752 7716//7751
f 7615//7851 7614//7852 7714//7753 7715//7752
f 7614//7852 7613//7853 7713//7754 7714//7753
f 7613//7853 7612//7854 7712//7755 7713//7754
f 7612//7854 7611//7855 7711//7756 7712//7755
f 7611//7855 7610//7856 7710//7757 7711//7756
f 7610//7856 7609//7857 7709//7758 7710//7757
f 7609//7857 7608//7858 7708//7759 7709//7758
f 7608//7858 7607//7859 7707//7760 7708//7759
f 7607//7859 7606//7860 7706//7761 7707//7760
f 7606//7860 7605//7861 7705//7762 7706//7761
f 7605//7861 7604//7862 7704//7763 7705//7762
f 7604//7862 7603//7863 7703//7764 7704//7763
f 7603//7863 7602//7864 7702//7765 7703//7764
f 7602//7864 7601//7865 7701//7766 7702//7765
f 7601//7865 7600//7866 7700//7767 7701//7766
f 7600//7866 7599//7867 7699//7768 7700//7767
f 7599//7867 7598//7868 7698//7769 7699//7768
f 7598//7868 7597//7869 7697//7770 7698//7769
f 7597//7869 7596//7870 7696//7771 7697//7770
f 7596//7870 7595//7871 7695//7772 7696//7771
f 7595//7871 7594//7872 7694//7773 7695//7772
f 7594//7872 7593//7873 7693//7774 7694//7773
f 7593//7873 7592//7874 7692//7775 7693//7774
f 7592//7874 7591//7875 7691//7776 7692//7775
f 7591//7875 7590//7876 7690//7777 7691//7776
f 7590//7876 7589//7877 7689//7778 7690//7777
f 7589//7877 7588//7878 7688//7779 7689//7778
f 7588//7878 7587//7879 7687//7780 7688//7779
f 7587//7879 7586//7880 7686//7781 7687//7780
f 7586//7880 7585//7881 7685//7782 7686//7781
f 7585//7881 7584//7882 7684//7783 7685//7782
f 7584//7882 7583//7883 7683//7784 7684//7783
f 7583//7883 7582//7884 7682//7785 7683//7784
f 7582//7884 7581//152 7681//154 7682//7785
f 109//214 7580//7885 7680//7786 111//215
f 7580//7885 7579//7886 7679//7787 7680//7786
f 7579//7886 7578//7887 7678//7788 7679//7787
f 7578//7887 7577//7888 7677//7789 7678//7788
f 7577//7888 7576//7889 7676//7790 7677//7789
f 7576//7889 7575//7890 7675//7791 7676//7790
f 7575//7890 7574//7891 7674//7792 7675//7791
f 7574//7891 7573//7892 7673//7793 7674//7792
f 7573//7892 7572//7893 7672//7794 7673//7793
f 7572//7893 7571//7894 7671//7795 7672//7794
f 7571//7894 7570//7895 7670//7796 7671//7795
f 7570//7895 7569//7896 7669//7797 7670//7796
f 7569//7896 7568//7897 7668//7798 7669//7797
f 7568//7897 7567//7898 7667//7799 7668//7798
f 7567//7898 7566//7899 7666//7800 7667//7799
f 7566//7899 7565//7900 7665//7801 7666//7800
f 7565//7900 7564//7901 7664//7802 7665//7801
f 7564//7901 7563//7902 7663//7803 7664//7802
f 7563//7902 7562//7903 7662//7804 7663//7803
f 7562//7903 7561//7904 7661//7805 7662//7804
f 7561//7904 7560//7905 7660//7806 7661//7805
f 7560//7905 7559//7906 7659//7807 7660//7806
f 7559//7906 7558//7907 7658//7808 7659//7807
f 7558//7907 7557//7908 7657//7809 7658//7808
f 7557//7908 7556//7909 7656//7810 7657//7809
f 7556//7909 7555//7910 7655//7811 7656//7810
f 7555//7910 7554//7911 7654//7812 7655//7811
f 7554//7911 7553//7912 7653//7813 7654//7812
f 7553//7912 7552//7913 7652//7814 7653//7813
f 7552//7913 7551//7914 7651//7815 7652//7814
f 7551//7914 7550//7915 7650//7816 7651//7815
f 7550//7915 7549//7916 7649//7817 7650//7816
f 7549//7916 7548//7917 7648//7818 7649//7817
f 7548//7917 7547//7918 7647//7819 7648//7818
f 7547//7918 7546//7919 7646//7820 7647//7819
f 7546//7919 7545//7920 7645//7821 7646//7820
f 7545//7920 7544//7921 7644//7822 7645//7821
f 7544//7921 7543//7922 7643//7823 7644//7822
f 7543//7922 7542//7923 7642//7824 7643//7823
f 7542//7923 7541//7924 7641//7825 7642//7824
f 7541//7924 7540//7925 7640//7826 7641//7825
f 7540//7925 7539//7926 7639//7827 7640//7826
f 7539//7926 7538//7927 7638//7828 7639//7827
f 7538//7927 7537//7928 7637//7829 7638//7828
f 7537//7928 7536//7929 7636//7830 7637//7829
f 7536//7929 7535//7930 7635//7831 7636//7830
f 7535//7930 7534//7931 7634//7832 7635//7831
f 7534//7931 7533//7932 7633//7833 7634//7832
f 7533//7932 7532//7933 7632//7834 7633//7833
f 7532//7933 7531//7934 7631//7835 7632//7834
f 7531//7934 7530//7935 7630//7836 7631//7835
f 7530//7935 7529//7936 7629//7837 7630//7836
f 7529//7936 7528//7937 7628//7838 7629//7837
f 7528//7937 7527//7938 7627//7839 7628//7838
f 7527//7938 7526//7939 7626//7840 7627//7839
f 7526//7939 7525//7940 7625//7841 7626//7840
f 7525//7940 7524//7941 7624//7842 7625//7841
f 7524//7941 7523//7942 7623//7843 7624//7842
f 7523//7942 7522//7943 7622//7844 7623//7843
f 7522//7943 7521//7944 7621//7845 7622//7844
f 7521//7944 7520//7945 7620//7846 7621//7845
f 7520//7945 7519//7946 7619//7847 7620//7846
f 7519//7946 7518//7947 7618//7848 7619//7847
f 7518//7947 7517//7948 7617//7849 7618//7848
f 7517//7948 7516//7949 7616//7850 7617//7849
f 7516//7949 7515//7950 7615//7851 7616//7850
f 7515//7950 7514//7951 7614//7852 7615//7851
f 7514//7951 7513//7952 7613//7853 7614//7852
f 7513//7952 7512//7953 7612//7854 7613//7853
f 7512//7953 7511//7954 7611//7855 7612//7854
f 7511//7954 7510//7955 7610//7856 7611//7855
f 7510//7955 7509//7956 7609//7857 7610//7856
f 7509//7956 7508//7957 7608//7858 7609//7857
f 7508//7957 7507//7958 7607//7859 7608//7858
f 7507//7958 7506//7959 7606//7860 7607//7859
f 7506//7959 7505//7960 7605//7861 7606//7860
f 7505//7960 7504//7961 7604//7862 7605//7861
f 7504//7961 7503//7962 7603//7863 7604//7862
f 7503//7962 7502//7963 7602//7864 7603//7863
f 7502//7963 7501//7964 7601//7865 7602//7864
f 7501//7964 7500//7965 7600//7866 7601//7865
f 7500//7965 7499//7966 7599//7867 7600//7866
f 7499//7966 7498//7967 7598//7868 7599//7867
f 7498//7967 7497//7968 7597//7869 7598//7868
f 7497//7968 7496//7969 7596//7870 7597//7869
f 7496//7969 7495//7970 7595//7871 7596//7870
f 7495//7970 7494//7971 7594//7872 7595//7871
f 7494//7971 7493//7972 7593//7873 7594//7872
f 7493//7972 7492//7973 7592//7874 7593//7873
f 7492//7973 7491//7974 7591//7875 7592//7874
f 7491//7974 7490//7975 7590//7876 7591//7875
f 7490//7975 7489//7976 7589//7877 7590//7876
f 7489//7976 7488//7977 7588//7878 7589//7877
f 7488//7977 7487//7978 7587//7879 7588//7878
f 7487//7978 7486//7979 7586//7880 7587//7879
f 7486//7979 7485//7980 7585//7881 7586//7880
f 7485//7980 7484//7981 7584//7882 7585//7881
f 7484//7981 7483//7982 7583//7883 7584//7882
f 7483//7982 7482//7983 7582//7884 7583//7883
f 7482//7983 7481//150 7581//152 7582//7884
f 107//213 7480//7984 7580//7885 109//214
f 7480//7984 7479//7985 7579//7886 7580//7885
f 7479//7985 7478//7986 7578//7887 7579//7886
f 7478//7986 7477//7987 7577//7888 7578//7887
f 7477//7987 7476//7988 7576//7889 7577//7888
f 7476//7988 7475//7989 7575//7890 7576//7889
f 7475//7989 7474//7990 7574//7891 7575//7890
f 7474//7990 7473//7991 7573//7892 7574//7891
f 7473//7991 7472//7992 7572//7893 7573//7892
f 7472//7992 7471//7993 7571//7894 7572//7893
f 7471//7993 7470//7994 7570//7895 7571//7894
f 7470//7994 7469//7995 7569//7896 7570//7895
f 7469//7995 7468//7996 7568//7897 7569//7896
f 7468//7996 7467//7997 7567//7898 7568//7897
f 7467//7997 7466//7998 7566//7899 7567//7898
f 7466//7998 7465//7999 7565//7900 7566//7899
f 7465//7999 7464//8000 7564//7901 7565//7900
f 7464//8000 7463//8001 7563//7902 7564//7901
f 7463//8001 7462//8002 7562//7903 7563//7902
f 7462//8002 7461//8003 7561//7904 7562//7903
f 7461//8003 7460//8004 7560//7905 7561//7904
f 7460//8004 7459//8005 7559//7906 7560//7905
f 7459//8005 7458//8006 7558//7907 7559//7906
f 7458//8006 7457//8007 7557//7908 7558//7907
f 7457//8007 7456//8008 7556//7909 7557//7908
f 7456//8008 7455//8009 7555//7910 7556//7909
f 7455//8009 7454//8010 7554//7911 7555//7910
f 7454//8010 7453//8011 7553//7912 7554//7911
f 7453//8011 7452//8012 7552//7913 7553//7912
f 7452//8012 7451//8013 7551//7914 7552//7913
f 7451//8013 7450//8014 7550//7915 7551//7914
f 7450//8014 7449//8015 7549//7916 7550//7915
f 7449//8015 7448//8016 7548//7917 7549//7916
f 7448//8016 7447//8017 7547//7918 7548//7917
f 7447//8017 7446//8018 7546//7919 7547//7918
f 7446//8018 7445//8019 7545//7920 7546//7919
f 7445//8019 7444//8020 7544//7921 7545//7920
f 7444//8020 7443//8021 7543//7922 7544//7921
f 7443//8021 7442//8022 7542//7923 7543//7922
f 7442//8022 7441//8023 7541//7924 7542//7923
f 7441//8023 7440//8024 7540//7925 7541//7924
f 7440//8024 7439//8025 7539//7926 7540//7925
f 7439//8025 7438//8026 7538//7927 7539//7926
f 7438//8026 7437//8027 7537//7928 7538//7927
f 7437//8027 7436//8028 7536//7929 7537//7928
f 7436//8028 7435//8029 7535//7930 7536//7929
f 7435//8029 7434//8030 7534//7931 7535//7930
f 7434//8030 7433//8031 7533//7932 7534//7931
f 7433//8031 7432//8032 7532//7933 7533//7932
f 7432//8032 7431//8033 7531//7934 7532//7933
f 7431//8033 7430//8034 7530//7935 7531//7934
f 7430//8034 7429//8035 7529//7936 7530//7935
f 7429//8035 7428//8036 7528//7937 7529//7936
f 7428//8036 7427//8037 7527//7938 7528//7937
f 7427//8037 7426//8038 7526//7939 7527//7938
f 7426//8038 7425//8039 7525//7940 7526//7939
f 7425//8039 7424//8040 7524//7941 7525//7940
f 7424//8040 7423//8041 7523//7942 7524//7941
f 7423//8041 7422//8042 7522//7943 7523//7942
f 7422//8042 7421//8043 7521//7944 7522//7943
f 7421//8043 7420//8044 7520//7945 7521//7944
f 7420//8044 7419//8045 7519//7946 7520//7945
f 7419//8045 7418//8046 7518//7947 7519//7946
f 7418//8046 7417//8047 7517//7948 7518//7947
f 7417//8047 7416//8048 7516//7949 7517//7948
f 7416//8048 7415//8049 7515//7950 7516//7949
f 7415//8049 7414//8050 7514//7951 7515//7950
f 7414//8050 7413//8051 7513//7952 7514//7951
f 7413//8051 7412//8052 7512//7953 7513//7952
f 7412//8052 7411//8053 7511//7954 7512//7953
f 7411//8053 7410//8054 7510//7955 7511//7954
f 7410//8054 7409//8055 7509//7956 7510//7955
f 7409//8055 7408//8056 7508//7957 7509//7956
f 7408//8056 7407//8057 7507//7958 7508//7957
f 7407//8057 7406//8058 7506//7959 7507//7958
f 7406//8058 7405//8059 7505//7960 7506//7959
f 7405//8059 7404//8060 7504//7961 7505//7960
f 7404//8060 7403//8061 7503//7962 7504//7961
f 7403//8061 7402//8062 7502//7963 7503//7962
f 7402//8062 7401//8063 7501//7964 7502//7963
f 7401//8063 7400//8064 7500//7965 7501//7964
f 7400//8064 7399//8065 7499//7966 7500//7965
f 7399//8065 7398//8066 7498//7967 7499//7966
f 7398//8066 7397//8067 7497//7968 7498//7967
f 7397//8067 7396//8068 7496//7969 7497//7968
f 7396//8068 7395//8069 7495//7970 7496//7969
f 7395//8069 7394//8070 7494//7971 7495//7970
f 7394//8070 7393//8071 7493//7972 7494//7971
f 7393//8071 7392//8072 7492//7973 7493//7972
f 7392//8072 7391//8073 7491//7974 7492//7973
f 7391//8073 7390//8074 7490//7975 7491//7974
f 7390//8074 7389//8075 7489//7976 7490//7975
f 7389//8075 7388//8076 7488//7977 7489//7976
f 7388//8076 7387//8077 7487//7978 7488//7977
f 7387//8077 7386//8078 7486//7979 7487//7978
f 7386//8078 7385//8079 7485//7980 7486//7979
f 7385//8079 7384//8080 7484//7981 7485//7980
f 7384//8080 7383//8081 7483//7982 7484//7981
f 7383//8081 7382//8082 7482//7983 7483//7982
f 7382//8082 7381//148 7481//150 7482//7983
f 105//212 7380//8083 7480//7984 107//213
f 7380//8083 7379//8084 7479//7985 7480//7984
f 7379//8084 7378//8085 7478//7986 7479//7985
f 7378//8085 7377//8086 7477//7987 7478//7986
f 7377//8086 7376//8087 7476//7988 7477//7987
f 7376//8087 7375//8088 7475//7989 7476//7988
f 7375//8088 7374//8089 7474//7990 7475//7989
f 7374//8089 7373//8090 7473//7991 7474//7990
f 7373//8090 7372//8091 7472//7992 7473//7991
f 7372//8091 7371//8092 7471//7993 7472//7992
f 7371//8092 7370//8093 7470//7994 7471//7993
f 7370//8093 7369//8094 7469//7995 7470//7994
f 7369//8094 7368//8095 7468//7996 7469//7995
f 7368//8095 7367//8096 7467//7997 7468//7996
f 7367//8096 7366//8097 7466//7998 7467//7997
f 7366//8097 7365//8098 7465//7999 7466//7998
f 7365//8098 7364//8099 7464//8000 7465//7999
f 7364//8099 7363//8100 7463//8001 7464//8000
f 7363//8100 7362//8101 7462//8002 7463//8001
f 7362//8101 7361//8102 7461//8003 7462//8002
f 7361//8102 7360//8103 7460//8004 7461//8003
f 7360//8103 7359//8104 7459//8005 7460//8004
f 7359//8104 7358//8105 7458//8006 7459//8005
f 7358//8105 7357//8106 7457//8007 7458//8006
f 7357//8106 7356//8107 7456//8008 7457//8007
f 7356//8107 7355//8108 7455//8009 7456//8008
f 7355//8108 7354//8109 7454//8010 7455//8009
f 7354//8109 7353//8110 7453//8011 7454//8010
f 7353//8110 7352//8111 7452//8012 7453//8011
f 7352//8111 7351//8112 7451//8013 7452//8012
f 7351//8112 7350//8113 7450//8014 7451//8013
f 7350//8113 7349//8114 7449//8015 7450//8014
f 7349//8114 7348//8115 7448//8016 7449//8015
f 7348//8115 7347//8116 7447//8017 7448//8016
f 7347//8116 7346//8117 7446//8018 7447//8017
f 7346//8117 7345//8118 7445//8019 7446//8018
f 7345//8118 7344//8119 7444//8020 7445//8019
f 7344//8119 7343//8120 7443//8021 7444//8020
f 7343//8120 7342//8121 7442//8022 7443//8021
f 7342//8121 7341//8122 7441//8023 7442//8022
f 7341//8122 7340//8123 7440//8024 7441//8023
f 7340//8123 7339//8124 7439//8025 7440//8024
f 7339//8124 7338//8125 7438//8026 7439//8025
f 7338//8125 7337//8126 7437//8027 7438//8026
f 7337//8126 7336//8127 7436//8028 7437//8027
f 7336//8127 7335//8128 7435//8029 7436//8028
f 7335//8128 7334//8129 7434//8030 7435//8029
f 7334//8129 7333//8130 7433//8031 7434//8030
f 7333//8130 7332//8131 7432//8032 7433//8031
f 7332//8131 7331//8132 7431//8033 7432//8032
f 7331//8132 7330//8133 7430//8034 7431//8033
f 7330//8133 7329//8134 7429//8035 7430//8034
f 7329//8134 7328//8135 7428//8036 7429//8035
f 7328//8135 7327//8136 7427//8037 7428//8036
f 7327//8136 7326//8137 7426//8038 7427//8037
f 7326//8137 7325//8138 7425//8039 7426//8038
f 7325//8138 7324//8139 7424//8040 7425//8039
f 7324//8139 7323//8140 7423//8041 7424//8040
f 7323//8140 7322//8141 7422//8042 7423//8041
f 7322//8141 7321//8142 7421//8043 7422//8042
f 7321//8142 7320//8143 7420//8044 7421//8043
f 7320//8143 7319//8144 7419//8045 7420//8044
f 7319//8144 7318//8145 7418//8046 7419//8045
f 7318//8145 7317//8146 7417//8047 7418//8046
f 7317//8146 7316//8147 7416//8048 7417//8047
f 7316//8147 7315//8148 7415//8049 7416//8048
f 7315//8148 7314//8149 7414//8050 7415//8049
f 7314//8149 7313//8150 7413//8051 7414//8050
f 7313//8150 7312//8151 7412//8052 7413//8051
f 7312//8151 7311//8152 7411//8053 7412//8052
f 7311//8152 7310//8153 7410//8054 7411//8053
f 7310//8153 7309//8154 7409//8055 7410//8054
f 7309//8154 7308//8155 7408//8056 7409//8055
f 7308//8155 7307//8156 7407//8057 7408//8056
f 7307//8156 7306//8157 7406//8058 7407//8057
f 7306//8157 7305//8158 7405//8059 7406//8058
f 7305//8158 7304//8159 7404//8060 7405//8059
f 7304//8159 7303//8160 7403//8061 7404//8060
f 7303//8160 7302//8161 7402//8062 7403//8061
f 7302//8161 7301//8162 7401//8063 7402//8062
f 7301//8162 7300//8163 7400//8064 7401//8063
f 7300//8163 7299//8164 7399//8065 7400//8064
f 7299//8164 7298//8165 7398//8066 7399//8065
f 7298//8165 7297//8166 7397//8067 7398//8066
f 7297//8166 7296//8167 7396//8068 7397//8067
f 7296//8167 7295//8168 7395//8069 7396//8068
f 7295//8168 7294//8169 7394//8070 7395//8069
f 7294//8169 7293//8170 7393//8071 7394//8070
f 7293//8170 7292//8171 7392//8072 7393//8071
f 7292//8171 7291//8172 7391//8073 7392//8072
f 7291//8172 7290//8173 7390//8074 7391//8073
f 7290//8173 7289//8174 7389//8075 7390//8074
f 7289//8174 7288//8175 7388//8076 7389//8075
f 7288//8175 7287//8176 7387//8077 7388//8076
f 7287//8176 7286//8177 7386//8078 7387//8077
f 7286//8177 7285//8178 7385//8079 7386//8078
f 7285//8178 7284//8179 7384//8080 7385//8079
f 7284//8179 7283//8180 7383//8081 7384//8080
f 7283//8180 7282//8181 7382//8082 7383//8081
f 7282//8181 7281//146 7381//148 7382//8082
f 103//211 7280//8182 7380//8083 105//212
f 7280//8182 7279//8183 7379//8084 7380//8083
f 7279//8183 7278//8184 7378//8085 7379//8084
f 7278//8184 7277//8185 7377//8086 7378//8085
f 7277//8185 7276//8186 7376//8087 7377//8086
f 7276//8186 7275//8187 7375//8088 7376//8087
f 7275//8187 7274//8188 7374//8089 7375//8088
f 7274//8188 7273//8189 7373//8090 7374//8089
f 7273//8189 7272//8190 7372//8091 7373//8090
f 7272//8190 7271//8191 7371//8092 7372//8091
f 7271//8191 7270//8192 7370//8093 7371//8092
f 7270//8192 7269//8193 7369//8094 7370//8093
f 7269//8193 7268//8194 7368//8095 7369//8094
f 7268//8194 7267//8195 7367//8096 7368//8095
f 7267//8195 7266//8196 7366//8097 7367//8096
f 7266//8196 7265//8197 7365//8098 7366//8097
f 7265//8197 7264//8198 7364//8099 7365//8098
f 7264//8198 7263//8199 7363//8100 7364//8099
f 7263//8199 7262//8200 7362//8101 7363//8100
f 7262//8200 7261//8201 7361//8102 7362//8101
f 7261//8201 7260//8202 7360//8103 7361//8102
f 7260//8202 7259//8203 7359//8104 7360//8103
f 7259//8203 7258//8204 7358//8105 7359//8104
f 7258//8204 7257//8205 7357//8106 7358//8105
f 7257//8205 7256//8206 7356//8107 7357//8106
f 7256//8206 7255//8207 7355//8108 7356//8107
f 7255//8207 7254//8208 7354//8109 7355//8108
f 7254//8208 7253//8209 7353//8110 7354//8109
f 7253//8209 7252//8210 7352//8111 7353//8110
f 7252//8210 7251//8211 7351//8112 7352//8111
f 7251//8211 7250//8212 7350//8113 7351//8112
f 7250//8212 7249//8213 7349//8114 7350//8113
f 7249//8213 7248//8214 7348//8115 7349//8114
f 7248//8214 7247//8215 7347//8116 7348//8115
f 7247//8215 7246//8216 7346//8117 7347//8116
f 7246//8216 7245//8217 7345//8118 7346//8117
f 7245//8217 7244//8218 7344//8119 7345//8118
f 7244//8218 7243//8219 7343//8120 7344//8119
f 7243//8219 7242//8220 7342//8121 7343//8120
f 7242//8220 7241//8221 7341//8122 7342//8121
f 7241//8221 7240//8222 7340//8123 7341//8122
f 7240//8222 7239//8223 7339//8124 7340//8123
f 7239//8223 7238//8224 7338//8125 7339//8124
f 7238//8224 7237//8225 7337//8126 7338//8125
f 7237//8225 7236//8226 7336//8127 7337//8126
f 7236//8226 7235//8227 7335//8128 7336//8127
f 7235//8227 7234//8228 7334//8129 7335//8128
f 7234//8228 7233//8229 7333//8130 7334//8129
f 7233//8229 7232//8230 7332//8131 7333//8130
f 7232//8230 7231//8231 7331//8132 7332//8131
f 7231//8231 7230//8232 7330//8133 7331//8132
f 7230//8232 7229//8233 7329//8134 7330//8133
f 7229//8233 7228//8234 7328//8135 7329//8134
f 7228//8234 7227//8235 7327//8136 7328//8135
f 7227//8235 7226//8236 7326//8137 7327//8136
f 7226//8236 7225//8237 7325//8138 7326//8137
f 7225//8237 7224//8238 7324//8139 7325//8138
f 7224//8238 7223//8239 7323//8140 7324//8139
f 7223//8239 7222//8240 7322//8141 7323//8140
f 7222//8240 7221//8241 7321//8142 7322//8141
f 7221//8241 7220//8242 7320//8143 7321//8142
f 7220//8242 7219//8243 7319//8144 7320//8143
f 7219//8243 7218//8244 7318//8145 7319//8144
f 7218//8244 7217//8245 7317//8146 7318//8145
f 7217//8245 7216//8246 7316//8147 7317//8146
f 7216//8246 7215//8247 7315//8148 7316//8147
f 7215//8247 7214//8248 7314//8149 7315//8148
f 7214//8248 7213//8249 7313//8150 7314//8149
f 7213//8249 7212//8250 7312//8151 7313//8150
f 7212//8250 7211//8251 7311//8152 7312//8151
f 7211//8251 7210//8252 7310//8153 7311//8152
f 7210//8252 7209//8253 7309//8154 7310//8153
f 7209//8253 7208//8254 7308//8155 7309//8154
f 7208//8254 7207//8255 7307//8156 7308//8155
f 7207//8255 7206//8256 7306//8157 7307//8156
f 7206//8256 7205//8257 7305//8158 7306//8157
f 7205//8257 7204//8258 7304//8159 7305//8158
f 7204//8258 7203//8259 7303//8160 7304//8159
f 7203//8259 7202//8260 7302//8161 7303//8160
f 7202//8260 7201//8261 7301//8162 7302//8161
f 7201//8261 7200//8262 7300//8163 7301//8162
f 7200//8262 7199//8263 7299//8164 7300//8163
f 7199//8263 7198//8264 7298//8165 7299//8164
f 7198//8264 7197//8265 7297//8166 7298//8165
f 7197//8265 7196//8266 7296//8167 7297//8166
f 7196//8266 7195//8267 7295//8168 7296//8167
f 7195//8267 7194//8268 7294//8169 7295//8168
f 7194//8268 7193//8269 7293//8170 7294//8169
f 7193//8269 7192//8270 7292//8171 7293//8170
f 7192//8270 7191//8271 7291//8172 7292//8171
f 7191//8271 7190//8272 7290//8173 7291//8172
f 7190//8272 7189//8273 7289//8174 7290//8173
f 7189//8273 7188//8274 7288//8175 7289//8174
f 7188//8274 7187//8275 7287//8176 7288//8175
f 7187//8275 7186//8276 7286//8177 7287//8176
f 7186//8276 7185//8277 7285//8178 7286//8177
f 7185//8277 7184//8278 7284//8179 7285//8178
f 7184//8278 7183//8279 7283//8180 7284//8179
f 7183//8279 7182//8280 7282//8181 7283//8180
f 7182//8280 7181//144 7281//146 7282//8181
f 101//210 7180//8281 7280//8182 103//211
f 7180//8281 7179//8282 7279//8183 7280//8182
f 7179//8282 7178//8283 7278//8184 7279//8183
f 7178//8283 7177//8284 7277//8185 7278//8184
f 7177//8284 7176//8285 7276//8186 7277//8185
f 7176//8285 7175//8286 7275//8187 7276//8186
f 7175//8286 7174//8287 7274//8188 7275//8187
f 7174//8287 7173//8288 7273//8189 7274//8188
f 7173//8288 7172//8289 7272//8190 7273//8189
f 7172//8289 7171//8290 7271//8191 7272//8190
f 7171//8290 7170//8291 7270//8192 7271//8191
f 7170//8291 7169//8292 7269//8193 7270//8192
f 7169//8292 7168//8293 7268//8194 7269//8193
f 7168//8293 7167//8294 7267//8195 7268//8194
f 7167//8294 7166//8295 7266//8196 7267//8195
f 7166//8295 7165//8296 7265//8197 7266//8196
f 7165//8296 7164//8297 7264//8198 7265//8197
f 7164//8297 7163//8298 7263//8199 7264//8198
f 7163//8298 7162//8299 7262//8200 7263//8199
f 7162//8299 7161//8300 7261//8201 7262//8200
f 7161//8300 7160//8301 7260//8202 7261//8201
f 7160//8301 7159//8302 7259//8203 7260//8202
f 7159//8302 7158//8303 7258//8204 7259//8203
f 7158//8303 7157//8304 7257//8205 7258//8204
f 7157//8304 7156//8305 7256//8206 7257//8205
f 7156//8305 7155//8306 7255//8207 7256//8206
f 7155//8306 7154//8307 7254//8208 7255//8207
f 7154//8307 7153//8308 7253//8209 7254//8208
f 7153//8308 7152//8309 7252//8210 7253//8209
f 7152//8309 7151//8310 7251//8211 7252//8210
f 7151//8310 7150//8311 7250//8212 7251//8211
f 7150//8311 7149//8312 7249//8213 7250//8212
f 7149//8312 7148//8313 7248//8214 7249//8213
f 7148//8313 7147//8314 7247//8215 7248//8214
f 7147//8314 7146//8315 7246//8216 7247//8215
f 7146//8315 7145//8316 7245//8217 7246//8216
f 7145//8316 7144//8317 7244//8218 7245//8217
f 7144//8317 7143//8318 7243//8219 7244//8218
f 7143//8318 7142//8319 7242//8220 7243//8219
f 7142//8319 7141//8320 7241//8221 7242//8220
f 7141//8320 7140//8321 7240//8222 7241//8221
f 7140//8321 7139//8322 7239//8223 7240//8222
f 7139//8322 7138//8323 7238//8224 7239//8223
f 7138//8323 7137//8324 7237//8225 7238//8224
f 7137//8324 7136//8325 7236//8226 7237//8225
f 7136//8325 7135//8326 7235//8227 7236//8226
f 7135//8326 7134//8327 7234//8228 7235//8227
f 7134//8327 7133//8328 7233//8229 7234//8228
f 7133//8328 7132//8329 7232//8230 7233//8229
f 7132//8329 7131//8330 7231//8231 7232//8230
f 7131//8330 7130//8331 7230//8232 7231//8231
f 7130//8331 7129//8332 7229//8233 7230//8232
f 7129//8332 7128//8333 7228//8234 7229//8233
f 7128//8333 7127//8334 7227//8235 7228//8234
f 7127//8334 7126//8335 7226//8236 7227//8235
f 7126//8335 7125//8336 7225//8237 7226//8236
f 7125//8336 7124//8337 7224//8238 7225//8237
f 7124//8337 7123//8338 7223//8239 7224//8238
f 7123//8338 7122//8339 7222//8240 7223//8239
f 7122//8339 7121//8340 7221//8241 7222//8240
f 7121//8340 7120//8341 7220//8242 7221//8241
f 7120//8341 7119//8342 7219//8243 7220//8242
f 7119//8342 7118//8343 7218//8244 7219//8243
f 7118//8343 7117//8344 7217//8245 7218//8244
f 7117//8344 7116//8345 7216//8246 7217//8245
f 7116//8345 7115//8346 7215//8247 7216//8246
f 7115//8346 7114//8347 7214//8248 7215//8247
f 7114//8347 7113//8348 7213//8249 7214//8248
f 7113//8348 7112//8349 7212//8250 7213//8249
f 7112//8349 7111//8350 7211//8251 7212//8250
f 7111//8350 7110//8351 7210//8252 7211//8251
f 7110//8351 7109//8352 7209//8253 7210//8252
f 7109//8352 7108//8353 7208//8254 7209//8253
f 7108//8353 7107//8354 7207//8255 7208//8254
f 7107//8354 7106//8355 7206//8256 7207//8255
f 7106//8355 7105//8356 7205//8257 7206//8256
f 7105//8356 7104//8357 7204//8258 7205//8257
f 7104//8357 7103//8358 7203//8259 7204//8258
f 7103//8358 7102//8359 7202//8260 7203//8259
f 7102//8359 7101//8360 7201//8261 7202//8260
f 7101//8360 7100//8361 7200//8262 7201//8261
f 7100//8361 7099//8362 7199//8263 7200//8262
f 7099//8362 7098//8363 7198//8264 7199//8263
f 7098//8363 7097//8364 7197//8265 7198//8264
f 7097//8364 7096//8365 7196//8266 7197//8265
f 7096//8365 7095//8366 7195//8267 7196//8266
f 7095//8366 7094//8367 7194//8268 7195//8267
f 7094//8367 7093//8368 7193//8269 7194//8268
f 7093//8368 7092//8369 7192//8270 7193//8269
f 7092//8369 7091//8370 7191//8271 7192//8270
f 7091//8370 7090//8371 7190//8272 7191//8271
f 7090//8371 7089//8372 7189//8273 7190//8272
f 7089//8372 7088//8373 7188//8274 7189//8273
f 7088//8373 7087//8374 7187//8275 7188//8274
f 7087//8374 7086//8375 7186//8276 7187//8275
f 7086//8375 7085//8376 7185//8277 7186//8276
f 7085//8376 7084//8377 7184//8278 7185//8277
f 7084//8377 7083//8378 7183//8279 7184//8278
f 7083//8378 7082//8379 7182//8280 7183//8279
f 7082//8379 7081//142 7181//144 7182//8280
f 99//209 7080//8380 7180//8281 101//210
f 7080//8380 7079//8381 7179//8282 7180//8281
f 7079//8381 7078//8382 7178//8283 7179//8282
f 7078//8382 7077//8383 7177//8284 7178//8283
f 7077//8383 7076//8384 7176//8285 7177//8284
f 7076//8384 7075//8385 7175//8286 7176//8285
f 7075//8385 7074//8386 7174//8287 7175//8286
f 7074//8386 7073//8387 7173//8288 7174//8287
f 7073//8387 7072//8388 7172//8289 7173//8288
f 7072//8388 7071//8389 7171//8290 7172//8289
f 7071//8389 7070//8390 7170//8291 7171//8290
f 7070//8390 7069//8391 7169//8292 7170//8291
f 7069//8391 7068//8392 7168//8293 7169//8292
f 7068//8392 7067//8393 7167//8294 7168//8293
f 7067//8393 7066//8394 7166//8295 7167//8294
f 7066//8394 7065//8395 7165//8296 7166//8295
f 7065//8395 7064//8396 7164//8297 7165//8296
f 7064//8396 7063//8397 7163//8298 7164//8297
f 7063//8397 7062//8398 7162//8299 7163//8298
f 7062//8398 7061//8399 7161//8300 7162//8299
f 7061//8399 7060//8400 7160//8301 7161//8300
f 7060//8400 7059//8401 7159//8302 7160//8301
f 7059//8401 7058//8402 7158//8303 7159//8302
f 7058//8402 7057//8403 7157//8304 7158//8303
f 7057//8403 7056//8404 7156//8305 7157//8304
f 7056//8404 7055//8405 7155//8306 7156//8305
f 7055//8405 7054//8406 7154//8307 7155//8306
f 7054//8406 7053//8407 7153//8308 7154//8307
f 7053//8407 7052//8408 7152//8309 7153//8308
f 7052//8408 7051//8409 7151//8310 7152//8309
f 7051//8409 7050//8410 7150//8311 7151//8310
f 7050//8410 7049//8411 7149//8312 7150//8311
f 7049//8411 7048//8412 7148//8313 7149//8312
f 7048//8412 7047//8413 7147//8314 7148//8313
f 7047//8413 7046//8414 7146//8315 7147//8314
f 7046//8414 7045//8415 7145//8316 7146//8315
f 7045//8415 7044//8416 7144//8317 7145//8316
f 7044//8416 7043//8417 7143//8318 7144//8317
f 7043//8417 7042//8418 7142//8319 7143//8318
f 7042//8418 7041//8419 7141//8320 7142//8319
f 7041//8419 7040//8420 7140//8321 7141//8320
f 7040//8420 7039//8421 7139//8322 7140//8321
f 7039//8421 7038//8422 7138//8323 7139//8322
f 7038//8422 7037//8423 7137//8324 7138//8323
f 7037//8423 7036//8424 7136//8325 7137//8324
f 7036//8424 7035//8425 7135//8326 7136//8325
f 7035//8425 7034//8426 7134//8327 7135//8326
f 7034//8426 7033//8427 7133//8328 7134//8327
f 7033//8427 7032//8428 7132//8329 7133//8328
f 7032//8428 7031//8429 7131//8330 7132//8329
f 7031//8429 7030//8430 7130//8331 7131//8330
f 7030//8430 7029//8431 7129//8332 7130//8331
f 7029//8431 7028//8432 7128//8333 7129//8332
f 7028//8432 7027//8433 7127//8334 7128//8333
f 7027//8433 7026//8434 7126//8335 7127//8334
f 7026//8434 7025//8435 7125//8336 7126//8335
f 7025//8435 7024//8436 7124//8337 7125//8336
f 7024//8436 7023//8437 7123//8338 7124//8337
f 7023//8437 7022//8438 7122//8339 7123//8338
f 7022//8438 7021//8439 7121//8340 7122//8339
f 7021//8439 7020//8440 7120//8341 7121//8340
f 7020//8440 7019//8441 7119//8342 7120//8341
f 7019//8441 7018//8442 7118//8343 7119//8342
f 7018//8442 7017//8443 7117//8344 7118//8343
f 7017//8443 7016//8444 7116//8345 7117//8344
f 7016//8444 7015//8445 7115//8346 7116//8345
f 7015//8445 7014//8446 7114//8347 7115//8346
f 7014//8446 7013//8447 7113//8348 7114//8347
f 7013//8447 7012//8448 7112//8349 7113//8348
f 7012//8448 7011//8449 7111//8350 7112//8349
f 7011//8449 7010//8450 7110//8351 7111//8350
f 7010//8450 7009//8451 7109//8352 7110//8351
f 7009//8451 7008//8452 7108//8353 7109//8352
f 7008//8452 7007//8453 7107//8354 7108//8353
f 7007//8453 7006//8454 7106//8355 7107//8354
f 7006//8454 7005//8455 7105//8356 7106//8355
f 7005//8455 7004//8456 7104//8357 7105//8356
f 7004//8456 7003//8457 7103//8358 7104//8357
f 7003//8457 7002//8458 7102//8359 7103//8358
f 7002//8458 7001//8459 7101//8360 7102//8359
f 7001//8459 7000//8460 7100//8361 7101//8360
f 7000//8460 6999//8461 7099//8362 7100//8361
f 6999//8461 6998//8462 7098//8363 7099//8362
f 6998//8462 6997//8463 7097//8364 7098//8363
f 6997//8463 6996//8464 7096//8365 7097//8364
f 6996//8464 6995//8465 7095//8366 7096//8365
f 6995//8465 6994//8466 7094//8367 7095//8366
f 6994//8466 6993//8467 7093//8368 7094//8367
f 6993//8467 6992//8468 7092//8369 7093//8368
f 6992//8468 6991//8469 7091//8370 7092//8369
f 6991//8469 6990//8470 7090//8371 7091//8370
f 6990//8470 6989//8471 7089//8372 7090//8371
f 6989//8471 6988//8472 7088//8373 7089//8372
f 6988//8472 6987//8473 7087//8374 7088//8373
f 6987//8473 6986//8474 7086//8375 7087//8374
f 6986//8474 6985//8475 7085//8376 7086//8375
f 6985//8475 6984//8476 7084//8377 7085//8376
f 6984//8476 6983//8477 7083//8378 7084//8377
f 6983//8477 6982//8478 7082//8379 7083//8378
f 6982//8478 6981//140 7081//142 7082//8379
f 97//208 6980//8479 7080//8380 99//209
f 6980//8479 6979//8480 7079//8381 7080//8380
f 6979//8480 6978//8481 7078//8382 7079//8381
f 6978//8481 6977//8482 7077//8383 7078//8382
f 6977//8482 6976//8483 7076//8384 7077//8383
f 6976//8483 6975//8484 7075//8385 7076//8384
f 6975//8484 6974//8485 7074//8386 7075//8385
f 6974//8485 6973//8486 7073//8387 7074//8386
f 6973//8486 6972//8487 7072//8388 7073//8387
f 6972//8487 6971//8488 7071//8389 7072//8388
f 6971//8488 6970//8489 7070//8390 7071//8389
f 6970//8489 6969//8490 7069//8391 7070//8390
f 6969//8490 6968//8491 7068//8392 7069//8391
f 6968//8491 6967//8492 7067//8393 7068//8392
f 6967//8492 6966//8493 7066//8394 7067//8393
f 6966//8493 6965//8494 7065//8395 7066//8394
f 6965//8494 6964//8495 7064//8396 7065//8395
f 6964//8495 6963//8496 7063//8397 7064//8396
f 6963//8496 6962//8497 7062//8398 7063//8397
f 6962//8497 6961//8498 7061//8399 7062//8398
f 6961//8498 6960//8499 7060//8400 7061//8399
f 6960//8499 6959//8500 7059//8401 7060//8400
f 6959//8500 6958//8501 7058//8402 7059//8401
f 6958//8501 6957//8502 7057//8403 7058//8402
f 6957//8502 6956//8503 7056//8404 7057//8403
f 6956//8503 6955//8504 7055//8405 7056//8404
f 6955//8504 6954//8505 7054//8406 7055//8405
f 6954//8505 6953//8506 7053//8407 7054//8406
f 6953//8506 6952//8507 7052//8408 7053//8407
f 6952//8507 6951//8508 7051//8409 7052//8408
f 6951//8508 6950//8509 7050//8410 7051//8409
f 6950//8509 6949//8510 7049//8411 7050//8410
f 6949//8510 6948//8511 7048//8412 7049//8411
f 6948//8511 6947//8512 7047//8413 7048//8412
f 6947//8512 6946//8513 7046//8414 7047//8413
f 6946//8513 6945//8514 7045//8415 7046//8414
f 6945//8514 6944//8515 7044//8416 7045//8415
f 6944//8515 6943//8516 7043//8417 7044//8416
f 6943//8516 6942//8517 7042//8418 7043//8417
f 6942//8517 6941//8518 7041//8419 7042//8418
f 6941//8518 6940//8519 7040//8420 7041//8419
f 6940//8519 6939//8520 7039//8421 7040//8420
f 6939//8520 6938//8521 7038//8422 7039//8421
f 6938//8521 6937//8522 7037//8423 7038//8422
f 6937//8522 6936//8523 7036//8424 7037//8423
f 6936//8523 6935//8524 7035//8425 7036//8424
f 6935//8524 6934//8525 7034//8426 7035//8425
f 6934//8525 6933//8526 7033//8427 7034//8426
f 6933//8526 6932//8527 7032//8428 7033//8427
f 6932//8527 6931//8528 7031//8429 7032//8428
f 6931//8528 6930//8529 7030//8430 7031//8429
f 6930//8529 6929//8530 7029//8431 7030//8430
f 6929//8530 6928//8531 7028//8432 7029//8431
f 6928//8531 6927//8532 7027//8433 7028//8432
f 6927//8532 6926//8533 7026//8434 7027//8433
f 6926//8533 6925//8534 7025//8435 7026//8434
f 6925//8534 6924//8535 7024//8436 7025//8435
f 6924//8535 6923//8536 7023//8437 7024//8436
f 6923//8536 6922//8537 7022//8438 7023//8437
f 6922//8537 6921//8538 7021//8439 7022//8438
f 6921//8538 6920//8539 7020//8440 7021//8439
f 6920//8539 6919//8540 7019//8441 7020//8440
f 6919//8540 6918//8541 7018//8442 7019//8441
f 6918//8541 6917//8542 7017//8443 7018//8442
f 6917//8542 6916//8543 7016//8444 7017//8443
f 6916//8543 6915//8544 7015//8445 7016//8444
f 6915//8544 6914//8545 7014//8446 7015//8445
f 6914//8545 6913//8546 7013//8447 7014//8446
f 6913//8546 6912//8547 7012//8448 7013//8447
f 6912//8547 6911//8548 7011//8449 7012//8448
f 6911//8548 6910//8549 7010//8450 7011//8449
f 6910//8549 6909//8550 7009//8451 7010//8450
f 6909//8550 6908//8551 7008//8452 7009//8451
f 6908//8551 6907//8552 7007//8453 7008//8452
f 6907//8552 6906//8553 7006//8454 7007//8453
f 6906//8553 6905//8554 7005//8455 7006//8454
f 6905//8554 6904//8555 7004//8456 7005//8455
f 6904//8555 6903//8556 7003//8457 7004//8456
f 6903//8556 6902//8557 7002//8458 7003//8457
f 6902//8557 6901//8558 7001//8459 7002//8458
f 6901//8558 6900//8559 7000//8460 7001//8459
f 6900//8559 6899//8560 6999//8461 7000//8460
f 6899//8560 6898//8561 6998//8462 6999//8461
f 6898//8561 6897//8562 6997//8463 6998//8462
f 6897//8562 6896//8563 6996//8464 6997//8463
f 6896//8563 6895//8564 6995//8465 6996//8464
f 6895//8564 6894//8565 6994//8466 6995//8465
f 6894//8565 6893//8566 6993//8467 6994//8466
f 6893//8566 6892//8567 6992//8468 6993//8467
f 6892//8567 6891//8568 6991//8469 6992//8468
f 6891//8568 6890//8569 6990//8470 6991//8469
f 6890//8569 6889//8570 6989//8471 6990//8470
f 6889//8570 6888//8571 6988//8472 6989//8471
f 6888//8571 6887//8572 6987//8473 6988//8472
f 6887//8572 6886//8573 6986//8474 6987//8473
f 6886//8573 6885//8574 6985//8475 6986//8474
f 6885//8574 6884//8575 6984//8476 6985//8475
f 6884//8575 6883//8576 6983//8477 6984//8476
f 6883//8576 6882//8577 6982//8478 6983//8477
f 6882//8577 6881//138 6981//140 6982//8478
f 95//207 6880//8578 6980//8479 97//208
f 6880//8578 6879//8579 6979//8480 6980//8479
f 6879//8579 6878//8580 6978//8481 6979//8480
f 6878//8580 6877//8581 6977//8482 6978//8481
f 6877//8581 6876//8582 6976//8483 6977//8482
f 6876//8582 6875//8583 6975//8484 6976//8483
f 6875//8583 6874//8584 6974//8485 6975//8484
f 6874//8584 6873//8585 6973//8486 6974//8485
f 6873//8585 6872//8586 6972//8487 6973//8486
f 6872//8586 6871//8587 6971//8488 6972//8487
f 6871//8587 6870//8588 6970//8489 6971//8488
f 6870//8588 6869//8589 6969//8490 6970//8489
f 6869//8589 6868//8590 6968//8491 6969//8490
f 6868//8590 6867//8591 6967//8492 6968//8491
f 6867//8591 6866//8592 6966//8493 6967//8492
f 6866//8592 6865//8593 6965//8494 6966//8493
f 6865//8593 6864//8594 6964//8495 6965//8494
f 6864//8594 6863//8595 6963//8496 6964//8495
f 6863//8595 6862//8596 6962//8497 6963//8496
f 6862//8596 6861//8597 6961//8498 6962//8497
f 6861//8597 6860//8598 6960//8499 6961//8498
f 6860//8598 6859//8599 6959//8500 6960//8499
f 6859//8599 6858//8600 6958//8501 6959//8500
f 6858//8600 6857//8601 6957//8502 6958//8501
f 6857//8601 6856//8602 6956//8503 6957//8502
f 6856//8602 6855//8603 6955//8504 6956//8503
f 6855//8603 6854//8604 6954//8505 6955//8504
f 6854//8604 6853//8605 6953//8506 6954//8505
f 6853//8605 6852//8606 6952//8507 6953//8506
f 6852//8606 6851//8607 6951//8508 6952//8507
f 6851//8607 6850//8608 6950//8509 6951//8508
f 6850//8608 6849//8609 6949//8510 6950//8509
f 6849//8609 6848//8610 6948//8511 6949//8510
f 6848//8610 6847//8611 6947//8512 6948//8511
f 6847//8611 6846//8612 6946//8513 6947//8512
f 6846//8612 6845//8613 6945//8514 6946//8513
f 6845//8613 6844//8614 6944//8515 6945//8514
f 6844//8614 6843//8615 6943//8516 6944//8515
f 6843//8615 6842//8616 6942//8517 6943//8516
f 6842//8616 6841//8617 6941//8518 6942//8517
f 6841//8617 6840//8618 6940//8519 6941//8518
f 6840//8618 6839//8619 6939//8520 6940//8519
f 6839//8619 6838//8620 6938//8521 6939//8520
f 6838//8620 6837//8621 6937//8522 6938//8521
f 6837//8621 6836//8622 6936//8523 6937//8522
f 6836//8622 6835//8623 6935//8524 6936//8523
f 6835//8623 6834//8624 6934//8525 6935//8524
f 6834//8624 6833//8625 6933//8526 6934//8525
f 6833//8625 6832//8626 6932//8527 6933//8526
f 6832//8626 6831//8627 6931//8528 6932//8527
f 6831//8627 6830//8628 6930//8529 6931//8528
f 6830//8628 6829//8629 6929//8530 6930//8529
f 6829//8629 6828//8630 6928//8531 6929//8530
f 6828//8630 6827//8631 6927//8532 6928//8531
f 6827//8631 6826//8632 6926//8533 6927//8532
f 6826//8632 6825//8633 6925//8534 6926//8533
f 6825//8633 6824//8634 6924//8535 6925//8534
f 6824//8634 6823//8635 6923//8536 6924//8535
f 6823//8635 6822//8636 6922//8537 6923//8536
f 6822//8636 6821//8637 6921//8538 6922//8537
f 6821//8637 6820//8638 6920//8539 6921//8538
f 6820//8638 6819//8639 6919//8540 6920//8539
f 6819//8639 6818//8640 6918//8541 6919//8540
f 6818//8640 6817//8641 6917//8542 6918//8541
f 6817//8641 6816//8642 6916//8543 6917//8542
f 6816//8642 6815//8643 6915//8544 6916//8543
f 6815//8643 6814//8644 6914//8545 6915//8544
f 6814//8644 6813//8645 6913//8546 6914//8545
f 6813//8645 6812//8646 6912//8547 6913//8546
f 6812//8646 6811//8647 6911//8548 6912//8547
f 6811//8647 6810//8648 6910//8549 6911//8548
f 6810//8648 6809//8649 6909//8550 6910//8549
f 6809//8649 6808//8650 6908//8551 6909//8550
f 6808//8650 6807//8651 6907//8552 6908//8551
f 6807//8651 6806//8652 6906//8553 6907//8552
f 6806//8652 6805//8653 6905//8554 6906//8553
f 6805//8653 6804//8654 6904//8555 6905//8554
f 6804//8654 6803//8655 6903//8556 6904//8555
f 6803//8655 6802//8656 6902//8557 6903//8556
f 6802//8656 6801//8657 6901//8558 6902//8557
f 6801//8657 6800//8658 6900//8559 6901//8558
f 6800//8658 6799//8659 6899//8560 6900//8559
f 6799//8659 6798//8660 6898//8561 6899//8560
f 6798//8660 6797//8661 6897//8562 6898//8561
f 6797//8661 6796//8662 6896//8563 6897//8562
f 6796//8662 6795//8663 6895//8564 6896//8563
f 6795//8663 6794//8664 6894//8565 6895//8564
f 6794//8664 6793//8665 6893//8566 6894//8565
f 6793//8665 6792//8666 6892//8567 6893//8566
f 6792//8666 6791//8667 6891//8568 6892//8567
f 6791//8667 6790//8668 6890//8569 6891//8568
f 6790//8668 6789//8669 6889//8570 6890//8569
f 6789//8669 6788//8670 6888//8571 6889//8570
f 6788//8670 6787//8671 6887//8572 6888//8571
f 6787//8671 6786//8672 6886//8573 6887//8572
f 6786//8672 6785//8673 6885//8574 6886//8573
f 6785//8673 6784//8674 6884//8575 6885//8574
f 6784//8674 6783//8675 6883//8576 6884//8575
f 6783//8675 6782//8676 6882//8577 6883//8576
f 6782//8676 6781//136 6881//138 6882//8577
f 93//206 6780//8677 6880//8578 95//207
f 6780//8677 6779//8678 6879//8579 6880//8578
f 6779//8678 6778//8679 6878//8580 6879//8579
f 6778//8679 6777//8680 6877//8581 6878//8580
f 6777//8680 6776//8681 6876//8582 6877//8581
f 6776//8681 6775//8682 6875//8583 6876//8582
f 6775//8682 6774//8683 6874//8584 6875//8583
f 6774//8683 6773//8684 6873//8585 6874//8584
f 6773//8684 6772//8685 6872//8586 6873//8585
f 6772//8685 6771//8686 6871//8587 6872//8586
f 6771//8686 6770//8687 6870//8588 6871//8587
f 6770//8687 6769//8688 6869//8589 6870//8588
f 6769//8688 6768//8689 6868//8590 6869//8589
f 6768//8689 6767//8690 6867//8591 6868//8590
f 6767//8690 6766//8691 6866//8592 6867//8591
f 6766//8691 6765//8692 6865//8593 6866//8592
f 6765//8692 6764//8693 6864//8594 6865//8593
f 6764//8693 6763//8694 6863//8595 6864//8594
f 6763//8694 6762//8695 6862//8596 6863//8595
f 6762//8695 6761//8696 6861//8597 6862//8596
f 6761//8696 6760//8697 6860//8598 6861//8597
f 6760//8697 6759//8698 6859//8599 6860//8598
f 6759//8698 6758//8699 6858//8600 6859//8599
f 6758//8699 6757//8700 6857//8601 6858//8600
f 6757//8700 6756//8701 6856//8602 6857//8601
f 6756//8701 6755//8702 6855//8603 6856//8602
f 6755//8702 6754//8703 6854//8604 6855//8603
f 6754//8703 6753//8704 6853//8605 6854//8604
f 6753//8704 6752//8705 6852//8606 6853//8605
f 6752//8705 6751//8706 6851//8607 6852//8606
f 6751//8706 6750//8707 6850//8608 6851//8607
f 6750//8707 6749//8708 6849//8609 6850//8608
f 6749//8708 6748//8709 6848//8610 6849//8609
f 6748//8709 6747//8710 6847//8611 6848//8610
f 6747//8710 6746//8711 6846//8612 6847//8611
f 6746//8711 6745//8712 6845//8613 6846//8612
f 6745//8712 6744//8713 6844//8614 6845//8613
f 6744//8713 6743//8714 6843//8615 6844//8614
f 6743//8714 6742//8715 6842//8616 6843//8615
f 6742//8715 6741//8716 6841//8617 6842//8616
f 6741//8716 6740//8717 6840//8618 6841//8617
f 6740//8717 6739//8718 6839//8619 6840//8618
f 6739//8718 6738//8719 6838//8620 6839//8619
f 6738//8719 6737//8720 6837//8621 6838//8620
f 6737//8720 6736//8721 6836//8622 6837//8621
f 6736//8721 6735//8722 6835//8623 6836//8622
f 6735//8722 6734//8723 6834//8624 6835//8623
f 6734//8723 6733//8724 6833//8625 6834//8624
f 6733//8724 6732//8725 6832//8626 6833//8625
f 6732//8725 6731//8726 6831//8627 6832//8626
f 6731//8726 6730//8727 6830//8628 6831//8627
f 6730//8727 6729//8728 6829//8629 6830//8628
f 6729//8728 6728//8729 6828//8630 6829//8629
f 6728//8729 6727//8730 6827//8631 6828//8630
f 6727//8730 6726//8731 6826//8632 6827//8631
f 6726//8731 6725//8732 6825//8633 6826//8632
f 6725//8732 6724//8733 6824//8634 6825//8633
f 6724//8733 6723//8734 6823//8635 6824//8634
f 6723//8734 6722//8735 6822//8636 6823//8635
f 6722//8735 6721//8736 6821//8637 6822//8636
f 6721//8736 6720//8737 6820//8638 6821//8637
f 6720//8737 6719//8738 6819//8639 6820//8638
f 6719//8738 6718//8739 6818//8640 6819//8639
f 6718//8739 6717//8740 6817//8641 6818//8640
f 6717//8740 6716//8741 6816//8642 6817//8641
f 6716//8741 6715//8742 6815//8643 6816//8642
f 6715//8742 6714//8743 6814//8644 6815//8643
f 6714//8743 6713//8744 6813//8645 6814//8644
f 6713//8744 6712//8745 6812//8646 6813//8645
f 6712//8745 6711//8746 6811//8647 6812//8646
f 6711//8746 6710//8747 6810//8648 6811//8647
f 6710//8747 6709//8748 6809//8649 6810//8648
f 6709//8748 6708//8749 6808//8650 6809//8649
f 6708//8749 6707//8750 6807//8651 6808//8650
f 6707//8750 6706//8751 6806//8652 6807//8651
f 6706//8751 6705//8752 6805//8653 6806//8652
f 6705//8752 6704//8753 6804//8654 6805//8653
f 6704//8753 6703//8754 6803//8655 6804//8654
f 6703//8754 6702//8755 6802//8656 6803//8655
f 6702//8755 6701//8756 6801//8657 6802//8656
f 6701//8756 6700//8757 6800//8658 6801//8657
f 6700//8757 6699//8758 6799//8659 6800//8658
f 6699//8758 6698//8759 6798//8660 6799//8659
f 6698//8759 6697//8760 6797//8661 6798//8660
f 6697//8760 6696//8761 6796//8662 6797//8661
f 6696//8761 6695//8762 6795//8663 6796//8662
f 6695//8762 6694//8763 6794//8664 6795//8663
f 6694//8763 6693//8764 6793//8665 6794//8664
f 6693//8764 6692//8765 6792//8666 6793//8665
f 6692//8765 6691//8766 6791//8667 6792//8666
f 6691//8766 6690//8767 6790//8668 6791//8667
f 6690//8767 6689//8768 6789//8669 6790//8668
f 6689//8768 6688//8769 6788//8670 6789//8669
f 6688//8769 6687//8770 6787//8671 6788//8670
f 6687//8770 6686//8771 6786//8672 6787//8671
f 6686//8771 6685//8772 6785//8673 6786//8672
f 6685//8772 6684//8773 6784//8674 6785//8673
f 6684//8773 6683//8774 6783//8675 6784//8674
f 6683//8774 6682//8775 6782//8676 6783//8675
f 6682//8775 6681//134 6781//136 6782//8676
f 91//205 6680//8776 6780//8677 93//206
f 6680//8776 6679//8777 6779//8678 6780//8677
f 6679//8777 6678//8778 6778//8679 6779//8678
f 6678//8778 6677//8779 6777//8680 6778//8679
f 6677//8779 6676//8780 6776//8681 6777//8680
f 6676//8780 6675//8781 6775//8682 6776//8681
f 6675//8781 6674//8782 6774//8683 6775//8682
f 6674//8782 6673//8783 6773//8684 6774//8683
f 6673//8783 6672//8784 6772//8685 6773//8684
f 6672//8784 6671//8785 6771//8686 6772//8685
f 6671//8785 6670//8786 6770//8687 6771//8686
f 6670//8786 6669//8787 6769//8688 6770//8687
f 6669//8787 6668//8788 6768//8689 6769//8688
f 6668//8788 6667//8789 6767//8690 6768//8689
f 6667//8789 6666//8790 6766//8691 6767//8690
f 6666//8790 6665//8791 6765//8692 6766//8691
f 6665//8791 6664//8792 6764//8693 6765//8692
f 6664//8792 6663//8793 6763//8694 6764//8693
f 6663//8793 6662//8794 6762//8695 6763//8694
f 6662//8794 6661//8795 6761//8696 6762//8695
f 6661//8795 6660//8796 6760//8697 6761//8696
f 6660//8796 6659//8797 6759//8698 6760//8697
f 6659//8797 6658//8798 6758//8699 6759//8698
f 6658//8798 6657//8799 6757//8700 6758//8699
f 6657//8799 6656//8800 6756//8701 6757//8700
f 6656//8800 6655//8801 6755//8702 6756//8701
f 6655//8801 6654//8802 6754//8703 6755//8702
f 6654//8802 6653//8803 6753//8704 6754//8703
f 6653//8803 6652//8804 6752//8705 6753//8704
f 6652//8804 6651//8805 6751//8706 6752//8705
f 6651//8805 6650//8806 6750//8707 6751//8706
f 6650//8806 6649//8807 6749//8708 6750//8707
f 6649//8807 6648//8808 6748//8709 6749//8708
f 6648//8808 6647//8809 6747//8710 6748//8709
f 6647//8809 6646//8810 6746//8711 6747//8710
f 6646//8810 6645//8811 6745//8712 6746//8711
f 6645//8811 6644//8812 6744//8713 6745//8712
f 6644//8812 6643//8813 6743//8714 6744//8713
f 6643//8813 6642//8814 6742//8715 6743//8714
f 6642//8814 6641//8815 6741//8716 6742//8715
f 6641//8815 6640//8816 6740//8717 6741//8716
f 6640//8816 6639//8817 6739//8718 6740//8717
f 6639//8817 6638//8818 6738//8719 6739//8718
f 6638//8818 6637//8819 6737//8720 6738//8719
f 6637//8819 6636//8820 6736//8721 6737//8720
f 6636//8820 6635//8821 6735//8722 6736//8721
f 6635//8821 6634//8822 6734//8723 6735//8722
f 6634//8822 6633//8823 6733//8724 6734//8723
f 6633//8823 6632//8824 6732//8725 6733//8724
f 6632//8824 6631//8825 6731//8726 6732//8725
f 6631//8825 6630//8826 6730//8727 6731//8726
f 6630//8826 6629//8827 6729//8728 6730//8727
f 6629//8827 6628//8828 6728//8729 6729//8728
f 6628//8828 6627//8829 6727//8730 6728//8729
f 6627//8829 6626//8830 6726//8731 6727//8730
f 6626//8830 6625//8831 6725//8732 6726//8731
f 6625//8831 6624//8832 6724//8733 6725//8732
f 6624//8832 6623//8833 6723//8734 6724//8733
f 6623//8833 6622//8834 6722//8735 6723//8734
f 6622//8834 6621//8835 6721//8736 6722//8735
f 6621//8835 6620//8836 6720//8737 6721//8736
f 6620//8836 6619//8837 6719//8738 6720//8737
f 6619//8837 6618//8838 6718//8739 6719//8738
f 6618//8838 6617//8839 6717//8740 6718//8739
f 6617//8839 6616//8840 6716//8741 6717//8740
f 6616//8840 6615//8841 6715//8742 6716//8741
f 6615//8841 6614//8842 6714//8743 6715//8742
f 6614//8842 6613//8843 6713//8744 6714//8743
f 6613//8843 6612//8844 6712//8745 6713//8744
f 6612//8844 6611//8845 6711//8746 6712//8745
f 6611//8845 6610//8846 6710//8747 6711//8746
f 6610//8846 6609//8847 6709//8748 6710//8747
f 6609//8847 6608//8848 6708//8749 6709//8748
f 6608//8848 6607//8849 6707//8750 6708//8749
f 6607//8849 6606//8850 6706//8751 6707//8750
f 6606//8850 6605//8851 6705//8752 6706//8751
f 6605//8851 6604//8852 6704//8753 6705//8752
f 6604//8852 6603//8853 6703//8754 6704//8753
f 6603//8853 6602//8854 6702//8755 6703//8754
f 6602//8854 6601//8855 6701//8756 6702//8755
f 6601//8855 6600//8856 6700//8757 6701//8756
f 6600//8856 6599//8857 6699//8758 6700//8757
f 6599//8857 6598//8858 6698//8759 6699//8758
f 6598//8858 6597//8859 6697//8760 6698//8759
f 6597//8859 6596//8860 6696//8761 6697//8760
f 6596//8860 6595//8861 6695//8762 6696//8761
f 6595//8861 6594//8862 6694//8763 6695//8762
f 6594//8862 6593//8863 6693//8764 6694//8763
f 6593//8863 6592//8864 6692//8765 6693//8764
f 6592//8864 6591//8865 6691//8766 6692//8765
f 6591//8865 6590//8866 6690//8767 6691//8766
f 6590//8866 6589//8867 6689//8768 6690//8767
f 6589//8867 6588//8868 6688//8769 6689//8768
f 6588//8868 6587//8869 6687//8770 6688//8769
f 6587//8869 6586//8870 6686//8771 6687//8770
f 6586//8870 6585//8871 6685//8772 6686//8771
f 6585//8871 6584//8872 6684//8773 6685//8772
f 6584//8872 6583//8873 6683//8774 6684//8773
f 6583//8873 6582//8874 6682//8775 6683//8774
f 6582//8874 6581//132 6681//134 6682//8775
f 89//204 6580//8875 6680//8776 91//205
f 6580//8875 6579//8876 6679//8777 6680//8776
f 6579//8876 6578//8877 6678//8778 6679//8777
f 6578//8877 6577//8878 6677//8779 6678//8778
f 6577//8878 6576//8879 6676//8780 6677//8779
f 6576//8879 6575//8880 6675//8781 6676//8780
f 6575//8880 6574//8881 6674//8782 6675//8781
f 6574//8881 6573//8882 6673//8783 6674//8782
f 6573//8882 6572//8883 6672//8784 6673//8783
f 6572//8883 6571//8884 6671//8785 6672//8784
f 6571//8884 6570//8885 6670//8786 6671//8785
f 6570//8885 6569//8886 6669//8787 6670//8786
f 6569//8886 6568//8887 6668//8788 6669//8787
f 6568//8887 6567//8888 6667//8789 6668//8788
f 6567//8888 6566//8889 6666//8790 6667//8789
f 6566//8889 6565//8890 6665//8791 6666//8790
f 6565//8890 6564//8891 6664//8792 6665//8791
f 6564//8891 6563//8892 6663//8793 6664//8792
f 6563//8892 6562//8893 6662//8794 6663//8793
f 6562//8893 6561//8894 6661//8795 6662//8794
f 6561//8894 6560//8895 6660//8796 6661//8795
f 6560//8895 6559//8896 6659//8797 6660//8796
f 6559//8896 6558//8897 6658//8798 6659//8797
f 6558//8897 6557//8898 6657//8799 6658//8798
f 6557//8898 6556//8899 6656//8800 6657//8799
f 6556//8899 6555//8900 6655//8801 6656//8800
f 6555//8900 6554//8901 6654//8802 6655//8801
f 6554//8901 6553//8902 6653//8803 6654//8802
f 6553//8902 6552//8903 6652//8804 6653//8803
f 6552//8903 6551//8904 6651//8805 6652//8804
f 6551//8904 6550//8905 6650//8806 6651//8805
f 6550//8905 6549//8906 6649//8807 6650//8806
f 6549//8906 6548//8907 6648//8808 6649//8807
f 6548//8907 6547//8908 6647//8809 6648//8808
f 6547//8908 6546//8909 6646//8810 6647//8809
f 6546//8909 6545//8910 6645//8811 6646//8810
f 6545//8910 6544//8911 6644//8812 6645//8811
f 6544//8911 6543//8912 6643//8813 6644//8812
f 6543//8912 6542//8913 6642//8814 6643//8813
f 6542//8913 6541//8914 6641//8815 6642//8814
f 6541//8914 6540//8915 6640//8816 6641//8815
f 6540//8915 6539//8916 6639//8817 6640//8816
f 6539//8916 6538//8917 6638//8818 6639//8817
f 6538//8917 6537//8918 6637//8819 6638//8818
f 6537//8918 6536//8919 6636//8820 6637//8819
f 6536//8919 6535//8920 6635//8821 6636//8820
f 6535//8920 6534//8921 6634//8822 6635//8821
f 6534//8921 6533//8922 6633//8823 6634//8822
f 6533//8922 6532//8923 6632//8824 6633//8823
f 6532//8923 6531//8924 6631//8825 6632//8824
f 6531//8924 6530//8925 6630//8826 6631//8825
f 6530//8925 6529//8926 6629//8827 6630//8826
f 6529//8926 6528//8927 6628//8828 6629//8827
f 6528//8927 6527//8928 6627//8829 6628//8828
f 6527//8928 6526//8929 6626//8830 6627//8829
f 6526//8929 6525//8930 6625//8831 6626//8830
f 6525//8930 6524//8931 6624//8832 6625//8831
f 6524//8931 6523//8932 6623//8833 6624//8832
f 6523//8932 6522//8933 6622//8834 6623//8833
f 6522//8933 6521//8934 6621//8835 6622//8834
f 6521//8934 6520//8935 6620//8836 6621//8835
f 6520//8935 6519//8936 6619//8837 6620//8836
f 6519//8936 6518//8937 6618//8838 6619//8837
f 6518//8937 6517//8938 6617//8839 6618//8838
f 6517//8938 6516//8939 6616//8840 6617//8839
f 6516//8939 6515//8940 6615//8841 6616//8840
f 6515//8940 6514//8941 6614//8842 6615//8841
f 6514//8941 6513//8942 6613//8843 6614//8842
f 6513//8942 6512//8943 6612//8844 6613//8843
f 6512//8943 6511//8944 6611//8845 6612//8844
f 6511//8944 6510//8945 6610//8846 6611//8845
f 6510//8945 6509//8946 6609//8847 6610//8846
f 6509//8946 6508//8947 6608//8848 6609//8847
f 6508//8947 6507//8948 6607//8849 6608//8848
f 6507//8948 6506//8949 6606//8850 6607//8849
f 6506//8949 6505//8950 6605//8851 6606//8850
f 6505//8950 6504//8951 6604//8852 6605//8851
f 6504//8951 6503//8952 6603//8853 6604//8852
f 6503//8952 6502//8953 6602//8854 6603//8853
f 6502//8953 6501//8954 6601//8855 6602//8854
f 6501//8954 6500//8955 6600//8856 6601//8855
f 6500//8955 6499//8956 6599//8857 6600//8856
f 6499//8956 6498//8957 6598//8858 6599//8857
f 6498//8957 6497//8958 6597//8859 6598//8858
f 6497//8958 6496//8959 6596//8860 6597//8859
f 6496//8959 6495//8960 6595//8861 6596//8860
f 6495//8960 6494//8961 6594//8862 6595//8861
f 6494//8961 6493//8962 6593//8863 6594//8862
f 6493//8962 6492//8963 6592//8864 6593//8863
f 6492//8963 6491//8964 6591//8865 6592//8864
f 6491//8964 6490//8965 6590//8866 6591//8865
f 6490//8965 6489//8966 6589//8867 6590//8866
f 6489//8966 6488//8967 6588//8868 6589//8867
f 6488//8967 6487//8968 6587//8869 6588//8868
f 6487//8968 6486//8969 6586//8870 6587//8869
f 6486//8969 6485//8970 6585//8871 6586//8870
f 6485//8970 6484//8971 6584//8872 6585//8871
f 6484//8971 6483//8972 6583//8873 6584//8872
f 6483//8972 6482//8973 6582//8874 6583//8873
f 6482//8973 6481//130 6581//132 6582//8874
f 87//203 6480//8974 6580//8875 89//204
f 6480//8974 6479//8975 6579//8876 6580//8875
f 6479//8975 6478//8976 6578//8877 6579//8876
f 6478//8976 6477//8977 6577//8878 6578//8877
f 6477//8977 6476//8978 6576//8879 6577//8878
f 6476//8978 6475//8979 6575//8880 6576//8879
f 6475//8979 6474//8980 6574//8881 6575//8880
f 6474//8980 6473//8981 6573//8882 6574//8881
f 6473//8981 6472//8982 6572//8883 6573//8882
f 6472//8982 6471//8983 6571//8884 6572//8883
f 6471//8983 6470//8984 6570//8885 6571//8884
f 6470//8984 6469//8985 6569//8886 6570//8885
f 6469//8985 6468//8986 6568//8887 6569//8886
f 6468//8986 6467//8987 6567//8888 6568//8887
f 6467//8987 6466//8988 6566//8889 6567//8888
f 6466//8988 6465//8989 6565//8890 6566//8889
f 6465//8989 6464//8990 6564//8891 6565//8890
f 6464//8990 6463//8991 6563//8892 6564//8891
f 6463//8991 6462//8992 6562//8893 6563//8892
f 6462//8992 6461//8993 6561//8894 6562//8893
f 6461//8993 6460//8994 6560//8895 6561//8894
f 6460//8994 6459//8995 6559//8896 6560//8895
f 6459//8995 6458//8996 6558//8897 6559//8896
f 6458//8996 6457//8997 6557//8898 6558//8897
f 6457//8997 6456//8998 6556//8899 6557//8898
f 6456//8998 6455//8999 6555//8900 6556//8899
f 6455//8999 6454//9000 6554//8901 6555//8900
f 6454//9000 6453//9001 6553//8902 6554//8901
f 6453//9001 6452//9002 6552//8903 6553//8902
f 6452//9002 6451//9003 6551//8904 6552//8903
f 6451//9003 6450//9004 6550//8905 6551//8904
f 6450//9004 6449//9005 6549//8906 6550//8905
f 6449//9005 6448//9006 6548//8907 6549//8906
f 6448//9006 6447//9007 6547//8908 6548//8907
f 6447//9007 6446//9008 6546//8909 6547//8908
f 6446//9008 6445//9009 6545//8910 6546//8909
f 6445//9009 6444//9010 6544//8911 6545//8910
f 6444//9010 6443//9011 6543//8912 6544//8911
f 6443//9011 6442//9012 6542//8913 6543//8912
f 6442//9012 6441//9013 6541//8914 6542//8913
f 6441//9013 6440//9014 6540//8915 6541//8914
f 6440//9014 6439//9015 6539//8916 6540//8915
f 6439//9015 6438//9016 6538//8917 6539//8916
f 6438//9016 6437//9017 6537//8918 6538//8917
f 6437//9017 6436//9018 6536//8919 6537//8918
f 6436//9018 6435//9019 6535//8920 6536//8919
f 6435//9019 6434//9020 6534//8921 6535//8920
f 6434//9020 6433//9021 6533//8922 6534//8921
f 6433//9021 6432//9022 6532//8923 6533//8922
f 6432//9022 6431//9023 6531//8924 6532//8923
f 6431//9023 6430//9024 6530//8925 6531//8924
f 6430//9024 6429//9025 6529//8926 6530//8925
f 6429//9025 6428//9026 6528//8927 6529//8926
f 6428//9026 6427//9027 6527//8928 6528//8927
f 6427//9027 6426//9028 6526//8929 6527//8928
f 6426//9028 6425//9029 6525//8930 6526//8929
f 6425//9029 6424//9030 6524//8931 6525//8930
f 6424//9030 6423//9031 6523//8932 6524//8931
f 6423//9031 6422//9032 6522//8933 6523//8932
f 6422//9032 6421//9033 6521//8934 6522//8933
f 6421//9033 6420//9034 6520//8935 6521//8934
f 6420//9034 6419//9035 6519//8936 6520//8935
f 6419//9035 6418//9036 6518//8937 6519//8936
f 6418//9036 6417//9037 6517//8938 6518//8937
f 6417//9037 6416//9038 6516//8939 6517//8938
f 6416//9038 6415//9039 6515//8940 6516//8939
f 6415//9039 6414//9040 6514//8941 6515//8940
f 6414//9040 6413//9041 6513//8942 6514//8941
f 6413//9041 6412//9042 6512//8943 6513//8942
f 6412//9042 6411//9043 6511//8944 6512//8943
f 6411//9043 6410//9044 6510//8945 6511//8944
f 6410//9044 6409//9045 6509//8946 6510//8945
f 6409//9045 6408//9046 6508//8947 6509//8946
f 6408//9046 6407//9047 6507//8948 6508//8947
f 6407//9047 6406//9048 6506//8949 6507//8948
f 6406//9048 6405//9049 6505//8950 6506//8949
f 6405//9049 6404//9050 6504//8951 6505//8950
f 6404//9050 6403//9051 6503//8952 6504//8951
f 6403//9051 6402//9052 6502//8953 6503//8952
f 6402//9052 6401//9053 6501//8954 6502//8953
f 6401//9053 6400//9054 6500//8955 6501//8954
f 6400//9054 6399//9055 6499//8956 6500//8955
f 6399//9055 6398//9056 6498//8957 6499//8956
f 6398//9056 6397//9057 6497//8958 6498//8957
f 6397//9057 6396//9058 6496//8959 6497//8958
f 6396//9058 6395//9059 6495//8960 6496//8959
f 6395//9059 6394//9060 6494//8961 6495//8960
f 6394//9060 6393//9061 6493//8962 6494//8961
f 6393//9061 6392//9062 6492//8963 6493//8962
f 6392//9062 6391//9063 6491//8964 6492//8963
f 6391//9063 6390//9064 6490//8965 6491//8964
f 6390//9064 6389//9065 6489//8966 6490//8965
f 6389//9065 6388//9066 6488//8967 6489//8966
f 6388//9066 6387//9067 6487//8968 6488//8967
f 6387//9067 6386//9068 6486//8969 6487//8968
f 6386//9068 6385//9069 6485//8970 6486//8969
f 6385//9069 6384//9070 6484//8971 6485//8970
f 6384//9070 6383//9071 6483//8972 6484//8971
f 6383//9071 6382//9072 6482//8973 6483//8972
f 6382//9072 6381//128 6481//130 6482//8973
f 85//202 6380//9073 6480//8974 87//203
f 6380//9073 6379//9074 6479//8975 6480//8974
f 6379//9074 6378//9075 6478//8976 6479//8975
f 6378//9075 6377//9076 6477//8977 6478//8976
f 6377//9076 6376//9077 6476//8978 6477//8977
f 6376//9077 6375//9078 6475//8979 6476//8978
f 6375//9078 6374//9079 6474//8980 6475//8979
f 6374//9079 6373//9080 6473//8981 6474//8980
f 6373//9080 6372//9081 6472//8982 6473//8981
f 6372//9081 6371//9082 6471//8983 6472//8982
f 6371//9082 6370//9083 6470//8984 6471//8983
f 6370//9083 6369//9084 6469//8985 6470//8984
f 6369//9084 6368//9085 6468//8986 6469//8985
f 6368//9085 6367//9086 6467//8987 6468//8986
f 6367//9086 6366//9087 6466//8988 6467//8987
f 6366//9087 6365//9088 6465//8989 6466//8988
f 6365//9088 6364//9089 6464//8990 6465//8989
f 6364//9089 6363//9090 6463//8991 6464//8990
f 6363//9090 6362//9091 6462//8992 6463//8991
f 6362//9091 6361//9092 6461//8993 6462//8992
f 6361//9092 6360//9093 6460//8994 6461//8993
f 6360//9093 6359//9094 6459//8995 6460//8994
f 6359//9094 6358//9095 6458//8996 6459//8995
f 6358//9095 6357//9096 6457//8997 6458//8996
f 6357//9096 6356//9097 6456//8998 6457//8997
f 6356//9097 6355//9098 6455//8999 6456//8998
f 6355//9098 6354//9099 6454//9000 6455//8999
f 6354//9099 6353//9100 6453//9001 6454//9000
f 6353//9100 6352//9101 6452//9002 6453//9001
f 6352//9101 6351//9102 6451//9003 6452//9002
f 6351//9102 6350//9103 6450//9004 6451//9003
f 6350//9103 6349//9104 6449//9005 6450//9004
f 6349//9104 6348//9105 6448//9006 6449//9005
f 6348//9105 6347//9106 6447//9007 6448//9006
f 6347//9106 6346//9107 6446//9008 6447//9007
f 6346//9107 6345//9108 6445//9009 6446//9008
f 6345//9108 6344//9109 6444//9010 6445//9009
f 6344//9109 6343//9110 6443//9011 6444//9010
f 6343//9110 6342//9111 6442//9012 6443//9011
f 6342//9111 6341//9112 6441//9013 6442//9012
f 6341//9112 6340//9113 6440//9014 6441//9013
f 6340//9113 6339//9114 6439//9015 6440//9014
f 6339//9114 6338//9115 6438//9016 6439//9015
f 6338//9115 6337//9116 6437//9017 6438//9016
f 6337//9116 6336//9117 6436//9018 6437//9017
f 6336//9117 6335//9118 6435//9019 6436//9018
f 6335//9118 6334//9119 6434//9020 6435//9019
f 6334//9119 6333//9120 6433//9021 6434//9020
f 6333//9120 6332//9121 6432//9022 6433//9021
f 6332//9121 6331//9122 6431//9023 6432//9022
f 6331//9122 6330//9123 6430//9024 6431//9023
f 6330//9123 6329//9124 6429//9025 6430//9024
f 6329//9124 6328//9125 6428//9026 6429//9025
f 6328//9125 6327//9126 6427//9027 6428//9026
f 6327//9126 6326//9127 6426//9028 6427//9027
f 6326//9127 6325//9128 6425//9029 6426//9028
f 6325//9128 6324//9129 6424//9030 6425//9029
f 6324//9129 6323//9130 6423//9031 6424//9030
f 6323//9130 6322//9131 6422//9032 6423//9031
f 6322//9131 6321//9132 6421//9033 6422//9032
f 6321//9132 6320//9133 6420//9034 6421//9033
f 6320//9133 6319//9134 6419//9035 6420//9034
f 6319//9134 6318//9135 6418//9036 6419//9035
f 6318//9135 6317//9136 6417//9037 6418//9036
f 6317//9136 6316//9137 6416//9038 6417//9037
f 6316//9137 6315//9138 6415//9039 6416//9038
f 6315//9138 6314//9139 6414//9040 6415//9039
f 6314//9139 6313//9140 6413//9041 6414//9040
f 6313//9140 6312//9141 6412//9042 6413//9041
f 6312//9141 6311//9142 6411//9043 6412//9042
f 6311//9142 6310//9143 6410//9044 6411//9043
f 6310//9143 6309//9144 6409//9045 6410//9044
f 6309//9144 6308//9145 6408//9046 6409//9045
f 6308//9145 6307//9146 6407//9047 6408//9046
f 6307//9146 6306//9147 6406//9048 6407//9047
f 6306//9147 6305//9148 6405//9049 6406//9048
f 6305//9148 6304//9149 6404//9050 6405//9049
f 6304//9149 6303//9150 6403//9051 6404//9050
f 6303//9150 6302//9151 6402//9052 6403//9051
f 6302//9151 6301//9152 6401//9053 6402//9052
f 6301//9152 6300//9153 6400//9054 6401//9053
f 6300//9153 6299//9154 6399//9055 6400//9054
f 6299//9154 6298//9155 6398//9056 6399//9055
f 6298//9155 6297//9156 6397//9057 6398//9056
f 6297//9156 6296//9157 6396//9058 6397//9057
f 6296//9157 6295//9158 6395//9059 6396//9058
f 6295//9158 6294//9159 6394//9060 6395//9059
f 6294//9159 6293//9160 6393//9061 6394//9060
f 6293//9160 6292//9161 6392//9062 6393//9061
f 6292//9161 6291//9162 6391//9063 6392//9062
f 6291//9162 6290//9163 6390//9064 6391//9063
f 6290//9163 6289//9164 6389//9065 6390//9064
f 6289//9164 6288//9165 6388//9066 6389//9065
f 6288//9165 6287//9166 6387//9067 6388//9066
f 6287//9166 6286//9167 6386//9068 6387//9067
f 6286//9167 6285//9168 6385//9069 6386//9068
f 6285//9168 6284//9169 6384//9070 6385//9069
f 6284//9169 6283//9170 6383//9071 6384//9070
f 6283//9170 6282//9171 6382//9072 6383//9071
f 6282//9171 6281//126 6381//128 6382//9072
f 83//201 6280//9172 6380//9073 85//202
f 6280//9172 6279//9173 6379//9074 6380//9073
f 6279//9173 6278//9174 6378//9075 6379//9074
f 6278//9174 6277//9175 6377//9076 6378//9075
f 6277//9175 6276//9176 6376//9077 6377//9076
f 6276//9176 6275//9177 6375//9078 6376//9077
f 6275//9177 6274//9178 6374//9079 6375//9078
f 6274//9178 6273//9179 6373//9080 6374//9079
f 6273//9179 6272//9180 6372//9081 6373//9080
f 6272//9180 6271//9181 6371//9082 6372//9081
f 6271//9181 6270//9182 6370//9083 6371//9082
f 6270//9182 6269//9183 6369//9084 6370//9083
f 6269//9183 6268//9184 6368//9085 6369//9084
f 6268//9184 6267//9185 6367//9086 6368//9085
f 6267//9185 6266//9186 6366//9087 6367//9086
f 6266//9186 6265//9187 6365//9088 6366//9087
f 6265//9187 6264//9188 6364//9089 6365//9088
f 6264//9188 6263//9189 6363//9090 6364//9089
f 6263//9189 6262//9190 6362//9091 6363//9090
f 6262//9190 6261//9191 6361//9092 6362//9091
f 6261//9191 6260//9192 6360//9093 6361//9092
f 6260//9192 6259//9193 6359//9094 6360//9093
f 6259//9193 6258//9194 6358//9095 6359//9094
f 6258//9194 6257//9195 6357//9096 6358//9095
f 6257//9195 6256//9196 6356//9097 6357//9096
f 6256//9196 6255//9197 6355//9098 6356//9097
f 6255//9197 6254//9198 6354//9099 6355//9098
f 6254//9198 6253//9199 6353//9100 6354//9099
f 6253//9199 6252//9200 6352//9101 6353//9100
f 6252//9200 6251//9201 6351//9102 6352//9101
f 6251//9201 6250//9202 6350//9103 6351//9102
f 6250//9202 6249//9203 6349//9104 6350//9103
f 6249//9203 6248//9204 6348//9105 6349//9104
f 6248//9204 6247//9205 6347//9106 6348//9105
f 6247//9205 6246//9206 6346//9107 6347//9106
f 6246//9206 6245//9207 6345//9108 6346//9107
f 6245//9207 6244//9208 6344//9109 6345//9108
f 6244//9208 6243//9209 6343//9110 6344//9109
f 6243//9209 6242//9210 6342//9111 6343//9110
f 6242//9210 6241//9211 6341//9112 6342//9111
f 6241//9211 6240//9212 6340//9113 6341//9112
f 6240//9212 6239//9213 6339//9114 6340//9113
f 6239//9213 6238//9214 6338//9115 6339//9114
f 6238//9214 6237//9215 6337//9116 6338//9115
f 6237//9215 6236//9216 6336//9117 6337//9116
f 6236//9216 6235//9217 6335//9118 6336//9117
f 6235//9217 6234//9218 6334//9119 6335//9118
f 6234//9218 6233//9219 6333//9120 6334//9119
f 6233//9219 6232//9220 6332//9121 6333//9120
f 6232//9220 6231//9221 6331//9122 6332//9121
f 6231//9221 6230//9222 6330//9123 6331//9122
f 6230//9222 6229//9223 6329//9124 6330//9123
f 6229//9223 6228//9224 6328//9125 6329//9124
f 6228//9224 6227//9225 6327//9126 6328//9125
f 6227//9225 6226//9226 6326//9127 6327//9126
f 6226//9226 6225//9227 6325//9128 6326//9127
f 6225//9227 6224//9228 6324//9129 6325//9128
f 6224//9228 6223//9229 6323//9130 6324//9129
f 6223//9229 6222//9230 6322//9131 6323//9130
f 6222//9230 6221//9231 6321//9132 6322//9131
f 6221//9231 6220//9232 6320//9133 6321//9132
f 6220//9232 6219//9233 6319//9134 6320//9133
f 6219//9233 6218//9234 6318//9135 6319//9134
f 6218//9234 6217//9235 6317//9136 6318//9135
f 6217//9235 6216//9236 6316//9137 6317//9136
f 6216//9236 6215//9237 6315//9138 6316//9137
f 6215//9237 6214//9238 6314//9139 6315//9138
f 6214//9238 6213//9239 6313//9140 6314//9139
f 6213//9239 6212//9240 6312//9141 6313//9140
f 6212//9240 6211//9241 6311//9142 6312//9141
f 6211//9241 6210//9242 6310//9143 6311//9142
f 6210//9242 6209//9243 6309//9144 6310//9143
f 6209//9243 6208//9244 6308//9145 6309//9144
f 6208//9244 6207//9245 6307//9146 6308//9145
f 6207//9245 6206//9246 6306//9147 6307//9146
f 6206//9246 6205//9247 6305//9148 6306//9147
f 6205//9247 6204//9248 6304//9149 6305//9148
f 6204//9248 6203//9249 6303//9150 6304//9149
f 6203//9249 6202//9250 6302//9151 6303//9150
f 6202//9250 6201//9251 6301//9152 6302//9151
f 6201//9251 6200//9252 6300//9153 6301//9152
f 6200//9252 6199//9253 6299//9154 6300//9153
f 6199//9253 6198//9254 6298//9155 6299//9154
f 6198//9254 6197//9255 6297//9156 6298//9155
f 6197//9255 6196//9256 6296//9157 6297//9156
f 6196//9256 6195//9257 6295//9158 6296//9157
f 6195//9257 6194//9258 6294//9159 6295//9158
f 6194//9258 6193//9259 6293//9160 6294//9159
f 6193//9259 6192//9260 6292//9161 6293//9160
f 6192//9260 6191//9261 6291//9162 6292//9161
f 6191//9261 6190//9262 6290//9163 6291//9162
f 6190//9262 6189//9263 6289//9164 6290//9163
f 6189//9263 6188//9264 6288//9165 6289//9164
f 6188//9264 6187//9265 6287//9166 6288//9165
f 6187//9265 6186//9266 6286//9167 6287//9166
f 6186//9266 6185//9267 6285//9168 6286//9167
f 6185//9267 6184//9268 6284//9169 6285//9168
f 6184//9268 6183//9269 6283//9170 6284//9169
f 6183//9269 6182//9270 6282//9171 6283//9170
f 6182//9270 6181//124 6281//126 6282//9171
f 81//200 6081//1521 6280//9172 83//201
f 6081//1521 6082//1523 6279//9173 6280//9172
f 6082//1523 6083//1525 6278//9174 6279//9173
f 6083//1525 6084//1527 6277//9175 6278//9174
f 6084//1527 6085//1529 6276//9176 6277//9175
f 6085//1529 6086//1531 6275//9177 6276//9176
f 6086//1531 6087//1533 6274//9178 6275//9177
f 6087//1533 6088//1535 6273//9179 6274//9178
f 6088//1535 6089//1537 6272//9180 6273//9179
f 6089//1537 6090//1539 6271//9181 6272//9180
f 6090//1539 6091//1541 6270//9182 6271//9181
f 6091//1541 6092//1543 6269//9183 6270//9182
f 6092//1543 6093//1545 6268//9184 6269//9183
f 6093//1545 6094//1547 6267//9185 6268//9184
f 6094//1547 6095//5495 6266//9186 6267//9185
f 6095//5495 6096//1551 6265//9187 6266//9186
f 6096//1551 6097//1553 6264//9188 6265//9187
f 6097//1553 6098//1555 6263//9189 6264//9188
f 6098//1555 6099//1557 6262//9190 6263//9189
f 6099//1557 6100//1559 6261//9191 6262//9190
f 6100//1559 6101//1561 6260//9192 6261//9191
f 6101//1561 6102//1563 6259//9193 6260//9192
f 6102//1563 6103//1565 6258//9194 6259//9193
f 6103//1565 6104//1567 6257//9195 6258//9194
f 6104//1567 6105//1569 6256//9196 6257//9195
f 6105//1569 6106//1571 6255//9197 6256//9196
f 6106//1571 6107//1573 6254//9198 6255//9197
f 6107//1573 6108//1575 6253//9199 6254//9198
f 6108//1575 6109//1577 6252//9200 6253//9199
f 6109//1577 6110//1579 6251//9201 6252//9200
f 6110//1579 6111//5512 6250//9202 6251//9201
f 6111//5512 6112//1583 6249//9203 6250//9202
f 6112//1583 6113//1585 6248//9204 6249//9203
f 6113//1585 6114//1587 6247//9205 6248//9204
f 6114//1587 6115//1589 6246//9206 6247//9205
f 6115//1589 6116//1591 6245//9207 6246//9206
f 6116//1591 6117//1593 6244//9208 6245//9207
f 6117//1593 6118//1595 6243//9209 6244//9208
f 6118//1595 6119//1597 6242//9210 6243//9209
f 6119//1597 6120//5522 6241//9211 6242//9210
f 6120//5522 6121//5524 6240//9212 6241//9211
f 6121//5524 6122//1603 6239//9213 6240//9212
f 6122//1603 6123//1605 6238//9214 6239//9213
f 6123//1605 6124//1607 6237//9215 6238//9214
f 6124//1607 6125//1609 6236//9216 6237//9215
f 6125//1609 6126//1611 6235//9217 6236//9216
f 6126//1611 6127//5531 6234//9218 6235//9217
f 6127//5531 6128//5533 6233//9219 6234//9218
f 6128//5533 6129//1617 6232//9220 6233//9219
f 6129//1617 6130//1619 6231//9221 6232//9220
f 6130//1619 6131//1621 6230//9222 6231//9221
f 6131//1621 6132//1623 6229//9223 6230//9222
f 6132//1623 6133//5539 6228//9224 6229//9223
f 6133//5539 6134//1627 6227//9225 6228//9224
f 6134//1627 6135//1629 6226//9226 6227//9225
f 6135//1629 6136//5543 6225//9227 6226//9226
f 6136//5543 6137//1633 6224//9228 6225//9227
f 6137//1633 6138//1635 6223//9229 6224//9228
f 6138//1635 6139//1637 6222//9230 6223//9229
f 6139//1637 6140//1639 6221//9231 6222//9230
f 6140//1639 6141//1641 6220//9232 6221//9231
f 6141//1641 6142//1643 6219//9233 6220//9232
f 6142//1643 6143//1645 6218//9234 6219//9233
f 6143//1645 6144//1647 6217//9235 6218//9234
f 6144//1647 6145//1649 6216//9236 6217//9235
f 6145//1649 6146//1651 6215//9237 6216//9236
f 6146//1651 6147//1653 6214//9238 6215//9237
f 6147//1653 6148//1655 6213//9239 6214//9238
f 6148//1655 6149//1657 6212//9240 6213//9239
f 6149//1657 6150//1659 6211//9241 6212//9240
f 6150//1659 6151//1661 6210//9242 6211//9241
f 6151//1661 6152//1663 6209//9243 6210//9242
f 6152//1663 6153//5561 6208//9244 6209//9243
f 6153//5561 6154//1667 6207//9245 6208//9244
f 6154//1667 6155//1669 6206//9246 6207//9245
f 6155//1669 6156//1671 6205//9247 6206//9246
f 6156//1671 6157//1673 6204//9248 6205//9247
f 6157//1673 6158//1675 6203//9249 6204//9248
f 6158//1675 6159//1677 6202//9250 6203//9249
f 6159//1677 6160//5569 6201//9251 6202//9250
f 6160//5569 6161//1681 6200//9252 6201//9251
f 6161//1681 6162//5572 6199//9253 6200//9252
f 6162//5572 6163//1685 6198//9254 6199//9253
f 6163//1685 6164//1687 6197//9255 6198//9254
f 6164//1687 6165//1689 6196//9256 6197//9255
f 6165//1689 6166//1691 6195//9257 6196//9256
f 6166//1691 6167//1693 6194//9258 6195//9257
f 6167//1693 6168//1695 6193//9259 6194//9258
f 6168//1695 6169//1697 6192//9260 6193//9259
f 6169//1697 6170//1699 6191//9261 6192//9260
f 6170//1699 6171//1701 6190//9262 6191//9261
f 6171//1701 6172//1703 6189//9263 6190//9262
f 6172//1703 6173//1705 6188//9264 6189//9263
f 6173//1705 6174//1707 6187//9265 6188//9264
f 6174//1707 6175//1709 6186//9266 6187//9265
f 6175//1709 6176//1711 6185//9267 6186//9266
f 6176//1711 6177//1713 6184//9268 6185//9267
f 6177//1713 6178//5589 6183//9269 6184//9268
f 6178//5589 6179//5591 6182//9270 6183//9269
f 6179//5591 6180//121 6181//124 6182//9270
usemtl Material.007
f 379//9271 320//343 322//342 380//9272
f 165//281 161//9273 243//9274 167//282
f 167//282 243//9274 244//9275 169//283
f 378//9276 318//344 320//343 379//9271
f 169//283 244//9275 245//9277 171//284
f 171//284 245//9277 246//9278 173//285
f 377//9279 316//345 318//344 378//9276
f 173//285 246//9278 247//9280 175//286
f 175//286 247//9280 248//9281 177//287
f 376//9282 314//346 316//345 377//9279
f 177//287 248//9281 249//9283 179//288
f 179//288 249//9283 250//9284 181//289
f 375//9285 312//347 314//346 376//9282
f 181//289 250//9284 251//9286 183//290
f 183//290 251//9286 252//9287 185//291
f 374//9288 310//348 312//347 375//9285
f 185//291 252//9287 253//9289 187//292
f 187//292 253//9289 254//9290 189//293
f 373//9291 308//349 310//348 374//9288
f 189//293 254//9290 255//9292 191//294
f 191//294 255//9292 256//9293 193//295
f 372//9294 306//350 308//349 373//9291
f 193//295 256//9293 257//9295 195//296
f 195//296 257//9295 258//9296 197//297
f 371//9297 304//351 306//350 372//9294
f 197//297 258//9296 259//9298 199//298
f 199//298 259//9298 260//9299 201//299
f 370//9300 302//352 304//351 371//9297
f 201//299 260//9299 261//9301 203//300
f 203//300 261//9301 262//9302 205//301
f 369//9303 300//353 302//352 370//9300
f 205//301 262//9302 263//9304 207//302
f 207//302 263//9304 264//9305 209//303
f 368//9306 298//354 300//353 369//9303
f 209//303 264//9305 265//9307 211//304
f 211//304 265//9307 266//9308 213//305
f 367//9309 296//355 298//354 368//9306
f 213//305 266//9308 267//9310 215//306
f 215//306 267//9310 268//9311 217//307
f 366//9312 294//356 296//355 367//9309
f 217//307 268//9311 269//9313 219//308
f 219//308 269//9313 270//9314 221//309
f 365//9315 292//357 294//356 366//9312
f 221//309 270//9314 271//9316 223//310
f 223//310 271//9316 272//9317 225//311
f 364//9318 290//358 292//357 365//9315
f 225//311 272//9317 273//9319 227//312
f 227//312 273//9319 274//9320 229//313
f 363//9321 288//359 290//358 364//9318
f 229//313 274//9320 275//9322 231//314
f 231//314 275//9322 276//9323 233//315
f 281//9324 286//320 288//359 363//9321
f 233//315 276//9323 277//9325 235//316
f 235//316 277//9325 278//9326 237//317
f 282//9327 284//321 286//320 281//9324
f 237//317 278//9326 279//9328 239//318
f 239//318 279//9328 280//9329 241//319
f 241//319 280//9329 162//9327 163//280
f 163//280 162//9327 161//9273 165//281
f 380//9272 322//342 324//341 381//9301
f 381//9301 324//341 326//340 382//9330
f 382//9330 326//340 328//339 383//9331
f 383//9331 328//339 330//338 384//9332
f 384//9332 330//338 332//337 385//9333
f 385//9333 332//337 334//336 386//9334
f 386//9334 334//336 336//335 387//9335
f 387//9335 336//335 338//334 388//9336
f 388//9336 338//334 340//333 389//9337
f 389//9337 340//333 342//332 390//9338
f 390//9338 342//332 344//331 391//9339
f 391//9339 344//331 346//330 392//9340
f 392//9340 346//330 348//329 393//9341
f 393//9341 348//329 350//328 394//9342
f 394//9342 350//328 352//327 395//9343
f 395//9343 352//327 354//326 396//9344
f 396//9344 354//326 356//325 397//9345
f 397//9345 356//325 358//324 398//9346
f 398//9346 358//324 360//323 399//9347
f 399//9347 360//323 362//322 400//9348
f 400//9348 362//322 284//321 282//9327
f 683//620 741//9301 742//9349 685//621
f 679//618 739//9350 740//9351 681//619
f 677//617 738//9352 739//9350 679//618
f 675//616 737//9353 738//9352 677//617
f 673//615 736//9354 737//9353 675//616
f 671//614 735//9355 736//9354 673//615
f 669//613 734//9356 735//9355 671//614
f 667//612 733//9357 734//9356 669//613
f 665//611 732//9358 733//9357 667//612
f 663//610 731//9359 732//9358 665//611
f 661//609 730//9360 731//9359 663//610
f 659//608 729//9361 730//9360 661//609
f 657//607 728//9362 729//9361 659//608
f 655//606 727//9363 728//9362 657//607
f 653//605 726//9364 727//9363 655//606
f 651//604 725//9365 726//9364 653//605
f 649//603 724//9366 725//9365 651//604
f 647//602 723//9367 724//9366 649//603
f 645//601 641//9368 723//9367 647//602
f 681//619 740//9351 741//9301 683//620
f 685//621 742//9349 743//9369 687//622
f 687//622 743//9369 744//9370 689//623
f 689//623 744//9370 745//9371 691//624
f 691//624 745//9371 746//9372 693//625
f 693//625 746//9372 747//9373 695//626
f 695//626 747//9373 748//9374 697//627
f 697//627 748//9374 749//9375 699//628
f 699//628 749//9375 750//9376 701//629
f 701//629 750//9376 751//9377 703//630
f 703//630 751//9377 752//9378 705//631
f 705//631 752//9378 753//9379 707//632
f 707//632 753//9379 754//9380 709//633
f 709//633 754//9380 755//9381 711//634
f 711//634 755//9381 756//9382 713//635
f 713//635 756//9382 757//9383 715//636
f 715//636 757//9383 758//9384 717//637
f 717//637 758//9384 759//9385 719//638
f 719//638 759//9385 760//9386 721//639
f 721//639 760//9386 642//9327 643//600
f 643//600 642//9327 641//9368 645//601
f 979//9387 920//743 922//742 980//9388
f 978//9389 918//744 920//743 979//9387
f 977//9390 916//745 918//744 978//9389
f 976//9391 914//746 916//745 977//9390
f 975//9392 912//747 914//746 976//9391
f 974//9393 910//748 912//747 975//9392
f 973//9394 908//749 910//748 974//9393
f 972//9395 906//750 908//749 973//9394
f 971//9396 904//751 906//750 972//9395
f 970//9397 902//752 904//751 971//9396
f 969//9398 900//753 902//752 970//9397
f 968//9399 898//754 900//753 969//9398
f 967//9400 896//755 898//754 968//9399
f 966//9401 894//756 896//755 967//9400
f 965//9402 892//757 894//756 966//9401
f 964//9403 890//758 892//757 965//9402
f 963//9404 888//759 890//758 964//9403
f 881//9405 886//720 888//759 963//9404
f 882//9327 884//721 886//720 881//9405
f 980//9388 922//742 924//741 981//9301
f 981//9301 924//741 926//740 982//9406
f 982//9406 926//740 928//739 983//9407
f 983//9407 928//739 930//738 984//9408
f 984//9408 930//738 932//737 985//9409
f 985//9409 932//737 934//736 986//9410
f 986//9410 934//736 936//735 987//9411
f 987//9411 936//735 938//734 988//9412
f 988//9412 938//734 940//733 989//9413
f 989//9413 940//733 942//732 990//9414
f 990//9414 942//732 944//731 991//9415
f 991//9415 944//731 946//730 992//9416
f 992//9416 946//730 948//729 993//9417
f 993//9417 948//729 950//728 994//9418
f 994//9418 950//728 952//727 995//9419
f 995//9419 952//727 954//726 996//9420
f 996//9420 954//726 956//725 997//9421
f 997//9421 956//725 958//724 998//9422
f 998//9422 958//724 960//723 999//9423
f 999//9423 960//723 962//722 1000//9424
f 1000//9424 962//722 884//721 882//9327
f 1043//860 1101//9301 1102//9425 1045//861
f 1039//858 1099//9426 1100//9427 1041//859
f 1037//857 1098//9428 1099//9426 1039//858
f 1035//856 1097//9429 1098//9428 1037//857
f 1033//855 1096//9430 1097//9429 1035//856
f 1031//854 1095//9431 1096//9430 1033//855
f 1029//853 1094//9432 1095//9431 1031//854
f 1027//852 1093//9433 1094//9432 1029//853
f 1025//851 1092//9434 1093//9433 1027//852
f 1023//850 1091//9435 1092//9434 1025//851
f 1021//849 1090//9436 1091//9435 1023//850
f 1019//848 1089//9437 1090//9436 1021//849
f 1017//847 1088//9438 1089//9437 1019//848
f 1015//846 1087//9439 1088//9438 1017//847
f 1013//845 1086//9440 1087//9439 1015//846
f 1011//844 1085//9441 1086//9440 1013//845
f 1009//843 1084//9442 1085//9441 1011//844
f 1007//842 1083//9443 1084//9442 1009//843
f 1005//841 1001//9444 1083//9443 1007//842
f 1041//859 1100//9427 1101//9301 1043//860
f 1045//861 1102//9425 1103//9445 1047//862
f 1047//862 1103//9445 1104//9446 1049//863
f 1049//863 1104//9446 1105//9447 1051//864
f 1051//864 1105//9447 1106//9448 1053//865
f 1053//865 1106//9448 1107//9449 1055//866
f 1055//866 1107//9449 1108//9450 1057//867
f 1057//867 1108//9450 1109//9451 1059//868
f 1059//868 1109//9451 1110//9452 1061//869
f 1061//869 1110//9452 1111//9453 1063//870
f 1063//870 1111//9453 1112//9454 1065//871
f 1065//871 1112//9454 1113//9455 1067//872
f 1067//872 1113//9455 1114//9456 1069//873
f 1069//873 1114//9456 1115//9457 1071//874
f 1071//874 1115//9457 1116//9458 1073//875
f 1073//875 1116//9458 1117//9459 1075//876
f 1075//876 1117//9459 1118//9460 1077//877
f 1077//877 1118//9460 1119//9461 1079//878
f 1079//878 1119//9461 1120//9462 1081//879
f 1081//879 1120//9462 1002//9327 1003//840
f 1003//840 1002//9327 1001//9444 1005//841
f 1283//1020 1341//9301 1342//9463 1285//1021
f 1279//1018 1339//9464 1340//9465 1281//1019
f 1277//1017 1338//9466 1339//9464 1279//1018
f 1275//1016 1337//9467 1338//9466 1277//1017
f 1273//1015 1336//9468 1337//9467 1275//1016
f 1271//1014 1335//9469 1336//9468 1273//1015
f 1269//1013 1334//9470 1335//9469 1271//1014
f 1267//1012 1333//9471 1334//9470 1269//1013
f 1265//1011 1332//9472 1333//9471 1267//1012
f 1263//1010 1331//9473 1332//9472 1265//1011
f 1261//1009 1330//9474 1331//9473 1263//1010
f 1259//1008 1329//9475 1330//9474 1261//1009
f 1257//1007 1328//9476 1329//9475 1259//1008
f 1255//1006 1327//9477 1328//9476 1257//1007
f 1253//1005 1326//9478 1327//9477 1255//1006
f 1251//1004 1325//9479 1326//9478 1253//1005
f 1249//1003 1324//9480 1325//9479 1251//1004
f 1247//1002 1323//9481 1324//9480 1249//1003
f 1245//1001 1241//9482 1323//9481 1247//1002
f 1281//1019 1340//9465 1341//9301 1283//1020
f 1285//1021 1342//9463 1343//9483 1287//1022
f 1287//1022 1343//9483 1344//9484 1289//1023
f 1289//1023 1344//9484 1345//9485 1291//1024
f 1291//1024 1345//9485 1346//9486 1293//1025
f 1293//1025 1346//9486 1347//9487 1295//1026
f 1295//1026 1347//9487 1348//9488 1297//1027
f 1297//1027 1348//9488 1349//9489 1299//1028
f 1299//1028 1349//9489 1350//9490 1301//1029
f 1301//1029 1350//9490 1351//9491 1303//1030
f 1303//1030 1351//9491 1352//9492 1305//1031
f 1305//1031 1352//9492 1353//9493 1307//1032
f 1307//1032 1353//9493 1354//9494 1309//1033
f 1309//1033 1354//9494 1355//9495 1311//1034
f 1311//1034 1355//9495 1356//9496 1313//1035
f 1313//1035 1356//9496 1357//9497 1315//1036
f 1315//1036 1357//9497 1358//9498 1317//1037
f 1317//1037 1358//9498 1359//9499 1319//1038
f 1319//1038 1359//9499 1360//9500 1321//1039
f 1321//1039 1360//9500 1242//9327 1243//1000
f 1243//1000 1242//9327 1241//9482 1245//1001
f 1579//9501 1520//1143 1522//1142 1580//9502
f 1578//9503 1518//1144 1520//1143 1579//9501
f 1577//9504 1516//1145 1518//1144 1578//9503
f 1576//9505 1514//1146 1516//1145 1577//9504
f 1575//9506 1512//1147 1514//1146 1576//9505
f 1574//9507 1510//1148 1512//1147 1575//9506
f 1573//9508 1508//1149 1510//1148 1574//9507
f 1572//9509 1506//1150 1508//1149 1573//9508
f 1571//9510 1504//1151 1506//1150 1572//9509
f 1570//9511 1502//1152 1504//1151 1571//9510
f 1569//9512 1500//1153 1502//1152 1570//9511
f 1568//9513 1498//1154 1500//1153 1569//9512
f 1567//9514 1496//1155 1498//1154 1568//9513
f 1566//9515 1494//1156 1496//1155 1567//9514
f 1565//9516 1492//1157 1494//1156 1566//9515
f 1564//9517 1490//1158 1492//1157 1565//9516
f 1563//9518 1488//1159 1490//1158 1564//9517
f 1481//9519 1486//1120 1488//1159 1563//9518
f 1482//9327 1484//1121 1486//1120 1481//9519
f 1580//9502 1522//1142 1524//1141 1581//9301
f 1581//9301 1524//1141 1526//1140 1582//9520
f 1582//9520 1526//1140 1528//1139 1583//9521
f 1583//9521 1528//1139 1530//1138 1584//9522
f 1584//9522 1530//1138 1532//1137 1585//9523
f 1585//9523 1532//1137 1534//1136 1586//9524
f 1586//9524 1534//1136 1536//1135 1587//9525
f 1587//9525 1536//1135 1538//1134 1588//9526
f 1588//9526 1538//1134 1540//1133 1589//9527
f 1589//9527 1540//1133 1542//1132 1590//9528
f 1590//9528 1542//1132 1544//1131 1591//9529
f 1591//9529 1544//1131 1546//1130 1592//9530
f 1592//9530 1546//1130 1548//1129 1593//9531
f 1593//9531 1548//1129 1550//1128 1594//9532
f 1594//9532 1550//1128 1552//1127 1595//9533
f 1595//9533 1552//1127 1554//1126 1596//9534
f 1596//9534 1554//1126 1556//1125 1597//9535
f 1597//9535 1556//1125 1558//1124 1598//9536
f 1598//9536 1558//1124 1560//1123 1599//9537
f 1599//9537 1560//1123 1562//1122 1600//9538
f 1600//9538 1562//1122 1484//1121 1482//9327
f 1643//1260 1701//9301 1702//9539 1645//1261
f 1639//1258 1699//9540 1700//9541 1641//1259
f 1637//1257 1698//9542 1699//9540 1639//1258
f 1635//1256 1697//9543 1698//9542 1637//1257
f 1633//1255 1696//9544 1697//9543 1635//1256
f 1631//1254 1695//9545 1696//9544 1633//1255
f 1629//1253 1694//9546 1695//9545 1631//1254
f 1627//1252 1693//9547 1694//9546 1629//1253
f 1625//1251 1692//9548 1693//9547 1627//1252
f 1623//1250 1691//9549 1692//9548 1625//1251
f 1621//1249 1690//9550 1691//9549 1623//1250
f 1619//1248 1689//9551 1690//9550 1621//1249
f 1617//1247 1688//9552 1689//9551 1619//1248
f 1615//1246 1687//9553 1688//9552 1617//1247
f 1613//1245 1686//9554 1687//9553 1615//1246
f 1611//1244 1685//9555 1686//9554 1613//1245
f 1609//1243 1684//9556 1685//9555 1611//1244
f 1607//1242 1683//9557 1684//9556 1609//1243
f 1605//1241 1601//9558 1683//9557 1607//1242
f 1641//1259 1700//9541 1701//9301 1643//1260
f 1645//1261 1702//9539 1703//9559 1647//1262
f 1647//1262 1703//9559 1704//9560 1649//1263
f 1649//1263 1704//9560 1705//9561 1651//1264
f 1651//1264 1705//9561 1706//9562 1653//1265
f 1653//1265 1706//9562 1707//9563 1655//1266
f 1655//1266 1707//9563 1708//9564 1657//1267
f 1657//1267 1708//9564 1709//9565 1659//1268
f 1659//1268 1709//9565 1710//9566 1661//1269
f 1661//1269 1710//9566 1711//9567 1663//1270
f 1663//1270 1711//9567 1712//9568 1665//1271
f 1665//1271 1712//9568 1713//9569 1667//1272
f 1667//1272 1713//9569 1714//9570 1669//1273
f 1669//1273 1714//9570 1715//9571 1671//1274
f 1671//1274 1715//9571 1716//9572 1673//1275
f 1673//1275 1716//9572 1717//9573 1675//1276
f 1675//1276 1717//9573 1718//9574 1677//1277
f 1677//1277 1718//9574 1719//9575 1679//1278
f 1679//1278 1719//9575 1720//9576 1681//1279
f 1681//1279 1720//9576 1602//9327 1603//1240
f 1603//1240 1602//9327 1601//9558 1605//1241
f 1939//9577 1880//1383 1882//1382 1940//9578
f 1938//9579 1878//1384 1880//1383 1939//9577
f 1937//9580 1876//1385 1878//1384 1938//9579
f 1936//9581 1874//1386 1876//1385 1937//9580
f 1935//9582 1872//1387 1874//1386 1936//9581
f 1934//9583 1870//1388 1872//1387 1935//9582
f 1933//9584 1868//1389 1870//1388 1934//9583
f 1932//9585 1866//1390 1868//1389 1933//9584
f 1931//9586 1864//1391 1866//1390 1932//9585
f 1930//9587 1862//1392 1864//1391 1931//9586
f 1929//9588 1860//1393 1862//1392 1930//9587
f 1928//9589 1858//1394 1860//1393 1929//9588
f 1927//9590 1856//1395 1858//1394 1928//9589
f 1926//9591 1854//1396 1856//1395 1927//9590
f 1925//9592 1852//1397 1854//1396 1926//9591
f 1924//9593 1850//1398 1852//1397 1925//9592
f 1923//9594 1848//1399 1850//1398 1924//9593
f 1841//9595 1846//1360 1848//1399 1923//9594
f 1842//9327 1844//1361 1846//1360 1841//9595
f 1940//9578 1882//1382 1884//1381 1941//9301
f 1941//9301 1884//1381 1886//1380 1942//9596
f 1942//9596 1886//1380 1888//1379 1943//9597
f 1943//9597 1888//1379 1890//1378 1944//9598
f 1944//9598 1890//1378 1892//1377 1945//9599
f 1945//9599 1892//1377 1894//1376 1946//9600
f 1946//9600 1894//1376 1896//1375 1947//9601
f 1947//9601 1896//1375 1898//1374 1948//9602
f 1948//9602 1898//1374 1900//1373 1949//9603
f 1949//9603 1900//1373 1902//1372 1950//9604
f 1950//9604 1902//1372 1904//1371 1951//9605
f 1951//9605 1904//1371 1906//1370 1952//9606
f 1952//9606 1906//1370 1908//1369 1953//9607
f 1953//9607 1908//1369 1910//1368 1954//9608
f 1954//9608 1910//1368 1912//1367 1955//9609
f 1955//9609 1912//1367 1914//1366 1956//9610
f 1956//9610 1914//1366 1916//1365 1957//9611
f 1957//9611 1916//1365 1918//1364 1958//9612
f 1958//9612 1918//1364 1920//1363 1959//9613
f 1959//9613 1920//1363 1922//1362 1960//9614
f 1960//9614 1922//1362 1844//1361 1842//9327
usemtl Material.010
f 162//9327 164//241 166//240 161//9273
f 323//380 381//9301 382//9330 325//381
f 161//9273 166//240 168//279 243//9274
f 243//9274 168//279 170//278 244//9275
f 319//378 379//9271 380//9272 321//379
f 244//9275 170//278 172//277 245//9277
f 245//9277 172//277 174//276 246//9278
f 317//377 378//9276 379//9271 319//378
f 246//9278 174//276 176//275 247//9280
f 247//9280 176//275 178//274 248//9281
f 315//376 377//9279 378//9276 317//377
f 248//9281 178//274 180//273 249//9283
f 249//9283 180//273 182//272 250//9284
f 313//375 376//9282 377//9279 315//376
f 250//9284 182//272 184//271 251//9286
f 251//9286 184//271 186//270 252//9287
f 311//374 375//9285 376//9282 313//375
f 252//9287 186//270 188//269 253//9289
f 253//9289 188//269 190//268 254//9290
f 309//373 374//9288 375//9285 311//374
f 254//9290 190//268 192//267 255//9292
f 255//9292 192//267 194//266 256//9293
f 307//372 373//9291 374//9288 309//373
f 256//9293 194//266 196//265 257//9295
f 257//9295 196//265 198//264 258//9296
f 305//371 372//9294 373//9291 307//372
f 258//9296 198//264 200//263 259//9298
f 259//9298 200//263 202//262 260//9299
f 303//370 371//9297 372//9294 305//371
f 260//9299 202//262 204//261 261//9301
f 261//9301 204//261 206//260 262//9302
f 301//369 370//9300 371//9297 303//370
f 262//9302 206//260 208//259 263//9304
f 263//9304 208//259 210//258 264//9305
f 299//368 369//9303 370//9300 301//369
f 264//9305 210//258 212//257 265//9307
f 265//9307 212//257 214//256 266//9308
f 297//367 368//9306 369//9303 299//368
f 266//9308 214//256 216//255 267//9310
f 267//9310 216//255 218//254 268//9311
f 295//366 367//9309 368//9306 297//367
f 268//9311 218//254 220//253 269//9313
f 269//9313 220//253 222//252 270//9314
f 293//365 366//9312 367//9309 295//366
f 270//9314 222//252 224//251 271//9316
f 271//9316 224//251 226//250 272//9317
f 291//364 365//9315 366//9312 293//365
f 272//9317 226//250 228//249 273//9319
f 273//9319 228//249 230//248 274//9320
f 289//363 364//9318 365//9315 291//364
f 274//9320 230//248 232//247 275//9322
f 275//9322 232//247 234//246 276//9323
f 287//362 363//9321 364//9318 289//363
f 276//9323 234//246 236//245 277//9325
f 277//9325 236//245 238//244 278//9326
f 285//361 281//9324 363//9321 287//362
f 278//9326 238//244 240//243 279//9328
f 279//9328 240//243 242//242 280//9329
f 321//379 380//9272 381//9301 323//380
f 280//9329 242//242 164//241 162//9327
f 325//381 382//9330 383//9331 327//382
f 327//382 383//9331 384//9332 329//383
f 329//383 384//9332 385//9333 331//384
f 331//384 385//9333 386//9334 333//385
f 333//385 386//9334 387//9335 335//386
f 335//386 387//9335 388//9336 337//387
f 337//387 388//9336 389//9337 339//388
f 339//388 389//9337 390//9338 341//389
f 341//389 390//9338 391//9339 343//390
f 343//390 391//9339 392//9340 345//391
f 345//391 392//9340 393//9341 347//392
f 347//392 393//9341 394//9342 349//393
f 349//393 394//9342 395//9343 351//394
f 351//394 395//9343 396//9344 353//395
f 353//395 396//9344 397//9345 355//396
f 355//396 397//9345 398//9346 357//397
f 357//397 398//9346 399//9347 359//398
f 359//398 399//9347 400//9348 361//399
f 361//399 400//9348 282//9327 283//360
f 283//360 282//9327 281//9324 285//361
f 739//9350 680//583 682//582 740//9351
f 738//9352 678//584 680//583 739//9350
f 737//9353 676//585 678//584 738//9352
f 736//9354 674//586 676//585 737//9353
f 735//9355 672//587 674//586 736//9354
f 734//9356 670//588 672//587 735//9355
f 733//9357 668//589 670//588 734//9356
f 732//9358 666//590 668//589 733//9357
f 731//9359 664//591 666//590 732//9358
f 730//9360 662//592 664//591 731//9359
f 729//9361 660//593 662//592 730//9360
f 728//9362 658//594 660//593 729//9361
f 727//9363 656//595 658//594 728//9362
f 726//9364 654//596 656//595 727//9363
f 725//9365 652//597 654//596 726//9364
f 724//9366 650//598 652//597 725//9365
f 723//9367 648//599 650//598 724//9366
f 641//9368 646//560 648//599 723//9367
f 642//9327 644//561 646//560 641//9368
f 740//9351 682//582 684//581 741//9301
f 741//9301 684//581 686//580 742//9349
f 742//9349 686//580 688//579 743//9369
f 743//9369 688//579 690//578 744//9370
f 744//9370 690//578 692//577 745//9371
f 745//9371 692//577 694//576 746//9372
f 746//9372 694//576 696//575 747//9373
f 747//9373 696//575 698//574 748//9374
f 748//9374 698//574 700//573 749//9375
f 749//9375 700//573 702//572 750//9376
f 750//9376 702//572 704//571 751//9377
f 751//9377 704//571 706//570 752//9378
f 752//9378 706//570 708//569 753//9379
f 753//9379 708//569 710//568 754//9380
f 754//9380 710//568 712//567 755//9381
f 755//9381 712//567 714//566 756//9382
f 756//9382 714//566 716//565 757//9383
f 757//9383 716//565 718//564 758//9384
f 758//9384 718//564 720//563 759//9385
f 759//9385 720//563 722//562 760//9386
f 760//9386 722//562 644//561 642//9327
f 923//780 981//9301 982//9406 925//781
f 919//778 979//9387 980//9388 921//779
f 917//777 978//9389 979//9387 919//778
f 915//776 977//9390 978//9389 917//777
f 913//775 976//9391 977//9390 915//776
f 911//774 975//9392 976//9391 913//775
f 909//773 974//9393 975//9392 911//774
f 907//772 973//9394 974//9393 909//773
f 905//771 972//9395 973//9394 907//772
f 903//770 971//9396 972//9395 905//771
f 901//769 970//9397 971//9396 903//770
f 899//768 969//9398 970//9397 901//769
f 897//767 968//9399 969//9398 899//768
f 895//766 967//9400 968//9399 897//767
f 893//765 966//9401 967//9400 895//766
f 891//764 965//9402 966//9401 893//765
f 889//763 964//9403 965//9402 891//764
f 887//762 963//9404 964//9403 889//763
f 885//761 881//9405 963//9404 887//762
f 921//779 980//9388 981//9301 923//780
f 925//781 982//9406 983//9407 927//782
f 927//782 983//9407 984//9408 929//783
f 929//783 984//9408 985//9409 931//784
f 931//784 985//9409 986//9410 933//785
f 933//785 986//9410 987//9411 935//786
f 935//786 987//9411 988//9412 937//787
f 937//787 988//9412 989//9413 939//788
f 939//788 989//9413 990//9414 941//789
f 941//789 990//9414 991//9415 943//790
f 943//790 991//9415 992//9416 945//791
f 945//791 992//9416 993//9417 947//792
f 947//792 993//9417 994//9418 949//793
f 949//793 994//9418 995//9419 951//794
f 951//794 995//9419 996//9420 953//795
f 953//795 996//9420 997//9421 955//796
f 955//796 997//9421 998//9422 957//797
f 957//797 998//9422 999//9423 959//798
f 959//798 999//9423 1000//9424 961//799
f 961//799 1000//9424 882//9327 883//760
f 883//760 882//9327 881//9405 885//761
f 1099//9426 1040//823 1042//822 1100//9427
f 1098//9428 1038//824 1040//823 1099//9426
f 1097//9429 1036//825 1038//824 1098//9428
f 1096//9430 1034//826 1036//825 1097//9429
f 1095//9431 1032//827 1034//826 1096//9430
f 1094//9432 1030//828 1032//827 1095//9431
f 1093//9433 1028//829 1030//828 1094//9432
f 1092//9434 1026//830 1028//829 1093//9433
f 1091//9435 1024//831 1026//830 1092//9434
f 1090//9436 1022//832 1024//831 1091//9435
f 1089//9437 1020//833 1022//832 1090//9436
f 1088//9438 1018//834 1020//833 1089//9437
f 1087//9439 1016//835 1018//834 1088//9438
f 1086//9440 1014//836 1016//835 1087//9439
f 1085//9441 1012//837 1014//836 1086//9440
f 1084//9442 1010//838 1012//837 1085//9441
f 1083//9443 1008//839 1010//838 1084//9442
f 1001//9444 1006//800 1008//839 1083//9443
f 1002//9327 1004//801 1006//800 1001//9444
f 1100//9427 1042//822 1044//821 1101//9301
f 1101//9301 1044//821 1046//820 1102//9425
f 1102//9425 1046//820 1048//819 1103//9445
f 1103//9445 1048//819 1050//818 1104//9446
f 1104//9446 1050//818 1052//817 1105//9447
f 1105//9447 1052//817 1054//816 1106//9448
f 1106//9448 1054//816 1056//815 1107//9449
f 1107//9449 1056//815 1058//814 1108//9450
f 1108//9450 1058//814 1060//813 1109//9451
f 1109//9451 1060//813 1062//812 1110//9452
f 1110//9452 1062//812 1064//811 1111//9453
f 1111//9453 1064//811 1066//810 1112//9454
f 1112//9454 1066//810 1068//809 1113//9455
f 1113//9455 1068//809 1070//808 1114//9456
f 1114//9456 1070//808 1072//807 1115//9457
f 1115//9457 1072//807 1074//806 1116//9458
f 1116//9458 1074//806 1076//805 1117//9459
f 1117//9459 1076//805 1078//804 1118//9460
f 1118//9460 1078//804 1080//803 1119//9461
f 1119//9461 1080//803 1082//802 1120//9462
f 1120//9462 1082//802 1004//801 1002//9327
f 1339//9464 1280//983 1282//982 1340//9465
f 1338//9466 1278//984 1280//983 1339//9464
f 1337//9467 1276//985 1278//984 1338//9466
f 1336//9468 1274//986 1276//985 1337//9467
f 1335//9469 1272//987 1274//986 1336//9468
f 1334//9470 1270//988 1272//987 1335//9469
f 1333//9471 1268//989 1270//988 1334//9470
f 1332//9472 1266//990 1268//989 1333//9471
f 1331//9473 1264//991 1266//990 1332//9472
f 1330//9474 1262//992 1264//991 1331//9473
f 1329//9475 1260//993 1262//992 1330//9474
f 1328//9476 1258//994 1260//993 1329//9475
f 1327//9477 1256//995 1258//994 1328//9476
f 1326//9478 1254//996 1256//995 1327//9477
f 1325//9479 1252//997 1254//996 1326//9478
f 1324//9480 1250//998 1252//997 1325//9479
f 1323//9481 1248//999 1250//998 1324//9480
f 1241//9482 1246//960 1248//999 1323//9481
f 1242//9327 1244//961 1246//960 1241//9482
f 1340//9465 1282//982 1284//981 1341//9301
f 1341//9301 1284//981 1286//980 1342//9463
f 1342//9463 1286//980 1288//979 1343//9483
f 1343//9483 1288//979 1290//978 1344//9484
f 1344//9484 1290//978 1292//977 1345//9485
f 1345//9485 1292//977 1294//976 1346//9486
f 1346//9486 1294//976 1296//975 1347//9487
f 1347//9487 1296//975 1298//974 1348//9488
f 1348//9488 1298//974 1300//973 1349//9489
f 1349//9489 1300//973 1302//972 1350//9490
f 1350//9490 1302//972 1304//971 1351//9491
f 1351//9491 1304//971 1306//970 1352//9492
f 1352//9492 1306//970 1308//969 1353//9493
f 1353//9493 1308//969 1310//968 1354//9494
f 1354//9494 1310//968 1312//967 1355//9495
f 1355//9495 1312//967 1314//966 1356//9496
f 1356//9496 1314//966 1316//965 1357//9497
f 1357//9497 1316//965 1318//964 1358//9498
f 1358//9498 1318//964 1320//963 1359//9499
f 1359//9499 1320//963 1322//962 1360//9500
f 1360//9500 1322//962 1244//961 1242//9327
f 1523//1180 1581//9301 1582//9520 1525//1181
f 1519//1178 1579//9501 1580//9502 1521//1179
f 1517//1177 1578//9503 1579//9501 1519//1178
f 1515//1176 1577//9504 1578//9503 1517//1177
f 1513//1175 1576//9505 1577//9504 1515//1176
f 1511//1174 1575//9506 1576//9505 1513//1175
f 1509//1173 1574//9507 1575//9506 1511//1174
f 1507//1172 1573//9508 1574//9507 1509//1173
f 1505//1171 1572//9509 1573//9508 1507//1172
f 1503//1170 1571//9510 1572//9509 1505//1171
f 1501//1169 1570//9511 1571//9510 1503//1170
f 1499//1168 1569//9512 1570//9511 1501//1169
f 1497//1167 1568//9513 1569//9512 1499//1168
f 1495//1166 1567//9514 1568//9513 1497//1167
f 1493//1165 1566//9515 1567//9514 1495//1166
f 1491//1164 1565//9516 1566//9515 1493//1165
f 1489//1163 1564//9517 1565//9516 1491//1164
f 1487//1162 1563//9518 1564//9517 1489//1163
f 1485//1161 1481//9519 1563//9518 1487//1162
f 1521//1179 1580//9502 1581//9301 1523//1180
f 1525//1181 1582//9520 1583//9521 1527//1182
f 1527//1182 1583//9521 1584//9522 1529//1183
f 1529//1183 1584//9522 1585//9523 1531//1184
f 1531//1184 1585//9523 1586//9524 1533//1185
f 1533//1185 1586//9524 1587//9525 1535//1186
f 1535//1186 1587//9525 1588//9526 1537//1187
f 1537//1187 1588//9526 1589//9527 1539//1188
f 1539//1188 1589//9527 1590//9528 1541//1189
f 1541//1189 1590//9528 1591//9529 1543//1190
f 1543//1190 1591//9529 1592//9530 1545//1191
f 1545//1191 1592//9530 1593//9531 1547//1192
f 1547//1192 1593//9531 1594//9532 1549//1193
f 1549//1193 1594//9532 1595//9533 1551//1194
f 1551//1194 1595//9533 1596//9534 1553//1195
f 1553//1195 1596//9534 1597//9535 1555//1196
f 1555//1196 1597//9535 1598//9536 1557//1197
f 1557//1197 1598//9536 1599//9537 1559//1198
f 1559//1198 1599//9537 1600//9538 1561//1199
f 1561//1199 1600//9538 1482//9327 1483//1160
f 1483//1160 1482//9327 1481//9519 1485//1161
f 1699//9540 1640//1223 1642//1222 1700//9541
f 1698//9542 1638//1224 1640//1223 1699//9540
f 1697//9543 1636//1225 1638//1224 1698//9542
f 1696//9544 1634//1226 1636//1225 1697//9543
f 1695//9545 1632//1227 1634//1226 1696//9544
f 1694//9546 1630//1228 1632//1227 1695//9545
f 1693//9547 1628//1229 1630//1228 1694//9546
f 1692//9548 1626//1230 1628//1229 1693//9547
f 1691//9549 1624//1231 1626//1230 1692//9548
f 1690//9550 1622//1232 1624//1231 1691//9549
f 1689//9551 1620//1233 1622//1232 1690//9550
f 1688//9552 1618//1234 1620//1233 1689//9551
f 1687//9553 1616//1235 1618//1234 1688//9552
f 1686//9554 1614//1236 1616//1235 1687//9553
f 1685//9555 1612//1237 1614//1236 1686//9554
f 1684//9556 1610//1238 1612//1237 1685//9555
f 1683//9557 1608//1239 1610//1238 1684//9556
f 1601//9558 1606//1200 1608//1239 1683//9557
f 1602//9327 1604//1201 1606//1200 1601//9558
f 1700//9541 1642//1222 1644//1221 1701//9301
f 1701//9301 1644//1221 1646//1220 1702//9539
f 1702//9539 1646//1220 1648//1219 1703//9559
f 1703//9559 1648//1219 1650//1218 1704//9560
f 1704//9560 1650//1218 1652//1217 1705//9561
f 1705//9561 1652//1217 1654//1216 1706//9562
f 1706//9562 1654//1216 1656//1215 1707//9563
f 1707//9563 1656//1215 1658//1214 1708//9564
f 1708//9564 1658//1214 1660//1213 1709//9565
f 1709//9565 1660//1213 1662//1212 1710//9566
f 1710//9566 1662//1212 1664//1211 1711//9567
f 1711//9567 1664//1211 1666//1210 1712//9568
f 1712//9568 1666//1210 1668//1209 1713//9569
f 1713//9569 1668//1209 1670//1208 1714//9570
f 1714//9570 1670//1208 1672//1207 1715//9571
f 1715//9571 1672//1207 1674//1206 1716//9572
f 1716//9572 1674//1206 1676//1205 1717//9573
f 1717//9573 1676//1205 1678//1204 1718//9574
f 1718//9574 1678//1204 1680//1203 1719//9575
f 1719//9575 1680//1203 1682//1202 1720//9576
f 1720//9576 1682//1202 1604//1201 1602//9327
f 1883//1420 1941//9301 1942//9596 1885//1421
f 1879//1418 1939//9577 1940//9578 1881//1419
f 1877//1417 1938//9579 1939//9577 1879//1418
f 1875//1416 1937//9580 1938//9579 1877//1417
f 1873//1415 1936//9581 1937//9580 1875//1416
f 1871//1414 1935//9582 1936//9581 1873//1415
f 1869//1413 1934//9583 1935//9582 1871//1414
f 1867//1412 1933//9584 1934//9583 1869//1413
f 1865//1411 1932//9585 1933//9584 1867//1412
f 1863//1410 1931//9586 1932//9585 1865//1411
f 1861//1409 1930//9587 1931//9586 1863//1410
f 1859//1408 1929//9588 1930//9587 1861//1409
f 1857//1407 1928//9589 1929//9588 1859//1408
f 1855//1406 1927//9590 1928//9589 1857//1407
f 1853//1405 1926//9591 1927//9590 1855//1406
f 1851//1404 1925//9592 1926//9591 1853//1405
f 1849//1403 1924//9593 1925//9592 1851//1404
f 1847//1402 1923//9594 1924//9593 1849//1403
f 1845//1401 1841//9595 1923//9594 1847//1402
f 1881//1419 1940//9578 1941//9301 1883//1420
f 1885//1421 1942//9596 1943//9597 1887//1422
f 1887//1422 1943//9597 1944//9598 1889//1423
f 1889//1423 1944//9598 1945//9599 1891//1424
f 1891//1424 1945//9599 1946//9600 1893//1425
f 1893//1425 1946//9600 1947//9601 1895//1426
f 1895//1426 1947//9601 1948//9602 1897//1427
f 1897//1427 1948//9602 1949//9603 1899//1428
f 1899//1428 1949//9603 1950//9604 1901//1429
f 1901//1429 1950//9604 1951//9605 1903//1430
f 1903//1430 1951//9605 1952//9606 1905//1431
f 1905//1431 1952//9606 1953//9607 1907//1432
f 1907//1432 1953//9607 1954//9608 1909//1433
f 1909//1433 1954//9608 1955//9609 1911//1434
f 1911//1434 1955//9609 1956//9610 1913//1435
f 1913//1435 1956//9610 1957//9611 1915//1436
f 1915//1436 1957//9611 1958//9612 1917//1437
f 1917//1437 1958//9612 1959//9613 1919//1438
f 1919//1438 1959//9613 1960//9614 1921//1439
f 1921//1439 1960//9614 1842//9327 1843//1400
f 1843//1400 1842//9327 1841//9595 1845//1401
usemtl Material.008
f 443//460 501//9301 502//9615 445//461
f 439//458 499//9616 500//9617 441//459
f 437//457 498//9618 499//9616 439//458
f 435//456 497//9619 498//9618 437//457
f 433//455 496//9620 497//9619 435//456
f 431//454 495//9621 496//9620 433//455
f 429//453 494//9622 495//9621 431//454
f 427//452 493//9623 494//9622 429//453
f 425//451 492//9624 493//9623 427//452
f 423//450 491//9625 492//9624 425//451
f 421//449 490//9626 491//9625 423//450
f 419//448 489//9627 490//9626 421//449
f 417//447 488//9628 489//9627 419//448
f 415//446 487//9629 488//9628 417//447
f 413//445 486//9630 487//9629 415//446
f 411//444 485//9631 486//9630 413//445
f 409//443 484//9632 485//9631 411//444
f 407//442 483//9633 484//9632 409//443
f 405//441 401//9634 483//9633 407//442
f 441//459 500//9617 501//9301 443//460
f 445//461 502//9615 503//9635 447//462
f 447//462 503//9635 504//9636 449//463
f 449//463 504//9636 505//9637 451//464
f 451//464 505//9637 506//9638 453//465
f 453//465 506//9638 507//9639 455//466
f 455//466 507//9639 508//9640 457//467
f 457//467 508//9640 509//9641 459//468
f 459//468 509//9641 510//9642 461//469
f 461//469 510//9642 511//9643 463//470
f 463//470 511//9643 512//9644 465//471
f 465//471 512//9644 513//9645 467//472
f 467//472 513//9645 514//9646 469//473
f 469//473 514//9646 515//9647 471//474
f 471//474 515//9647 516//9648 473//475
f 473//475 516//9648 517//9649 475//476
f 475//476 517//9649 518//9650 477//477
f 477//477 518//9650 519//9651 479//478
f 479//478 519//9651 520//9652 481//479
f 481//479 520//9652 402//9327 403//440
f 403//440 402//9327 401//9634 405//441
f 619//9653 560//503 562//502 620//9654
f 618//9655 558//504 560//503 619//9653
f 617//9656 556//505 558//504 618//9655
f 616//9657 554//506 556//505 617//9656
f 615//9658 552//507 554//506 616//9657
f 614//9659 550//508 552//507 615//9658
f 613//9660 548//509 550//508 614//9659
f 612//9661 546//510 548//509 613//9660
f 611//9662 544//511 546//510 612//9661
f 610//9663 542//512 544//511 611//9662
f 609//9664 540//513 542//512 610//9663
f 608//9665 538//514 540//513 609//9664
f 607//9666 536//515 538//514 608//9665
f 606//9667 534//516 536//515 607//9666
f 605//9668 532//517 534//516 606//9667
f 604//9669 530//518 532//517 605//9668
f 603//9670 528//519 530//518 604//9669
f 521//9671 526//480 528//519 603//9670
f 522//9327 524//481 526//480 521//9671
f 620//9654 562//502 564//501 621//9301
f 621//9301 564//501 566//500 622//9672
f 622//9672 566//500 568//499 623//9673
f 623//9673 568//499 570//498 624//9674
f 624//9674 570//498 572//497 625//9675
f 625//9675 572//497 574//496 626//9676
f 626//9676 574//496 576//495 627//9677
f 627//9677 576//495 578//494 628//9678
f 628//9678 578//494 580//493 629//9679
f 629//9679 580//493 582//492 630//9680
f 630//9680 582//492 584//491 631//9681
f 631//9681 584//491 586//490 632//9682
f 632//9682 586//490 588//489 633//9683
f 633//9683 588//489 590//488 634//9684
f 634//9684 590//488 592//487 635//9685
f 635//9685 592//487 594//486 636//9686
f 636//9686 594//486 596//485 637//9687
f 637//9687 596//485 598//484 638//9688
f 638//9688 598//484 600//483 639//9689
f 639//9689 600//483 602//482 640//9690
f 640//9690 602//482 524//481 522//9327
f 803//700 861//9301 862//9691 805//701
f 799//698 859//9692 860//9693 801//699
f 797//697 858//9694 859//9692 799//698
f 795//696 857//9695 858//9694 797//697
f 793//695 856//9696 857//9695 795//696
f 791//694 855//9697 856//9696 793//695
f 789//693 854//9698 855//9697 791//694
f 787//692 853//9699 854//9698 789//693
f 785//691 852//9700 853//9699 787//692
f 783//690 851//9701 852//9700 785//691
f 781//689 850//9702 851//9701 783//690
f 779//688 849//9703 850//9702 781//689
f 777//687 848//9704 849//9703 779//688
f 775//686 847//9705 848//9704 777//687
f 773//685 846//9706 847//9705 775//686
f 771//684 845//9707 846//9706 773//685
f 769//683 844//9708 845//9707 771//684
f 767//682 843//9709 844//9708 769//683
f 765//681 761//9710 843//9709 767//682
f 801//699 860//9693 861//9301 803//700
f 805//701 862//9691 863//9711 807//702
f 807//702 863//9711 864//9712 809//703
f 809//703 864//9712 865//9713 811//704
f 811//704 865//9713 866//9714 813//705
f 813//705 866//9714 867//9715 815//706
f 815//706 867//9715 868//9716 817//707
f 817//707 868//9716 869//9717 819//708
f 819//708 869//9717 870//9718 821//709
f 821//709 870//9718 871//9719 823//710
f 823//710 871//9719 872//9720 825//711
f 825//711 872//9720 873//9721 827//712
f 827//712 873//9721 874//9722 829//713
f 829//713 874//9722 875//9723 831//714
f 831//714 875//9723 876//9724 833//715
f 833//715 876//9724 877//9725 835//716
f 835//716 877//9725 878//9726 837//717
f 837//717 878//9726 879//9727 839//718
f 839//718 879//9727 880//9728 841//719
f 841//719 880//9728 762//9327 763//680
f 763//680 762//9327 761//9710 765//681
f 1219//9729 1160//903 1162//902 1220//9730
f 1218//9731 1158//904 1160//903 1219//9729
f 1217//9732 1156//905 1158//904 1218//9731
f 1216//9733 1154//906 1156//905 1217//9732
f 1215//9734 1152//907 1154//906 1216//9733
f 1214//9735 1150//908 1152//907 1215//9734
f 1213//9736 1148//909 1150//908 1214//9735
f 1212//9737 1146//910 1148//909 1213//9736
f 1211//9738 1144//911 1146//910 1212//9737
f 1210//9739 1142//912 1144//911 1211//9738
f 1209//9740 1140//913 1142//912 1210//9739
f 1208//9741 1138//914 1140//913 1209//9740
f 1207//9742 1136//915 1138//914 1208//9741
f 1206//9743 1134//916 1136//915 1207//9742
f 1205//9744 1132//917 1134//916 1206//9743
f 1204//9745 1130//918 1132//917 1205//9744
f 1203//9746 1128//919 1130//918 1204//9745
f 1121//9747 1126//880 1128//919 1203//9746
f 1122//9327 1124//881 1126//880 1121//9747
f 1220//9730 1162//902 1164//901 1221//9301
f 1221//9301 1164//901 1166//900 1222//9748
f 1222//9748 1166//900 1168//899 1223//9749
f 1223//9749 1168//899 1170//898 1224//9750
f 1224//9750 1170//898 1172//897 1225//9751
f 1225//9751 1172//897 1174//896 1226//9752
f 1226//9752 1174//896 1176//895 1227//9753
f 1227//9753 1176//895 1178//894 1228//9754
f 1228//9754 1178//894 1180//893 1229//9755
f 1229//9755 1180//893 1182//892 1230//9756
f 1230//9756 1182//892 1184//891 1231//9757
f 1231//9757 1184//891 1186//890 1232//9758
f 1232//9758 1186//890 1188//889 1233//9759
f 1233//9759 1188//889 1190//888 1234//9760
f 1234//9760 1190//888 1192//887 1235//9761
f 1235//9761 1192//887 1194//886 1236//9762
f 1236//9762 1194//886 1196//885 1237//9763
f 1237//9763 1196//885 1198//884 1238//9764
f 1238//9764 1198//884 1200//883 1239//9765
f 1239//9765 1200//883 1202//882 1240//9766
f 1240//9766 1202//882 1124//881 1122//9327
f 1403//1100 1461//9301 1462//9767 1405//1101
f 1399//1098 1459//9768 1460//9769 1401//1099
f 1397//1097 1458//9770 1459//9768 1399//1098
f 1395//1096 1457//9771 1458//9770 1397//1097
f 1393//1095 1456//9772 1457//9771 1395//1096
f 1391//1094 1455//9773 1456//9772 1393//1095
f 1389//1093 1454//9774 1455//9773 1391//1094
f 1387//1092 1453//9775 1454//9774 1389//1093
f 1385//1091 1452//9776 1453//9775 1387//1092
f 1383//1090 1451//9777 1452//9776 1385//1091
f 1381//1089 1450//9778 1451//9777 1383//1090
f 1379//1088 1449//9779 1450//9778 1381//1089
f 1377//1087 1448//9780 1449//9779 1379//1088
f 1375//1086 1447//9781 1448//9780 1377//1087
f 1373//1085 1446//9782 1447//9781 1375//1086
f 1371//1084 1445//9783 1446//9782 1373//1085
f 1369//1083 1444//9784 1445//9783 1371//1084
f 1367//1082 1443//9785 1444//9784 1369//1083
f 1365//1081 1361//9786 1443//9785 1367//1082
f 1401//1099 1460//9769 1461//9301 1403//1100
f 1405//1101 1462//9767 1463//9787 1407//1102
f 1407//1102 1463//9787 1464//9788 1409//1103
f 1409//1103 1464//9788 1465//9789 1411//1104
f 1411//1104 1465//9789 1466//9790 1413//1105
f 1413//1105 1466//9790 1467//9791 1415//1106
f 1415//1106 1467//9791 1468//9792 1417//1107
f 1417//1107 1468//9792 1469//9793 1419//1108
f 1419//1108 1469//9793 1470//9794 1421//1109
f 1421//1109 1470//9794 1471//9795 1423//1110
f 1423//1110 1471//9795 1472//9796 1425//1111
f 1425//1111 1472//9796 1473//9797 1427//1112
f 1427//1112 1473//9797 1474//9798 1429//1113
f 1429//1113 1474//9798 1475//9799 1431//1114
f 1431//1114 1475//9799 1476//9800 1433//1115
f 1433//1115 1476//9800 1477//9801 1435//1116
f 1435//1116 1477//9801 1478//9802 1437//1117
f 1437//1117 1478//9802 1479//9803 1439//1118
f 1439//1118 1479//9803 1480//9804 1441//1119
f 1441//1119 1480//9804 1362//9327 1363//1080
f 1363//1080 1362//9327 1361//9786 1365//1081
f 1819//9805 1760//1303 1762//1302 1820//9806
f 1818//9807 1758//1304 1760//1303 1819//9805
f 1817//9808 1756//1305 1758//1304 1818//9807
f 1816//9809 1754//1306 1756//1305 1817//9808
f 1815//9810 1752//1307 1754//1306 1816//9809
f 1814//9811 1750//1308 1752//1307 1815//9810
f 1813//9812 1748//1309 1750//1308 1814//9811
f 1812//9813 1746//1310 1748//1309 1813//9812
f 1811//9814 1744//1311 1746//1310 1812//9813
f 1810//9815 1742//1312 1744//1311 1811//9814
f 1809//9816 1740//1313 1742//1312 1810//9815
f 1808//9817 1738//1314 1740//1313 1809//9816
f 1807//9818 1736//1315 1738//1314 1808//9817
f 1806//9819 1734//1316 1736//1315 1807//9818
f 1805//9820 1732//1317 1734//1316 1806//9819
f 1804//9821 1730//1318 1732//1317 1805//9820
f 1803//9822 1728//1319 1730//1318 1804//9821
f 1721//9823 1726//1280 1728//1319 1803//9822
f 1722//9327 1724//1281 1726//1280 1721//9823
f 1820//9806 1762//1302 1764//1301 1821//9301
f 1821//9301 1764//1301 1766//1300 1822//9824
f 1822//9824 1766//1300 1768//1299 1823//9825
f 1823//9825 1768//1299 1770//1298 1824//9826
f 1824//9826 1770//1298 1772//1297 1825//9827
f 1825//9827 1772//1297 1774//1296 1826//9828
f 1826//9828 1774//1296 1776//1295 1827//9829
f 1827//9829 1776//1295 1778//1294 1828//9830
f 1828//9830 1778//1294 1780//1293 1829//9831
f 1829//9831 1780//1293 1782//1292 1830//9832
f 1830//9832 1782//1292 1784//1291 1831//9833
f 1831//9833 1784//1291 1786//1290 1832//9834
f 1832//9834 1786//1290 1788//1289 1833//9835
f 1833//9835 1788//1289 1790//1288 1834//9836
f 1834//9836 1790//1288 1792//1287 1835//9837
f 1835//9837 1792//1287 1794//1286 1836//9838
f 1836//9838 1794//1286 1796//1285 1837//9839
f 1837//9839 1796//1285 1798//1284 1838//9840
f 1838//9840 1798//1284 1800//1283 1839//9841
f 1839//9841 1800//1283 1802//1282 1840//9842
f 1840//9842 1802//1282 1724//1281 1722//9327
f 2003//1500 2061//9301 2062//9843 2005//1501
f 1999//1498 2059//9844 2060//9845 2001//1499
f 1997//1497 2058//9846 2059//9844 1999//1498
f 1995//1496 2057//9847 2058//9846 1997//1497
f 1993//1495 2056//9848 2057//9847 1995//1496
f 1991//1494 2055//9849 2056//9848 1993//1495
f 1989//1493 2054//9850 2055//9849 1991//1494
f 1987//1492 2053//9851 2054//9850 1989//1493
f 1985//1491 2052//9852 2053//9851 1987//1492
f 1983//1490 2051//9853 2052//9852 1985//1491
f 1981//1489 2050//9854 2051//9853 1983//1490
f 1979//1488 2049//9855 2050//9854 1981//1489
f 1977//1487 2048//9856 2049//9855 1979//1488
f 1975//1486 2047//9857 2048//9856 1977//1487
f 1973//1485 2046//9858 2047//9857 1975//1486
f 1971//1484 2045//9859 2046//9858 1973//1485
f 1969//1483 2044//9860 2045//9859 1971//1484
f 1967//1482 2043//9861 2044//9860 1969//1483
f 1965//1481 1961//9862 2043//9861 1967//1482
f 2001//1499 2060//9845 2061//9301 2003//1500
f 2005//1501 2062//9843 2063//9863 2007//1502
f 2007//1502 2063//9863 2064//9864 2009//1503
f 2009//1503 2064//9864 2065//9865 2011//1504
f 2011//1504 2065//9865 2066//9866 2013//1505
f 2013//1505 2066//9866 2067//9867 2015//1506
f 2015//1506 2067//9867 2068//9868 2017//1507
f 2017//1507 2068//9868 2069//9869 2019//1508
f 2019//1508 2069//9869 2070//9870 2021//1509
f 2021//1509 2070//9870 2071//9871 2023//1510
f 2023//1510 2071//9871 2072//9872 2025//1511
f 2025//1511 2072//9872 2073//9873 2027//1512
f 2027//1512 2073//9873 2074//9874 2029//1513
f 2029//1513 2074//9874 2075//9875 2031//1514
f 2031//1514 2075//9875 2076//9876 2033//1515
f 2033//1515 2076//9876 2077//9877 2035//1516
f 2035//1516 2077//9877 2078//9878 2037//1517
f 2037//1517 2078//9878 2079//9879 2039//1518
f 2039//1518 2079//9879 2080//9880 2041//1519
f 2041//1519 2080//9880 1962//9327 1963//1480
f 1963//1480 1962//9327 1961//9862 1965//1481
usemtl Material.006
f 499//9616 440//423 442//422 500//9617
f 498//9618 438//424 440//423 499//9616
f 497//9619 436//425 438//424 498//9618
f 496//9620 434//426 436//425 497//9619
f 495//9621 432//427 434//426 496//9620
f 494//9622 430//428 432//427 495//9621
f 493//9623 428//429 430//428 494//9622
f 492//9624 426//430 428//429 493//9623
f 491//9625 424//431 426//430 492//9624
f 490//9626 422//432 424//431 491//9625
f 489//9627 420//433 422//432 490//9626
f 488//9628 418//434 420//433 489//9627
f 487//9629 416//435 418//434 488//9628
f 486//9630 414//436 416//435 487//9629
f 485//9631 412//437 414//436 486//9630
f 484//9632 410//438 412//437 485//9631
f 483//9633 408//439 410//438 484//9632
f 401//9634 406//400 408//439 483//9633
f 402//9327 404//401 406//400 401//9634
f 500//9617 442//422 444//421 501//9301
f 501//9301 444//421 446//420 502//9615
f 502//9615 446//420 448//419 503//9635
f 503//9635 448//419 450//418 504//9636
f 504//9636 450//418 452//417 505//9637
f 505//9637 452//417 454//416 506//9638
f 506//9638 454//416 456//415 507//9639
f 507//9639 456//415 458//414 508//9640
f 508//9640 458//414 460//413 509//9641
f 509//9641 460//413 462//412 510//9642
f 510//9642 462//412 464//411 511//9643
f 511//9643 464//411 466//410 512//9644
f 512//9644 466//410 468//409 513//9645
f 513//9645 468//409 470//408 514//9646
f 514//9646 470//408 472//407 515//9647
f 515//9647 472//407 474//406 516//9648
f 516//9648 474//406 476//405 517//9649
f 517//9649 476//405 478//404 518//9650
f 518//9650 478//404 480//403 519//9651
f 519//9651 480//403 482//402 520//9652
f 520//9652 482//402 404//401 402//9327
f 563//540 621//9301 622//9672 565//541
f 559//538 619//9653 620//9654 561//539
f 557//537 618//9655 619//9653 559//538
f 555//536 617//9656 618//9655 557//537
f 553//535 616//9657 617//9656 555//536
f 551//534 615//9658 616//9657 553//535
f 549//533 614//9659 615//9658 551//534
f 547//532 613//9660 614//9659 549//533
f 545//531 612//9661 613//9660 547//532
f 543//530 611//9662 612//9661 545//531
f 541//529 610//9663 611//9662 543//530
f 539//528 609//9664 610//9663 541//529
f 537//527 608//9665 609//9664 539//528
f 535//526 607//9666 608//9665 537//527
f 533//525 606//9667 607//9666 535//526
f 531//524 605//9668 606//9667 533//525
f 529//523 604//9669 605//9668 531//524
f 527//522 603//9670 604//9669 529//523
f 525//521 521//9671 603//9670 527//522
f 561//539 620//9654 621//9301 563//540
f 565//541 622//9672 623//9673 567//542
f 567//542 623//9673 624//9674 569//543
f 569//543 624//9674 625//9675 571//544
f 571//544 625//9675 626//9676 573//545
f 573//545 626//9676 627//9677 575//546
f 575//546 627//9677 628//9678 577//547
f 577//547 628//9678 629//9679 579//548
f 579//548 629//9679 630//9680 581//549
f 581//549 630//9680 631//9681 583//550
f 583//550 631//9681 632//9682 585//551
f 585//551 632//9682 633//9683 587//552
f 587//552 633//9683 634//9684 589//553
f 589//553 634//9684 635//9685 591//554
f 591//554 635//9685 636//9686 593//555
f 593//555 636//9686 637//9687 595//556
f 595//556 637//9687 638//9688 597//557
f 597//557 638//9688 639//9689 599//558
f 599//558 639//9689 640//9690 601//559
f 601//559 640//9690 522//9327 523//520
f 523//520 522//9327 521//9671 525//521
f 859//9692 800//663 802//662 860//9693
f 858//9694 798//664 800//663 859//9692
f 857//9695 796//665 798//664 858//9694
f 856//9696 794//666 796//665 857//9695
f 855//9697 792//667 794//666 856//9696
f 854//9698 790//668 792//667 855//9697
f 853//9699 788//669 790//668 854//9698
f 852//9700 786//670 788//669 853//9699
f 851//9701 784//671 786//670 852//9700
f 850//9702 782//672 784//671 851//9701
f 849//9703 780//673 782//672 850//9702
f 848//9704 778//674 780//673 849//9703
f 847//9705 776//675 778//674 848//9704
f 846//9706 774//676 776//675 847//9705
f 845//9707 772//677 774//676 846//9706
f 844//9708 770//678 772//677 845//9707
f 843//9709 768//679 770//678 844//9708
f 761//9710 766//640 768//679 843//9709
f 762//9327 764//641 766//640 761//9710
f 860//9693 802//662 804//661 861//9301
f 861//9301 804//661 806//660 862//9691
f 862//9691 806//660 808//659 863//9711
f 863//9711 808//659 810//658 864//9712
f 864//9712 810//658 812//657 865//9713
f 865//9713 812//657 814//656 866//9714
f 866//9714 814//656 816//655 867//9715
f 867//9715 816//655 818//654 868//9716
f 868//9716 818//654 820//653 869//9717
f 869//9717 820//653 822//652 870//9718
f 870//9718 822//652 824//651 871//9719
f 871//9719 824//651 826//650 872//9720
f 872//9720 826//650 828//649 873//9721
f 873//9721 828//649 830//648 874//9722
f 874//9722 830//648 832//647 875//9723
f 875//9723 832//647 834//646 876//9724
f 876//9724 834//646 836//645 877//9725
f 877//9725 836//645 838//644 878//9726
f 878//9726 838//644 840//643 879//9727
f 879//9727 840//643 842//642 880//9728
f 880//9728 842//642 764//641 762//9327
f 1163//940 1221//9301 1222//9748 1165//941
f 1159//938 1219//9729 1220//9730 1161//939
f 1157//937 1218//9731 1219//9729 1159//938
f 1155//936 1217//9732 1218//9731 1157//937
f 1153//935 1216//9733 1217//9732 1155//936
f 1151//934 1215//9734 1216//9733 1153//935
f 1149//933 1214//9735 1215//9734 1151//934
f 1147//932 1213//9736 1214//9735 1149//933
f 1145//931 1212//9737 1213//9736 1147//932
f 1143//930 1211//9738 1212//9737 1145//931
f 1141//929 1210//9739 1211//9738 1143//930
f 1139//928 1209//9740 1210//9739 1141//929
f 1137//927 1208//9741 1209//9740 1139//928
f 1135//926 1207//9742 1208//9741 1137//927
f 1133//925 1206//9743 1207//9742 1135//926
f 1131//924 1205//9744 1206//9743 1133//925
f 1129//923 1204//9745 1205//9744 1131//924
f 1127//922 1203//9746 1204//9745 1129//923
f 1125//921 1121//9747 1203//9746 1127//922
f 1161//939 1220//9730 1221//9301 1163//940
f 1165//941 1222//9748 1223//9749 1167//942
f 1167//942 1223//9749 1224//9750 1169//943
f 1169//943 1224//9750 1225//9751 1171//944
f 1171//944 1225//9751 1226//9752 1173//945
f 1173//945 1226//9752 1227//9753 1175//946
f 1175//946 1227//9753 1228//9754 1177//947
f 1177//947 1228//9754 1229//9755 1179//948
f 1179//948 1229//9755 1230//9756 1181//949
f 1181//949 1230//9756 1231//9757 1183//950
f 1183//950 1231//9757 1232//9758 1185//951
f 1185//951 1232//9758 1233//9759 1187//952
f 1187//952 1233//9759 1234//9760 1189//953
f 1189//953 1234//9760 1235//9761 1191//954
f 1191//954 1235//9761 1236//9762 1193//955
f 1193//955 1236//9762 1237//9763 1195//956
f 1195//956 1237//9763 1238//9764 1197//957
f 1197//957 1238//9764 1239//9765 1199//958
f 1199//958 1239//9765 1240//9766 1201//959
f 1201//959 1240//9766 1122//9327 1123//920
f 1123//920 1122//9327 1121//9747 1125//921
f 1459//9768 1400//1063 1402//1062 1460//9769
f 1458//9770 1398//1064 1400//1063 1459//9768
f 1457//9771 1396//1065 1398//1064 1458//9770
f 1456//9772 1394//1066 1396//1065 1457//9771
f 1455//9773 1392//1067 1394//1066 1456//9772
f 1454//9774 1390//1068 1392//1067 1455//9773
f 1453//9775 1388//1069 1390//1068 1454//9774
f 1452//9776 1386//1070 1388//1069 1453//9775
f 1451//9777 1384//1071 1386//1070 1452//9776
f 1450//9778 1382//1072 1384//1071 1451//9777
f 1449//9779 1380//1073 1382//1072 1450//9778
f 1448//9780 1378//1074 1380//1073 1449//9779
f 1447//9781 1376//1075 1378//1074 1448//9780
f 1446//9782 1374//1076 1376//1075 1447//9781
f 1445//9783 1372//1077 1374//1076 1446//9782
f 1444//9784 1370//1078 1372//1077 1445//9783
f 1443//9785 1368//1079 1370//1078 1444//9784
f 1361//9786 1366//1040 1368//1079 1443//9785
f 1362//9327 1364//1041 1366//1040 1361//9786
f 1460//9769 1402//1062 1404//1061 1461//9301
f 1461//9301 1404//1061 1406//1060 1462//9767
f 1462//9767 1406//1060 1408//1059 1463//9787
f 1463//9787 1408//1059 1410//1058 1464//9788
f 1464//9788 1410//1058 1412//1057 1465//9789
f 1465//9789 1412//1057 1414//1056 1466//9790
f 1466//9790 1414//1056 1416//1055 1467//9791
f 1467//9791 1416//1055 1418//1054 1468//9792
f 1468//9792 1418//1054 1420//1053 1469//9793
f 1469//9793 1420//1053 1422//1052 1470//9794
f 1470//9794 1422//1052 1424//1051 1471//9795
f 1471//9795 1424//1051 1426//1050 1472//9796
f 1472//9796 1426//1050 1428//1049 1473//9797
f 1473//9797 1428//1049 1430//1048 1474//9798
f 1474//9798 1430//1048 1432//1047 1475//9799
f 1475//9799 1432//1047 1434//1046 1476//9800
f 1476//9800 1434//1046 1436//1045 1477//9801
f 1477//9801 1436//1045 1438//1044 1478//9802
f 1478//9802 1438//1044 1440//1043 1479//9803
f 1479//9803 1440//1043 1442//1042 1480//9804
f 1480//9804 1442//1042 1364//1041 1362//9327
f 1763//1340 1821//9301 1822//9824 1765//1341
f 1759//1338 1819//9805 1820//9806 1761//1339
f 1757//1337 1818//9807 1819//9805 1759//1338
f 1755//1336 1817//9808 1818//9807 1757//1337
f 1753//1335 1816//9809 1817//9808 1755//1336
f 1751//1334 1815//9810 1816//9809 1753//1335
f 1749//1333 1814//9811 1815//9810 1751//1334
f 1747//1332 1813//9812 1814//9811 1749//1333
f 1745//1331 1812//9813 1813//9812 1747//1332
f 1743//1330 1811//9814 1812//9813 1745//1331
f 1741//1329 1810//9815 1811//9814 1743//1330
f 1739//1328 1809//9816 1810//9815 1741//1329
f 1737//1327 1808//9817 1809//9816 1739//1328
f 1735//1326 1807//9818 1808//9817 1737//1327
f 1733//1325 1806//9819 1807//9818 1735//1326
f 1731//1324 1805//9820 1806//9819 1733//1325
f 1729//1323 1804//9821 1805//9820 1731//1324
f 1727//1322 1803//9822 1804//9821 1729//1323
f 1725//1321 1721//9823 1803//9822 1727//1322
f 1761//1339 1820//9806 1821//9301 1763//1340
f 1765//1341 1822//9824 1823//9825 1767//1342
f 1767//1342 1823//9825 1824//9826 1769//1343
f 1769//1343 1824//9826 1825//9827 1771//1344
f 1771//1344 1825//9827 1826//9828 1773//1345
f 1773//1345 1826//9828 1827//9829 1775//1346
f 1775//1346 1827//9829 1828//9830 1777//1347
f 1777//1347 1828//9830 1829//9831 1779//1348
f 1779//1348 1829//9831 1830//9832 1781//1349
f 1781//1349 1830//9832 1831//9833 1783//1350
f 1783//1350 1831//9833 1832//9834 1785//1351
f 1785//1351 1832//9834 1833//9835 1787//1352
f 1787//1352 1833//9835 1834//9836 1789//1353
f 1789//1353 1834//9836 1835//9837 1791//1354
f 1791//1354 1835//9837 1836//9838 1793//1355
f 1793//1355 1836//9838 1837//9839 1795//1356
f 1795//1356 1837//9839 1838//9840 1797//1357
f 1797//1357 1838//9840 1839//9841 1799//1358
f 1799//1358 1839//9841 1840//9842 1801//1359
f 1801//1359 1840//9842 1722//9327 1723//1320
f 1723//1320 1722//9327 1721//9823 1725//1321
f 2059//9844 2000//1463 2002//1462 2060//9845
f 2058//9846 1998//1464 2000//1463 2059//9844
f 2057//9847 1996//1465 1998//1464 2058//9846
f 2056//9848 1994//1466 1996//1465 2057//9847
f 2055//9849 1992//1467 1994//1466 2056//9848
f 2054//9850 1990//1468 1992//1467 2055//9849
f 2053//9851 1988//1469 1990//1468 2054//9850
f 2052//9852 1986//1470 1988//1469 2053//9851
f 2051//9853 1984//1471 1986//1470 2052//9852
f 2050//9854 1982//1472 1984//1471 2051//9853
f 2049//9855 1980//1473 1982//1472 2050//9854
f 2048//9856 1978//1474 1980//1473 2049//9855
f 2047//9857 1976//1475 1978//1474 2048//9856
f 2046//9858 1974//1476 1976//1475 2047//9857
f 2045//9859 1972//1477 1974//1476 2046//9858
f 2044//9860 1970//1478 1972//1477 2045//9859
f 2043//9861 1968//1479 1970//1478 2044//9860
f 1961//9862 1966//1440 1968//1479 2043//9861
f 1962//9327 1964//1441 1966//1440 1961//9862
f 2060//9845 2002//1462 2004//1461 2061//9301
f 2061//9301 2004//1461 2006//1460 2062//9843
f 2062//9843 2006//1460 2008//1459 2063//9863
f 2063//9863 2008//1459 2010//1458 2064//9864
f 2064//9864 2010//1458 2012//1457 2065//9865
f 2065//9865 2012//1457 2014//1456 2066//9866
f 2066//9866 2014//1456 2016//1455 2067//9867
f 2067//9867 2016//1455 2018//1454 2068//9868
f 2068//9868 2018//1454 2020//1453 2069//9869
f 2069//9869 2020//1453 2022//1452 2070//9870
f 2070//9870 2022//1452 2024//1451 2071//9871
f 2071//9871 2024//1451 2026//1450 2072//9872
f 2072//9872 2026//1450 2028//1449 2073//9873
f 2073//9873 2028//1449 2030//1448 2074//9874
f 2074//9874 2030//1448 2032//1447 2075//9875
f 2075//9875 2032//1447 2034//1446 2076//9876
f 2076//9876 2034//1446 2036//1445 2077//9877
f 2077//9877 2036//1445 2038//1444 2078//9878
f 2078//9878 2038//1444 2040//1443 2079//9879
f 2079//9879 2040//1443 2042//1442 2080//9880
f 2080//9880 2042//1442 1964//1441 1962//9327
